NUM_POSTE;NOM_USUEL;LAT;LON;ALTI;AAAAMM;RR;QRR;NBRR;RR_ME;RRAB;QRRAB;RRABDAT;NBJRR1;NBJRR5;NBJRR10;NBJRR30;NBJRR50;NBJRR100;PMERM;QPMERM;NBPMERM;PMERMINAB;QPMERMINAB;PMERMINABDAT;TX;QTX;NBTX;TX_ME;TXAB;QTXAB;TXDAT;TXMIN;QTXMIN;TXMINDAT;NBJTX0;NBJTX25;NBJTX30;NBJTX35;NBJTXI20;NBJTXI27;NBJTXS32;TN;QTN;NBTN;TN_ME;TNAB;QTNAB;TNDAT;TNMAX;QTNMAX;TNMAXDAT;NBJTN5;NBJTN10;NBJTNI10;NBJTNI15;NBJTNI20;NBJTNS20;NBJTNS25;NBJGELEE;TAMPLIM;QTAMPLIM;TAMPLIAB;QTAMPLIAB;TAMPLIABDAT;NBTAMPLI;TM;QTM;NBTM;TMM;QTMM;NBTMM;NBJTMS24;TMMIN;QTMMIN;TMMINDAT;TMMAX;QTMMAX;TMMAXDAT;UNAB;QUNAB;UNABDAT;NBUN;UXAB;QUXAB;UXABDAT;NBUX;UMM;QUMM;NBUM;TSVM;QTSVM;NBTSVM;ETP;QETP;FXIAB;QFXIAB;DXIAB;QDXIAB;FXIDAT;NBJFF10;NBJFF16;NBJFF28;NBFXI;FXI3SAB;QFXI3SAB;DXI3SAB;QDXI3SAB;FXI3SDAT;NBJFXI3S10;NBJFXI3S16;NBJFXI3S28;NBFXI3S;FXYAB;QFXYAB;DXYAB;QDXYAB;FXYABDAT;NBJFXY8;NBJFXY10;NBJFXY15;NBFXY;FFM;QFFM;NBFFM;INST;QINST;NBINST;NBSIGMA0;NBSIGMA20;NBSIGMA80;GLOT;QGLOT;NBGLOT;DIFT;QDIFT;NBDIFT;DIRT;QDIRT;NBDIRT;HNEIGEFTOT;QHNEIGEFTOT;HNEIGEFAB;QHNEIGEFAB;HNEIGEFDAT;NBHNEIGEF;NBJNEIG;NBJHNEIGEF1;NBJHNEIGEF5;NBJHNEIGEF10;NBJSOLNG;NEIGETOTM;QNEIGETOTM;NEIGETOTAB;QNEIGETOTAB;NEIGETOTABDAT;NBJNEIGETOT1;NBJNEIGETOT10;NBJNEIGETOT30;NBJGREL;NBJORAG;NBJBROU
11069001;CARCASSONNE;43.215333;2.295500;128;199501;60.0;1;31;;16.8;1;11;13;5;1;0;0;0;1024.0;1;31;1012.6;1;18;9.8;1;31;;18.5;1;25;2.7;1;4;0;0;0;0;31;31;0;2.9;1;31;;-4.0;1;5;8.6;1;30;0;0;31;31;31;0;0;8;6.9;1;13.9;1;21;31;6.3;1;31;6.0;1;31;0;-0.2;1;4;12.6;1;25;38;1;21;31;100;1;30;31;84;1;31;7.8;1;31;31.0;1;27.0;1;340;1;26;28;20;0;31;25.1;1;340;1;26;28;16;0;31;19.0;1;310;1;26;26;24;4;31;5.6;1;31;6837;1;31;5;11;6;17565;1;31;9211;1;31;;;0;;;;;;0;1;;;;0;0;1;0;1;;0;0;0;1;1;0
11069001;CARCASSONNE;43.215333;2.295500;128;199502;54.4;1;28;;15.2;1;25;8;4;2;0;0;0;1021.4;1;28;1007.0;1;26;14.0;1;28;;20.3;1;15;9.0;1;22;0;0;0;0;27;28;0;5.5;1;28;;0.3;1;28;11.6;1;25;0;0;26;28;28;0;0;0;8.4;1;15.8;1;20;28;9.8;1;28;9.3;1;28;0;5.1;1;27;15.8;1;15;25;1;19;28;100;1;24;28;82;1;28;9.2;1;28;41.1;1;26.0;1;300;1;25;24;12;0;28;24.2;1;300;1;25;23;9;0;28;18.0;1;290;1;25;20;15;4;28;4.0;1;28;8747;1;28;1;7;8;25922;1;28;13222;1;28;;;0;;;;;;0;0;;;;0;;;;;;;;;0;0;0
11069001;CARCASSONNE;43.215333;2.295500;128;199503;63.4;1;31;;20.6;1;5;8;4;2;0;0;0;1020.3;1;31;1009.7;1;5;13.8;1;31;;21.4;1;24;5.9;1;4;0;0;0;0;30;31;0;4.2;1;31;;-2.5;1;1;9.2;1;11;0;0;31;31;31;0;0;2;9.6;1;20.2;1;24;31;9.0;1;31;8.6;1;31;0;4.1;1;4;12.6;1;18;20;1;22;31;100;1;13;31;74;1;31;7.7;1;31;75.9;1;28.0;1;300;1;3;29;16;1;31;26.0;1;300;1;3;29;15;0;31;19.0;1;300;1;29;29;23;6;31;5.7;1;31;11250;1;31;2;8;11;41662;1;31;16031;1;31;;;0;;;;;;0;0;;;;0;;;;;;;;;0;0;0
11069001;CARCASSONNE;43.215333;2.295500;128;199504;43.6;1;30;;22.2;1;24;7;3;1;0;0;0;1017.5;1;30;1006.1;1;21;17.7;1;30;;24.4;1;12;8.8;1;25;0;0;0;0;22;30;0;7.4;1;30;;0.4;1;22;11.5;1;6;0;0;26;30;30;0;0;0;10.3;1;19.5;1;10;30;12.5;1;30;12.1;1;30;0;7.6;1;25;15.6;1;8;15;1;27;30;100;1;5;30;66;1;30;8.6;1;30;103.5;1;23.0;1;300;1;19;27;12;0;30;21.5;1;300;1;19;26;8;0;30;16.0;1;280;1;19;24;15;2;30;4.6;1;30;12044;1;30;2;9;9;51707;1;30;19402;1;30;;;0;;;;;;0;0;;;;0;;;;;;;;;0;0;1
11069001;CARCASSONNE;43.215333;2.295500;128;199505;80.8;1;31;;29.8;1;11;8;5;3;0;0;0;1017.0;1;31;999.6;1;12;21.3;1;31;;29.9;1;8;13.4;1;13;0;5;0;0;10;29;0;10.7;1;31;;5.1;1;14;14.8;1;10;0;0;11;31;31;0;0;0;10.6;1;20.9;1;8;31;16.0;1;31;15.6;1;31;0;9.7;1;13;20.5;1;9;16;1;5;31;94;1;28;31;65;1;31;10.5;1;31;145.4;1;25.0;1;320;1;13;29;13;0;31;23.3;1;320;1;13;29;11;0;31;18.0;1;300;1;13;29;18;3;31;5.2;1;31;15578;1;31;2;7;11;68491;1;31;25133;1;31;;;0;;;;;;0;0;;;;0;;;;;;;;;0;1;0
11069001;CARCASSONNE;43.215333;2.295500;128;199506;32.4;1;30;;9.0;1;22;7;3;0;0;0;0;1017.1;1;30;1011.7;1;27;24.7;1;30;;32.5;1;19;17.8;1;11;0;14;3;0;4;23;2;13.6;1;30;;8.1;1;6;18.9;1;22;0;0;3;20;30;0;0;0;11.1;1;19.7;1;17;30;19.2;1;30;19.0;1;30;1;14.4;1;11;24.9;1;30;17;1;26;30;99;1;21;30;56;1;30;11.8;1;30;166.2;1;18.0;1;280;1;1;29;2;0;30;16.9;1;280;1;1;26;1;0;30;11.0;1;300;1;23;22;8;0;30;4.5;1;30;13533;1;30;0;5;8;68110;1;30;27520;1;30;;;0;;;;;;0;0;;;;0;;;;;;;;;0;1;0
11069001;CARCASSONNE;43.215333;2.295500;128;199507;19.0;1;31;;10.2;1;2;2;2;1;0;0;0;1016.0;1;31;1009.8;1;2;29.9;1;31;;35.6;1;19;20.9;1;4;0;29;17;2;0;5;6;18.3;1;31;;14.5;1;7;21.6;1;21;0;0;0;4;24;7;0;0;11.7;1;19.9;1;24;31;24.1;1;31;23.7;1;31;17;17.8;1;4;26.7;1;21;8;1;24;31;95;1;22;31;62;1;31;16.8;1;31;195.7;1;18.0;1;90;1;25;30;6;0;31;16.9;1;90;1;25;29;4;0;31;12.0;1;90;1;25;26;14;0;31;4.9;1;31;17415;1;31;1;3;9;72641;1;31;25115;1;31;;;0;;;;;;0;0;;;;0;;;;;;;;;0;4;0
11069001;CARCASSONNE;43.215333;2.295500;128;199508;56.4;1;31;;47.2;1;23;5;1;1;1;0;0;1017.2;1;31;1010.3;1;4;28.9;1;31;;33.9;1;3;23.6;1;28;0;28;12;0;0;9;6;17.6;1;31;;11.7;1;31;21.2;1;4;0;0;0;3;27;5;0;0;11.3;1;17.1;1;17;31;23.3;1;31;22.7;1;31;11;17.7;1;31;27.5;1;4;14;1;17;31;100;1;24;31;62;1;31;15.9;1;31;177.6;1;22.0;1;300;1;28;26;7;0;31;20.6;1;300;1;28;26;2;0;31;15.0;1;300;1;28;24;13;1;31;5.0;1;31;15838;1;31;0;3;9;63187;1;31;24446;1;31;;;0;;;;;;0;0;;;;0;;;;;;;;;0;9;1
11069001;CARCASSONNE;43.215333;2.295500;128;199509;84.6;1;30;;28.8;1;18;11;4;3;0;0;0;1016.3;1;30;1001.6;1;7;21.9;1;30;;30.0;1;7;17.2;1;25;0;7;1;0;10;28;0;12.3;1;30;;6.9;1;26;18.2;1;7;0;0;6;26;30;0;0;0;9.6;1;16.0;1;2;30;17.1;1;30;16.7;1;30;0;13.2;1;26;24.1;1;7;18;1;7;30;98;1;28;30;70;1;30;12.2;1;30;105.4;1;21.0;1;310;1;8;28;5;0;30;19.7;1;310;1;8;25;4;0;30;14.0;1;290;1;25;19;10;0;30;4.5;1;30;11018;1;30;1;7;8;42462;1;30;17963;1;30;;;0;;;;;;0;0;;;;0;;;;;;;;;0;0;0
11069001;CARCASSONNE;43.215333;2.295500;128;199510;30.6;1;31;;19.2;1;14;6;1;1;0;0;0;1022.0;1;31;1016.8;1;4;21.3;1;31;;23.6;1;2;16.6;1;21;0;0;0;0;7;31;0;13.7;1;31;;5.0;1;22;17.7;1;3;0;0;2;20;31;0;0;0;7.7;1;14.6;1;31;31;17.5;1;31;16.9;1;31;0;11.9;1;22;20.3;1;27;47;1;21;31;99;1;8;31;84;1;31;15.4;1;31;70.7;1;19.0;1;280;1;14;27;4;0;31;17.8;1;280;1;14;23;3;0;31;13.0;1;280;1;14;23;10;0;31;4.7;1;31;10508;1;31;2;7;8;33355;1;31;14133;1;31;;;0;;;;;;0;0;;;;0;;;;;;;;;0;1;2
11069001;CARCASSONNE;43.215333;2.295500;128;199511;29.0;1;30;;12.8;1;21;5;2;1;0;0;0;1018.2;1;30;1005.7;1;11;14.9;1;30;;21.7;1;1;8.8;1;19;0;0;0;0;29;30;0;6.0;1;30;;-3.1;1;6;15.5;1;11;0;0;25;29;30;0;0;4;8.9;1;18.9;1;6;30;10.5;1;30;10.2;1;30;0;4.7;1;19;17.1;1;11;12;1;20;30;99;1;24;30;75;1;30;9.1;1;30;50.9;1;21.0;1;70;1;21;24;11;0;30;19.7;1;70;1;21;23;10;0;30;15.0;1;290;1;3;22;16;1;30;5.3;1;30;8110;1;30;1;10;8;22219;1;30;9956;1;30;;;0;;;;;;0;0;;;;0;;;;;;;;;0;0;0
11069001;CARCASSONNE;43.215333;2.295500;128;199512;73.6;1;31;;15.0;1;2;12;6;3;0;0;0;1014.8;1;31;998.3;1;26;11.4;1;31;;17.4;1;25;0.9;1;14;0;0;0;0;31;31;0;4.2;1;31;;-6.0;1;15;10.7;1;25;1;0;30;31;31;0;0;4;7.2;1;18.3;1;15;31;7.8;1;31;7.4;1;31;0;-0.1;1;14;14.1;1;25;49;1;6;31;99;1;31;31;86;1;31;9.0;1;31;25.1;1;24.0;1;290;1;26;21;7;0;31;22.4;1;290;1;26;20;7;0;31;16.0;1;280;1;27;19;9;2;31;3.9;1;31;4538;1;31;7;15;4;12941;1;31;8028;1;31;;;0;;;;;;0;1;;;;0;0;1;0;1;;0;0;0;0;0;3
11069001;CARCASSONNE;43.215333;2.295500;128;199601;106.4;1;31;;35.8;1;9;13;6;4;1;0;0;1010.1;1;31;999.6;1;6;12.7;1;31;;15.9;1;9;9.0;1;5;0;0;0;0;31;31;0;6.9;1;31;;0.1;1;4;12.1;1;23;0;0;26;31;31;0;0;0;5.9;1;11.5;1;31;31;9.8;1;31;9.5;1;31;0;4.7;1;4;13.5;1;23;46;1;26;31;99;1;31;31;86;1;31;9.9;1;31;34.9;1;23.0;1;270;1;2;27;14;0;31;21.5;1;270;1;2;26;12;0;31;14.0;1;70;1;23;26;19;0;31;5.7;1;31;5307;1;31;6;14;4;16060;1;31;9386;1;31;;;0;;;;;;0;0;;;;0;;;;;;;;;0;1;2
11069001;CARCASSONNE;43.215333;2.295500;128;199602;112.0;1;29;;17.0;1;1;14;8;6;0;0;0;1016.4;1;29;999.6;1;6;9.3;1;29;;14.9;1;25;-1.1;1;21;1;0;0;0;29;29;0;2.4;1;29;;-4.9;1;22;7.0;1;26;0;0;29;29;29;0;0;8;6.9;1;12.0;1;9;29;5.9;1;29;5.5;1;29;0;-1.8;1;21;11.0;1;26;20;1;9;29;99;1;28;29;80;1;29;7.0;1;29;43.1;1;36.0;1;280;1;8;26;15;2;29;33.0;1;280;1;8;24;11;1;29;23.0;1;290;1;8;24;21;5;29;6.4;1;29;6574;1;29;5;12;3;24030;1;29;15129;1;29;;;0;;;;;;0;7;;;;3;3;1;5;1;21;3;0;0;0;0;1
11069001;CARCASSONNE;43.215333;2.295500;128;199603;61.0;1;31;;21.4;1;15;6;5;2;0;0;0;1015.4;1;31;1000.3;1;13;13.1;1;31;;20.7;1;22;8.1;1;15;0;0;0;0;30;31;0;5.1;1;31;;-0.8;1;12;10.6;1;26;0;0;29;31;31;0;0;1;8.0;1;17.4;1;12;31;9.1;1;31;8.7;1;31;0;4.9;1;3;13.0;1;21;16;1;12;31;99;1;23;31;75;1;31;8.2;1;31;69.0;1;23.0;1;270;1;16;28;8;0;31;21.5;1;270;1;16;24;8;0;31;14.0;1;280;1;16;22;15;0;31;5.4;1;31;9791;1;31;5;12;9;38763;1;31;18006;1;31;;;0;;;;;;0;0;;;;0;;;;;;;;;0;0;1
11069001;CARCASSONNE;43.215333;2.295500;128;199604;67.4;1;30;;19.0;1;1;8;5;3;0;0;0;1016.4;1;30;1002.7;1;1;17.1;1;30;;22.5;1;13;7.8;1;3;0;0;0;0;26;30;0;7.9;1;30;;-0.7;1;5;13.4;1;22;0;0;20;30;30;0;0;2;9.2;1;15.5;1;10;30;12.5;1;30;12.2;1;30;0;4.5;1;3;15.8;1;11;30;1;12;30;99;1;29;30;72;1;30;9.7;1;30;99.7;1;23.0;1;70;1;20;27;9;0;30;21.5;1;70;1;20;26;7;0;30;16.0;1;70;1;20;25;14;4;30;5.8;1;30;12375;1;30;2;5;9;50950;1;30;23952;1;30;;;0;;;;;;0;0;;;;0;;;;;;;;;0;0;0
11069001;CARCASSONNE;43.215333;2.295500;128;199605;74.6;1;31;;20.2;1;8;10;5;2;0;0;0;1014.6;1;31;1002.4;1;1;20.5;1;31;;28.4;1;29;12.7;1;11;0;4;0;0;16;30;0;11.1;1;31;;5.5;1;3;16.1;1;26;0;0;12;30;31;0;0;0;9.4;1;16.8;1;15;31;15.8;1;31;15.3;1;31;0;11.8;1;13;20.3;1;29;19;1;29;31;99;1;2;31;72;1;31;11.8;1;31;130.4;1;25.0;1;290;1;27;28;11;0;31;23.3;1;290;1;27;23;10;0;31;16.0;1;280;1;27;24;14;3;31;5.3;1;31;14353;1;31;2;6;8;64311;1;31;24662;1;31;;;0;;;;;;0;0;;;;0;;;;;;;;;0;5;0
11069001;CARCASSONNE;43.215333;2.295500;128;199606;40.2;1;30;;20.8;1;1;4;2;2;0;0;0;1020.4;1;30;1008.1;1;21;26.2;1;30;;32.5;1;11;14.9;1;2;0;20;8;0;3;13;1;15.1;1;30;;9.8;1;2;19.5;1;12;0;0;1;14;30;0;0;0;11.1;1;18.7;1;28;30;20.6;1;30;20.4;1;30;4;12.4;1;2;24.8;1;12;18;1;28;30;98;1;15;30;66;1;30;14.5;1;30;166.6;1;21.0;1;300;1;22;27;5;0;30;19.7;1;300;1;22;24;4;0;30;14.0;1;290;1;22;23;10;0;30;5.1;1;30;15773;1;30;1;6;11;66566;1;30;24441;1;30;;;0;;;;;;0;0;;;;0;;;;;;;;;0;3;1
11069001;CARCASSONNE;43.215333;2.295500;128;199607;89.4;1;31;;67.2;1;27;6;2;2;1;1;0;1018.6;1;31;1005.8;1;7;28.4;1;31;;34.9;1;17;21.9;1;8;0;24;13;0;0;15;7;16.8;1;31;;11.4;1;9;21.9;1;24;0;0;0;9;27;4;0;0;11.6;1;16.8;1;21;31;22.6;1;31;22.2;1;31;10;16.9;1;8;27.3;1;18;20;1;20;31;99;1;5;31;64;1;31;16.0;1;31;173.3;1;22.0;1;270;1;7;27;6;0;31;20.6;1;270;1;7;24;4;0;31;14.0;1;280;1;8;19;11;0;31;4.7;1;31;15958;1;31;0;5;9;67689;1;31;26997;1;31;;;0;;;;;;0;0;;;;0;;;;;;;;;0;5;0
11069001;CARCASSONNE;43.215333;2.295500;128;199608;88.8;1;31;;43.0;1;20;9;3;3;1;0;0;1017.2;1;31;1012.0;1;10;26.3;1;31;;32.2;1;1;20.3;1;27;0;18;6;0;0;17;1;16.0;1;31;;12.5;1;28;21.7;1;20;0;0;0;11;30;1;0;0;10.3;1;17.1;1;18;31;21.1;1;31;20.6;1;31;1;17.1;1;30;24.8;1;20;20;1;18;31;96;1;12;31;71;1;31;16.2;1;31;140.5;1;22.0;1;240;1;10;25;2;0;31;20.6;1;240;1;10;21;2;0;31;13.0;1;250;1;10;20;7;0;31;4.1;1;31;14239;1;31;1;6;9;60327;1;31;23141;1;31;;;0;;;;;;0;0;;;;0;;;;;;;;;0;5;0
11069001;CARCASSONNE;43.215333;2.295500;128;199609;92.8;1;30;;51.6;1;17;7;4;2;1;1;0;1015.2;1;30;1003.1;1;21;22.4;1;30;;28.3;1;5;16.5;1;17;0;8;0;0;8;29;0;11.4;1;30;;5.8;1;16;15.5;1;6;0;0;9;29;30;0;0;0;11.0;1;19.6;1;16;30;16.9;1;30;16.5;1;30;0;13.4;1;20;21.1;1;6;12;1;8;30;97;1;30;30;67;1;30;11.4;1;30;110.3;1;21.0;1;290;1;25;26;6;0;30;19.7;1;290;1;25;22;5;0;30;14.0;1;300;1;25;19;10;0;30;4.1;1;30;13751;1;30;2;7;15;47114;1;30;15018;1;30;;;0;;;;;;0;0;;;;0;;;;;;;;;0;1;1
11069001;CARCASSONNE;43.215333;2.295500;128;199610;66.6;1;31;;45.6;1;14;7;2;1;1;0;0;1020.7;1;31;1006.2;1;14;18.1;1;31;;23.4;1;22;12.6;1;7;0;0;0;0;24;31;0;10.5;1;31;;3.9;1;31;14.7;1;14;0;0;12;31;31;0;0;0;7.6;1;15.5;1;18;31;14.3;1;31;13.8;1;31;0;10.1;1;31;18.3;1;22;38;1;20;31;97;1;18;31;79;1;31;11.7;1;31;68.7;1;21.0;1;70;1;13;26;10;0;31;19.7;1;70;1;13;25;5;0;31;13.0;1;280;1;8;25;18;0;31;5.1;1;31;8739;1;31;2;10;6;29586;1;31;13920;1;31;;;0;;;;;;0;0;;;;0;;;;;;;;;0;0;1
11069001;CARCASSONNE;43.215333;2.295500;128;199611;196.6;1;30;;48.2;1;30;15;11;6;3;0;0;1017.3;1;30;995.2;1;11;13.1;1;30;;22.7;1;11;5.2;1;16;0;0;0;0;28;30;0;6.4;1;30;;0.6;1;19;12.4;1;2;0;0;25;30;30;0;0;0;6.7;1;14.8;1;7;30;9.7;1;30;9.3;1;30;0;3.0;1;16;17.0;1;11;32;1;11;30;97;1;25;30;82;1;30;9.4;1;30;41.2;1;27.0;1;270;1;28;24;12;0;30;25.1;1;270;1;28;22;12;0;30;19.0;1;290;1;28;19;17;3;30;5.1;1;30;5056;1;30;8;17;3;17311;1;30;9564;1;30;;;0;;;;;;0;1;;;;0;;;;;;;;;0;0;1
11069001;CARCASSONNE;43.215333;2.295500;128;199612;173.4;1;31;;37.2;1;8;10;9;6;2;0;0;1011.4;1;31;997.2;1;24;10.0;1;31;;16.4;1;4;-2.1;1;30;2;0;0;0;31;31;0;5.5;1;31;;-6.9;1;29;12.6;1;22;3;0;26;31;31;0;0;6;4.5;1;10.1;1;4;31;7.7;1;31;7.6;1;31;0;-3.6;1;30;13.5;1;22;49;1;27;31;98;1;14;31;88;1;31;9.4;1;31;25.9;1;20.0;1;290;1;26;26;10;0;31;18.7;1;290;1;26;25;7;0;31;15.0;1;280;1;26;24;13;1;31;4.8;1;31;4355;1;31;8;17;4;11733;1;31;6951;1;31;;;0;;;;;;0;1;;;;1;1;1;1;1;31;1;0;0;0;3;2
11069001;CARCASSONNE;43.215333;2.295500;128;199701;79.2;1;31;;19.6;1;3;13;4;4;0;0;0;1018.9;1;31;996.4;1;3;9.6;1;31;;14.7;1;22;1.7;1;4;0;0;0;0;31;31;0;4.5;1;31;;-3.1;1;1;12.1;1;22;0;0;26;31;31;0;0;2;5.1;1;10.4;1;31;31;7.1;1;31;6.7;1;31;0;-0.2;1;1;13.4;1;22;37;1;12;31;97;1;27;31;86;1;31;8.6;1;31;27.0;1;21.0;1;80;1;21;25;10;0;31;19.7;1;80;1;21;23;8;0;31;14.0;1;80;1;21;21;12;0;31;4.9;1;31;4339;1;31;12;19;3;13633;1;31;8267;1;31;;;0;;;;;;0;3;;;;3;1;1;2;1;4;3;0;0;0;0;1
11069001;CARCASSONNE;43.215333;2.295500;128;199702;28.0;1;28;;11.0;1;14;5;2;1;0;0;0;1028.1;1;28;1015.2;1;14;14.3;1;28;;18.2;1;6;9.6;1;3;0;0;0;0;28;28;0;5.7;1;28;;-1.0;1;10;10.6;1;12;0;0;27;28;28;0;0;2;8.6;1;15.8;1;28;28;10.0;1;28;9.4;1;28;0;4.6;1;10;13.6;1;12;18;1;28;28;97;1;24;28;79;1;28;8.7;1;28;51.5;1;28.0;1;280;1;15;23;6;1;28;26.0;1;280;1;15;21;6;0;28;19.0;1;290;1;15;19;11;3;28;4.6;1;28;8339;1;28;2;7;8;25739;1;28;11125;1;28;;;0;;;;;;0;0;;;;0;;;;;;;;;0;0;2
11069001;CARCASSONNE;43.215333;2.295500;128;199703;13.6;1;31;;11.6;1;24;2;1;1;0;0;0;1025.7;1;31;1014.3;1;24;18.8;1;31;;24.6;1;17;13.3;1;24;0;0;0;0;19;31;0;6.7;1;31;;2.0;1;31;11.0;1;18;0;0;28;31;31;0;0;0;12.1;1;21.5;1;11;31;12.8;1;31;12.3;1;31;0;9.6;1;29;16.9;1;18;13;1;11;31;97;1;2;31;63;1;31;8.2;1;31;105.9;1;25.0;1;290;1;19;27;6;0;31;23.3;1;290;1;19;21;5;0;31;16.0;1;280;1;19;23;10;1;31;5.0;1;31;16580;1;31;0;3;20;50458;1;31;16645;1;31;;;0;;;;;;0;0;;;;0;;;;;;;;;0;0;1
11069001;CARCASSONNE;43.215333;2.295500;128;199704;22.8;1;30;;7.2;1;26;4;2;0;0;0;0;1018.8;1;30;1005.1;1;20;19.7;1;30;;25.1;1;11;10.8;1;19;0;1;0;0;16;30;0;7.4;1;30;;2.4;1;1;12.8;1;29;0;0;22;30;30;0;0;0;12.3;1;19.8;1;1;30;13.6;1;30;13.4;1;30;0;10.1;1;19;17.1;1;26;11;1;16;30;96;1;28;30;58;1;30;8.0;1;30;134.8;1;22.0;1;80;1;7;27;14;0;30;20.6;1;80;1;7;26;12;0;30;17.0;1;80;1;7;25;18;3;30;5.9;1;30;16626;1;30;2;3;17;61985;1;30;17382;1;30;;;0;;;;;;0;0;;;;0;;;;;;;;;0;0;1
11069001;CARCASSONNE;43.215333;2.295500;128;199705;73.6;1;31;;17.8;1;17;9;5;3;0;0;0;1015.2;1;31;1003.7;1;5;21.9;1;31;;31.6;1;28;14.5;1;8;0;6;2;0;10;27;0;12.5;1;31;;4.2;1;8;17.4;1;28;0;0;6;23;31;0;0;0;9.5;1;16.6;1;1;31;17.2;1;31;16.8;1;31;1;9.4;1;8;24.5;1;28;23;1;1;31;96;1;18;31;70;1;31;12.6;1;31;136.3;1;26.0;1;280;1;6;29;12;0;31;24.2;1;280;1;6;25;9;0;31;18.0;1;290;1;6;25;18;1;31;5.4;1;31;12294;1;31;0;8;4;61406;1;31;27640;1;31;;;0;;;;;;0;0;;;;0;;;;;;;;;0;2;1
11069001;CARCASSONNE;43.215333;2.295500;128;199706;63.0;1;30;;14.8;1;5;7;5;2;0;0;0;1012.8;1;30;1005.4;1;1;23.9;1;30;;29.5;1;12;17.7;1;1;0;10;0;0;4;24;0;14.6;1;30;;8.8;1;28;20.3;1;13;0;0;2;14;29;1;0;0;9.3;1;15.9;1;25;30;19.3;1;30;19.0;1;30;1;13.4;1;28;24.1;1;13;19;1;15;30;96;1;8;30;70;1;30;14.5;1;30;134.7;1;19.0;1;80;1;4;26;7;0;30;17.8;1;80;1;4;23;3;0;30;13.0;1;80;1;10;22;11;0;30;4.5;1;30;9832;1;30;2;9;2;56865;1;30;28510;1;30;;;0;;;;;;0;0;;;;0;;;;;;;;;0;0;0
11069001;CARCASSONNE;43.215333;2.295500;128;199707;26.2;1;31;;11.2;1;10;7;1;1;0;0;0;1018.9;1;31;1011.6;1;2;27.5;1;31;;33.4;1;29;21.0;1;17;0;23;8;0;0;14;3;16.5;1;31;;13.0;1;19;20.9;1;30;0;0;0;11;29;2;0;0;11.1;1;16.1;1;8;31;22.0;1;31;21.5;1;31;6;17.3;1;5;26.7;1;29;18;1;13;31;93;1;17;31;65;1;31;15.2;1;31;176.6;1;25.0;1;270;1;17;29;8;0;31;23.3;1;270;1;17;25;6;0;31;13.0;1;290;1;25;22;13;0;31;5.0;1;31;15997;1;31;1;3;11;68336;1;31;26079;1;31;;;0;;;;;;0;0;;;;0;;;;;;;;;0;4;0
11069001;CARCASSONNE;43.215333;2.295500;128;199708;110.8;1;31;;31.8;1;5;6;5;4;2;0;0;1016.6;1;31;1008.0;1;27;29.2;1;31;;33.9;1;14;21.7;1;11;0;28;12;0;0;6;5;18.8;1;31;;12.6;1;30;23.0;1;16;0;0;0;3;22;9;0;0;10.4;1;17.0;1;30;31;24.0;1;31;23.4;1;31;17;18.3;1;29;26.8;1;14;24;1;1;31;96;1;6;31;71;1;31;19.0;1;31;156.7;1;19.0;1;280;1;28;21;5;0;31;17.8;1;280;1;28;18;4;0;31;13.0;1;290;1;28;16;7;0;31;4.0;1;31;16368;1;31;0;3;13;63291;1;31;21236;1;31;;;0;;;;;;0;0;;;;0;;;;;;;;;0;5;0
11069001;CARCASSONNE;43.215333;2.295500;128;199709;9.0;1;30;;8.0;1;1;1;1;0;0;0;0;1020.2;1;30;1013.4;1;12;26.5;1;30;;29.4;1;19;21.5;1;13;0;25;0;0;0;18;0;14.4;1;30;;8.2;1;19;19.4;1;12;0;0;2;18;30;0;0;0;12.0;1;21.2;1;19;30;20.4;1;30;19.9;1;30;0;16.4;1;14;23.6;1;7;23;1;19;30;97;1;30;30;71;1;30;14.8;1;30;125.7;1;22.0;1;290;1;1;23;2;0;30;20.6;1;290;1;1;19;2;0;30;16.0;1;280;1;1;18;5;1;30;4.1;1;30;16450;1;30;1;2;15;53830;1;30;13625;1;30;;;0;;;;;;0;0;;;;0;;;;;;;;;0;1;3
11069001;CARCASSONNE;43.215333;2.295500;128;199710;43.4;1;31;;20.4;1;10;5;3;1;0;0;0;1017.2;1;31;1008.6;1;6;21.4;1;31;;30.7;1;1;11.6;1;30;0;9;2;0;17;24;0;12.1;1;31;;2.8;1;27;19.7;1;6;0;0;10;21;31;0;0;0;9.2;1;17.9;1;1;31;16.7;1;31;16.1;1;31;0;7.5;1;30;22.6;1;9;21;1;4;31;98;1;7;31;76;1;31;13.4;1;31;81.7;1;25.0;1;270;1;12;22;9;0;31;23.3;1;270;1;12;21;8;0;31;17.0;1;280;1;12;20;14;1;31;5.0;1;31;9987;1;31;3;8;8;33144;1;31;15149;1;31;;;0;;;;;;0;0;;;;0;;;;;;;;;0;2;5
11069001;CARCASSONNE;43.215333;2.295500;128;199711;64.4;1;30;;28.0;1;26;9;4;1;0;0;0;1010.4;1;30;989.6;1;6;15.3;1;30;;24.1;1;6;10.5;1;12;0;0;0;0;28;30;0;7.0;1;30;;-0.7;1;1;14.7;1;4;0;0;21;30;30;0;0;1;8.3;1;14.5;1;1;30;11.2;1;30;10.7;1;30;0;6.6;1;1;18.4;1;6;41;1;6;30;99;1;29;30;83;1;30;10.3;1;30;39.7;1;18.0;1;290;1;30;21;7;0;30;16.9;1;290;1;30;20;4;0;30;13.0;1;280;1;30;19;13;0;30;4.1;1;30;6691;1;30;4;12;3;19315;1;30;9763;1;30;;;0;;;;;;0;0;;;;0;;;;;;;;;0;0;0
11069001;CARCASSONNE;43.215333;2.295500;128;199712;50.2;1;31;;7.2;1;22;12;4;0;0;0;0;1016.8;1;31;999.9;1;18;11.2;1;31;;18.8;1;11;1.9;1;6;0;0;0;0;31;31;0;4.6;1;31;;-2.4;1;7;12.6;1;18;0;0;30;31;31;0;0;7;6.6;1;13.8;1;8;31;7.9;1;31;7.5;1;31;0;0.3;1;6;14.3;1;11;45;1;8;31;99;1;20;31;86;1;31;8.9;1;31;29.2;1;24.0;1;80;1;16;24;10;0;31;22.4;1;80;1;16;24;7;0;31;16.0;1;80;1;16;22;13;2;31;5.0;1;31;6107;1;31;4;11;2;15019;1;31;8034;1;31;;;0;;;;;;0;1;;;;0;;;;;;;;;0;0;2
11069001;CARCASSONNE;43.215333;2.295500;128;199801;37.8;1;31;;9.0;1;16;7;4;0;0;0;0;1021.2;1;31;1009.9;1;31;11.1;1;31;;18.9;1;3;4.4;1;25;0;0;0;0;31;31;0;4.5;1;31;;-5.1;1;23;12.2;1;12;1;0;27;31;31;0;0;3;6.6;1;14.9;1;7;31;7.8;1;31;7.3;1;31;0;0.9;1;23;14.4;1;13;40;1;24;31;98;1;19;31;81;1;31;8.2;1;31;35.8;1;29.0;1;280;1;16;25;12;1;31;26.9;1;280;1;16;22;9;0;31;16.0;1;290;1;21;22;14;4;31;5.4;1;31;6871;1;31;9;14;10;16982;1;31;7941;1;31;;;0;;;;;;0;0;;;;0;;;;;;;;;0;1;0
11069001;CARCASSONNE;43.215333;2.295500;128;199802;36.6;1;28;;18.4;1;3;5;3;1;0;0;0;1027.1;1;28;1005.0;1;3;13.7;1;28;;23.6;1;15;7.3;1;23;0;0;0;0;27;28;0;4.5;1;28;;-2.3;1;7;10.7;1;21;0;0;27;28;28;0;0;3;9.2;1;23.0;1;15;28;9.1;1;28;8.6;1;28;0;4.8;1;7;12.2;1;17;20;1;15;28;99;1;20;28;80;1;28;8.4;1;28;46.1;1;25.0;1;290;1;22;23;7;0;28;23.3;1;290;1;22;22;4;0;28;16.0;1;280;1;23;21;14;2;28;4.9;1;28;9979;1;28;5;8;12;27193;1;28;9494;1;28;;;0;;;;;;0;0;;;;0;;;;;;;;;0;0;1
11069001;CARCASSONNE;43.215333;2.295500;128;199803;39.8;1;31;;19.0;1;11;6;3;1;0;0;0;1024.6;1;31;1012.1;1;29;15.4;1;31;;23.1;1;27;9.2;1;12;0;0;0;0;28;31;0;6.0;1;31;;0.3;1;3;11.3;1;29;0;0;26;31;31;0;0;0;9.4;1;19.7;1;6;31;10.7;1;31;10.4;1;31;0;6.5;1;13;14.2;1;27;15;1;26;31;98;1;11;31;71;1;31;8.4;1;31;83.6;1;27.0;1;300;1;8;29;12;0;31;25.1;1;300;1;8;27;7;0;31;17.0;1;290;1;8;27;24;3;31;5.9;1;31;11490;1;31;3;9;11;41394;1;31;18173;1;31;;;0;;;;;;0;0;;;;0;;;;;;;;;0;0;0
11069001;CARCASSONNE;43.215333;2.295500;128;199804;89.2;1;30;;26.0;1;26;15;5;3;0;0;0;1010.5;1;30;998.8;1;10;16.5;1;30;;26.6;1;25;9.4;1;13;0;1;0;0;27;30;0;6.7;1;30;;-0.7;1;14;11.5;1;24;0;0;24;30;30;0;0;1;9.8;1;16.4;1;25;30;11.6;1;30;10.9;1;30;0;5.8;1;13;18.4;1;25;35;1;25;30;98;1;3;30;77;1;30;9.5;1;30;93.1;1;24.0;1;270;1;17;28;16;0;30;22.4;1;270;1;17;27;14;0;30;16.0;1;280;1;17;27;20;4;30;5.3;1;30;11248;1;30;1;6;4;52099;1;30;25050;1;30;;;0;;;;;;0;0;;;;0;;;;;;;;;0;3;1
11069001;CARCASSONNE;43.215333;2.295500;128;199805;21.0;1;31;;8.8;1;30;6;1;0;0;0;0;1015.7;1;31;1009.0;1;27;22.2;1;31;;28.7;1;14;11.6;1;4;0;9;0;0;8;29;0;12.1;1;31;;6.3;1;7;15.7;1;15;0;0;7;28;31;0;0;0;10.1;1;16.5;1;14;31;17.2;1;31;16.8;1;31;0;10.7;1;4;20.5;1;14;29;1;14;31;98;1;20;31;69;1;31;12.1;1;31;148.0;1;22.0;1;60;1;8;29;10;0;31;20.6;1;60;1;8;26;7;0;31;15.0;1;80;1;10;25;16;2;31;5.6;1;31;14689;1;31;3;5;10;66449;1;31;25417;1;31;;;0;;;;;;0;0;;;;0;;;;;;;;;0;1;1
11069001;CARCASSONNE;43.215333;2.295500;128;199806;31.0;1;30;;17.8;1;6;3;2;1;0;0;0;1019.0;1;30;1012.4;1;5;25.3;1;30;;31.8;1;19;17.4;1;11;0;19;6;0;5;22;0;14.9;1;30;;8.6;1;13;19.4;1;5;0;0;2;15;30;0;0;0;10.4;1;20.6;1;18;30;20.1;1;30;19.8;1;30;1;14.0;1;11;24.3;1;29;18;1;18;30;98;1;7;30;67;1;30;14.8;1;30;158.2;1;22.0;1;300;1;29;27;8;0;30;20.6;1;300;1;29;25;7;0;30;16.0;1;300;1;29;23;10;1;30;5.1;1;30;14516;1;30;2;7;9;69216;1;30;27028;1;30;;;0;;;;;;0;0;;;;0;;;;;;;;;0;3;0
11069001;CARCASSONNE;43.215333;2.295500;128;199807;36.8;1;31;;20.4;1;1;5;2;1;0;0;0;1017.3;1;31;1008.4;1;1;27.8;1;31;;34.5;1;23;20.6;1;7;0;24;6;0;0;12;4;16.8;1;31;;11.6;1;16;20.6;1;24;0;0;0;4;29;2;0;0;11.0;1;18.7;1;6;31;22.3;1;31;22.0;1;31;5;18.6;1;7;25.8;1;23;13;1;22;31;98;1;2;31;65;1;31;15.8;1;31;183.5;1;23.0;1;90;1;20;29;8;0;31;21.5;1;90;1;20;28;4;0;31;16.0;1;80;1;20;25;10;1;31;5.1;1;31;17858;1;31;1;6;13;73984;1;31;22114;1;31;;;0;;;;;;0;0;;;;0;;;;;;;;;0;5;0
11069001;CARCASSONNE;43.215333;2.295500;128;199808;28.8;1;31;;19.0;1;1;4;1;1;0;0;0;1018.8;1;31;1013.3;1;27;28.8;1;31;;36.4;1;11;18.0;1;1;0;26;13;2;1;10;7;16.8;1;31;;10.6;1;30;20.0;1;12;0;0;0;8;31;2;0;0;12.0;1;19.7;1;7;31;22.8;1;31;22.4;1;31;11;16.4;1;1;26.9;1;11;15;1;7;31;99;1;10;31;64;1;31;15.9;1;31;169.7;1;18.0;1;280;1;28;27;7;0;31;16.9;1;280;1;28;23;6;0;31;11.0;1;290;1;28;21;8;0;31;4.8;1;31;16229;1;31;0;4;12;63073;1;31;19590;1;31;;;0;;;;;;0;0;;;;0;;;;;;;;;0;2;1
11069001;CARCASSONNE;43.215333;2.295500;128;199809;59.6;1;30;;12.2;1;25;11;4;2;0;0;0;1013.9;1;30;1002.7;1;26;23.3;1;30;;28.6;1;6;17.9;1;14;0;8;0;0;4;28;0;14.4;1;30;;9.7;1;19;19.4;1;1;0;0;2;18;30;0;0;0;8.9;1;15.8;1;19;30;18.8;1;30;18.2;1;30;0;14.5;1;14;22.5;1;1;33;1;20;30;99;1;1;30;77;1;30;15.2;1;30;102.7;1;23.0;1;290;1;4;29;12;0;30;21.5;1;290;1;4;28;8;0;30;14.0;1;310;1;4;25;17;0;30;5.0;1;30;10792;1;30;3;9;8;43331;1;30;17101;1;30;;;0;;;;;;0;0;;;;0;;;;;;;;;0;5;0
11069001;CARCASSONNE;43.215333;2.295500;128;199810;65.4;1;31;;12.2;1;8;11;7;2;0;0;0;1019.7;1;31;1004.7;1;5;18.3;1;31;;21.9;1;15;12.9;1;8;0;0;0;0;25;31;0;10.5;1;31;;3.9;1;21;15.8;1;17;0;0;12;30;31;0;0;0;7.8;1;14.3;1;28;31;14.4;1;31;13.7;1;31;0;10.9;1;21;18.6;1;17;45;1;20;31;98;1;16;31;81;1;31;12.2;1;31;61.7;1;20.0;1;300;1;29;22;6;0;31;18.7;1;300;1;29;21;5;0;31;12.0;1;310;1;29;18;8;0;31;3.9;1;31;9668;1;31;4;8;8;32639;1;31;13677;1;31;;;0;;;;;;0;0;;;;0;;;;;;;;;0;0;0
11069001;CARCASSONNE;43.215333;2.295500;128;199811;88.6;1;30;;20.6;1;27;14;6;2;0;0;0;1021.0;1;30;1006.7;1;3;11.6;1;30;;20.9;1;9;4.6;1;22;0;0;0;0;29;30;0;4.1;1;30;;-6.8;1;22;12.0;1;3;1;0;28;30;30;0;0;6;7.5;1;18.1;1;9;30;7.9;1;30;7.5;1;30;0;-1.1;1;22;15.3;1;2;23;1;21;30;98;1;28;30;82;1;30;8.4;1;30;34.8;1;20.0;1;320;1;29;25;8;0;30;18.7;1;300;1;28;25;6;0;30;13.0;1;290;1;14;22;10;0;30;4.5;1;30;7894;1;30;4;12;10;20733;1;30;8769;1;30;;;0;;;;;;0;0;;;;0;;;;;;;;;0;0;2
11069001;CARCASSONNE;43.215333;2.295500;128;199812;49.2;1;31;;20.4;1;20;7;3;2;0;0;0;1023.4;1;31;1005.0;1;31;10.1;1;31;;15.8;1;12;3.9;1;3;0;0;0;0;31;31;0;2.9;1;31;;-3.0;1;23;10.5;1;30;0;0;30;31;31;0;0;5;7.2;1;12.8;1;14;31;6.5;1;31;6.1;1;31;0;1.9;1;22;12.9;1;13;37;1;25;31;99;1;17;31;85;1;31;8.0;1;31;25.8;1;25.0;1;300;1;20;22;6;0;31;23.3;1;300;1;20;18;5;0;31;16.0;1;290;1;20;14;7;3;31;4.5;1;31;6356;1;31;7;15;6;15363;1;31;8211;1;31;;;0;;;;;;0;1;;;;0;;;;;;;;;0;0;3
11069001;CARCASSONNE;43.215333;2.295500;128;199901;70.2;1;31;;11.8;1;10;12;7;2;0;0;0;1020.5;1;31;1003.2;1;10;11.2;1;31;;17.9;1;4;2.6;1;31;0;0;0;0;31;31;0;4.6;1;31;;-3.2;1;31;10.1;1;7;0;0;30;31;31;0;0;2;6.6;1;15.2;1;25;31;7.9;1;31;7.5;1;31;0;-0.3;1;31;13.3;1;7;33;1;30;31;98;1;24;31;83;1;31;8.4;1;31;33.7;1;26.0;1;290;1;28;24;10;0;31;24.2;1;290;1;28;24;7;0;31;16.0;1;300;1;29;20;11;3;31;5.0;1;31;6310;1;31;5;14;6;17001;1;31;8529;1;31;;;0;;;;;;0;1;;;;0;;;;;;;;;0;0;2
11069001;CARCASSONNE;43.215333;2.295500;128;199902;25.0;1;28;;4.4;1;23;6;0;0;0;0;0;1023.3;1;28;1003.7;1;9;9.6;1;28;;16.8;1;21;2.9;1;1;0;0;0;0;28;28;0;3.6;1;28;;-4.8;1;14;10.3;1;21;0;0;27;28;28;0;0;8;6.0;1;12.1;1;25;28;6.6;1;28;6.2;1;28;0;-0.8;1;14;13.6;1;21;34;1;13;28;97;1;26;28;78;1;28;7.5;1;28;44.2;1;28.0;1;300;1;22;27;18;1;28;26.0;1;300;1;22;27;16;0;28;15.0;1;290;1;22;27;22;1;28;7.1;1;28;4702;1;28;5;20;5;19262;1;28;11082;1;28;;;0;;;;;;0;2;;;;0;;;;;;;;;0;0;1
11069001;CARCASSONNE;43.215333;2.295500;128;199903;36.2;1;31;;10.6;1;3;8;3;1;0;0;0;1014.7;1;31;999.7;1;4;14.5;1;31;;20.6;1;15;8.6;1;7;0;0;0;0;29;31;0;6.1;1;31;;1.5;1;7;11.2;1;12;0;0;25;31;31;0;0;0;8.4;1;17.5;1;30;31;10.3;1;31;9.9;1;31;0;5.1;1;7;13.6;1;25;20;1;30;31;96;1;3;31;75;1;31;8.6;1;31;75.3;1;25.0;1;290;1;28;27;14;0;31;23.3;1;290;1;28;27;12;0;31;16.0;1;90;1;24;27;22;1;31;5.8;1;31;9608;1;31;2;9;6;38320;1;31;18609;1;31;;;0;;;;;;0;0;;;;0;;;;;;;;;1;0;0
11069001;CARCASSONNE;43.215333;2.295500;128;199904;86.0;1;30;;17.6;1;25;15;6;2;0;0;0;1016.8;1;30;1006.9;1;16;17.5;1;30;;26.1;1;6;9.0;1;15;0;2;0;0;24;30;0;8.4;1;30;;2.4;1;16;13.1;1;29;0;0;21;30;30;0;0;0;9.1;1;17.3;1;6;30;12.9;1;30;12.3;1;30;0;6.1;1;15;17.5;1;6;14;1;16;30;96;1;26;30;74;1;30;9.8;1;30;97.9;1;26.0;1;290;1;17;28;12;0;30;24.2;1;290;1;17;27;11;0;30;15.0;1;290;1;17;26;16;2;30;5.1;1;30;10225;1;30;0;8;5;48471;1;30;22554;1;30;;;0;;;;;;0;0;;;;0;;;;;;;;;0;2;0
11069001;CARCASSONNE;43.215333;2.295500;128;199905;100.0;1;31;;31.0;1;17;10;5;4;1;0;0;1015.6;1;31;1006.3;1;17;21.3;1;31;;27.3;1;12;14.3;1;21;0;5;0;0;10;29;0;13.2;1;31;;9.8;1;18;17.3;1;30;0;0;1;25;31;0;0;0;8.1;1;15.6;1;12;31;17.3;1;31;16.8;1;31;0;12.6;1;21;22.0;1;13;35;1;16;31;98;1;9;31;80;1;31;14.4;1;31;113.5;1;26.0;1;80;1;28;29;10;0;31;24.2;1;80;1;28;25;8;0;31;14.0;1;90;1;28;20;14;0;31;5.0;1;31;10780;1;31;4;11;5;53898;1;31;25481;1;31;;;0;;;;;;0;0;;;;0;;;;;;;;;0;0;3
11069001;CARCASSONNE;43.215333;2.295500;128;199906;15.6;1;30;;3.4;1;27;5;0;0;0;0;0;1018.9;1;30;1012.0;1;27;25.5;1;30;;31.2;1;29;19.7;1;7;0;18;2;0;1;21;0;14.3;1;30;;10.2;1;23;18.2;1;30;0;0;0;17;30;0;0;0;11.1;1;19.8;1;23;30;19.9;1;30;19.5;1;30;0;15.7;1;7;22.8;1;29;16;1;23;30;93;1;27;30;65;1;30;13.6;1;30;160.9;1;20.0;1;300;1;21;28;6;0;30;18.7;1;300;1;21;25;4;0;30;14.0;1;310;1;21;17;10;0;30;4.5;1;30;14124;1;30;0;2;6;68140;1;30;26529;1;30;;;0;;;;;;0;0;;;;0;;;;;;;;;0;3;0
11069001;CARCASSONNE;43.215333;2.295500;128;199907;35.0;1;31;;13.2;1;29;7;2;2;0;0;0;1015.8;1;31;1009.8;1;4;28.8;1;31;;34.7;1;1;23.0;1;19;0;28;11;0;0;8;3;17.6;1;31;;14.1;1;1;22.0;1;21;0;0;0;4;28;3;0;0;11.2;1;20.6;1;1;31;23.2;1;31;22.8;1;31;7;20.7;1;19;26.7;1;2;13;1;24;31;96;1;30;31;64;1;31;16.4;1;31;186.4;1;25.0;1;280;1;5;28;10;0;31;23.3;1;280;1;5;26;4;0;31;15.0;1;300;1;5;24;10;1;31;4.5;1;31;16880;1;31;1;3;7;74300;1;31;25889;1;31;;;0;;;;;;0;0;;;;0;;;;;;;;;0;3;0
11069001;CARCASSONNE;43.215333;2.295500;128;199908;96.6;1;31;;36.6;1;2;6;5;3;1;0;0;1013.8;1;31;1002.8;1;8;28.2;1;31;;32.6;1;22;24.5;1;11;0;30;6;0;0;11;1;17.8;1;31;;14.3;1;14;22.8;1;25;0;0;0;3;25;6;0;0;10.4;1;16.8;1;22;31;23.0;1;31;22.6;1;31;6;20.8;1;11;26.3;1;28;28;1;31;31;97;1;7;31;72;1;31;18.6;1;31;144.9;1;22.0;1;280;1;6;21;6;0;31;20.6;1;280;1;6;18;3;0;31;12.0;1;90;1;24;13;6;0;31;3.8;1;31;14827;1;31;0;3;10;62005;1;31;23345;1;31;;;0;;;;;;0;0;;;;0;;;;;;;;;0;6;1
11069001;CARCASSONNE;43.215333;2.295500;128;199909;22.4;1;30;;9.6;1;14;5;2;0;0;0;0;1013.1;1;30;994.4;1;19;26.0;1;30;;33.6;1;2;21.0;1;14;0;16;3;0;0;20;1;15.0;1;30;;9.2;1;21;19.5;1;11;0;0;3;14;30;0;0;0;11.0;1;19.2;1;2;30;20.5;1;30;20.0;1;30;1;16.5;1;21;24.1;1;11;21;1;2;30;95;1;30;30;73;1;30;15.8;1;30;111.6;1;25.0;1;260;1;30;24;3;0;30;23.2;1;260;1;30;21;1;0;30;13.0;1;280;1;30;17;9;0;30;3.7;1;30;13017;1;30;0;6;7;48315;1;30;17360;1;30;;;0;;;;;;0;0;;;;0;;;;;;;;;0;1;0
11069001;CARCASSONNE;43.215333;2.295500;128;199910;41.6;1;31;;29.6;1;17;6;1;1;0;0;0;1016.5;1;31;996.0;1;24;20.3;1;31;;24.1;1;15;15.7;1;3;0;0;0;0;12;31;0;11.0;1;31;;2.8;1;6;16.7;1;30;0;0;11;28;31;0;0;0;9.3;1;20.1;1;11;31;15.7;1;31;15.1;1;31;0;11.5;1;6;19.6;1;15;20;1;6;31;98;1;23;31;78;1;31;12.6;1;31;65.2;1;20.0;1;330;1;4;24;3;0;31;18.7;1;330;1;4;22;1;0;31;12.0;1;300;1;4;17;5;0;31;3.4;1;31;9846;1;31;5;12;9;31853;1;31;12896;1;31;;;0;;;;;;0;0;;;;0;;;;;;;;;0;0;3
11069001;CARCASSONNE;43.215333;2.295500;128;199911;269.4;1;30;;168.6;1;12;12;3;2;2;2;1;1022.0;1;30;1008.3;1;14;11.2;1;30;;20.0;1;1;2.0;1;21;0;0;0;0;30;30;0;4.7;1;30;;-0.2;1;21;15.2;1;2;0;0;29;29;30;0;0;1;6.5;1;14.3;1;5;30;7.9;1;30;7.7;1;30;0;0.9;1;21;17.4;1;2;43;1;4;30;98;1;13;30;83;1;30;8.6;1;30;37.2;1;25.0;1;80;1;12;29;11;0;30;23.2;1;80;1;12;26;8;0;30;16.0;1;90;1;12;23;12;2;30;5.4;1;30;5448;1;30;6;14;4;17243;1;30;9249;1;30;;;0;;;;;;0;2;;;;0;0;1;0;1;;0;0;0;0;2;3
11069001;CARCASSONNE;43.215333;2.295500;128;199912;71.4;1;31;;21.4;1;26;12;6;1;0;0;0;1021.1;1;31;1004.2;1;27;9.9;1;31;;16.6;1;26;3.8;1;16;0;0;0;0;31;31;0;2.9;1;31;;-3.2;1;21;9.3;1;27;0;0;31;31;31;0;0;4;6.9;1;12.6;1;8;31;6.4;1;31;6.3;1;31;0;2.0;1;17;11.5;1;26;38;1;6;31;97;1;14;31;82;1;31;7.5;1;31;30.1;1;39.0;1;310;1;28;27;11;2;31;35.7;1;310;1;28;26;8;1;31;24.0;1;290;1;28;21;12;3;31;4.5;1;31;6034;1;31;10;13;5;14736;1;31;7788;1;31;;;0;;;;;;0;1;;;;0;;;;;;;;;0;0;1
11069001;CARCASSONNE;43.215333;2.295500;128;200001;32.8;1;31;;11.4;1;15;3;3;2;0;0;0;1027.0;1;31;1015.3;1;14;8.7;1;31;;15.9;1;31;3.8;1;21;0;0;0;0;31;31;0;2.7;1;31;;-4.5;1;13;9.7;1;30;0;0;31;31;31;0;0;5;6.0;1;12.3;1;29;31;5.7;1;31;5.2;1;31;0;0.8;1;25;11.9;1;30;36;1;28;31;97;1;16;31;83;1;31;7.3;1;31;29.6;1;21.0;1;300;1;30;21;7;0;31;19.6;1;300;1;30;18;5;0;31;14.0;1;300;1;30;18;10;0;31;4.5;1;31;6127;1;31;7;10;2;16698;1;31;9256;1;31;;;0;;;;;;0;3;;;;0;;;;;;;;;0;0;2
11069001;CARCASSONNE;43.215333;2.295500;128;200002;57.8;1;29;;15.0;1;16;10;3;2;0;0;0;1027.6;1;29;1018.6;1;17;13.2;1;29;;21.6;1;26;8.5;1;12;0;0;0;0;28;29;0;5.3;1;29;;-1.5;1;21;10.6;1;15;0;0;28;29;29;0;0;3;7.9;1;18.0;1;26;29;9.3;1;29;9.0;1;29;0;5.0;1;21;12.6;1;26;32;1;21;29;98;1;27;29;79;1;29;8.8;1;29;45.5;1;22.0;1;330;1;16;26;9;0;29;20.5;1;330;1;16;22;4;0;29;13.0;1;280;1;19;21;15;0;29;5.0;1;29;7836;1;29;4;13;7;25898;1;29;11311;1;29;;;0;;;;;;0;0;;;;0;;;;;;;;;0;0;2
11069001;CARCASSONNE;43.215333;2.295500;128;200003;79.2;1;31;;30.6;1;25;7;4;3;1;0;0;1022.0;1;31;1009.6;1;28;15.4;1;31;;24.2;1;12;9.3;1;27;0;0;0;0;27;31;0;5.6;1;31;;-1.5;1;6;10.7;1;23;0;0;29;31;31;0;0;1;9.8;1;18.9;1;12;31;10.5;1;31;10.1;1;31;0;5.9;1;6;15.8;1;11;14;1;11;31;97;1;23;31;70;1;31;7.9;1;31;86.4;1;24.0;1;320;1;1;28;9;0;31;22.3;1;320;1;1;26;7;0;31;14.0;1;90;1;22;26;13;0;31;5.3;1;31;13049;1;31;2;6;11;44854;1;31;15459;1;31;;;0;;;;;;0;0;;;;0;;;;;;;;;0;2;0
11069001;CARCASSONNE;43.215333;2.295500;128;200004;73.4;1;30;;19.0;1;27;10;6;2;0;0;0;1008.9;1;30;988.7;1;3;17.0;1;30;;24.2;1;20;11.1;1;9;0;0;0;0;24;30;0;8.0;1;30;;3.0;1;7;13.1;1;22;0;0;25;30;30;0;0;0;8.9;1;16.6;1;24;30;12.5;1;30;12.0;1;30;0;8.1;1;6;16.7;1;21;16;1;3;30;96;1;27;30;76;1;30;9.8;1;30;93.2;1;23.0;1;100;1;8;29;14;0;30;21.4;1;100;1;8;28;8;0;30;16.0;1;90;1;2;27;19;2;30;5.2;1;30;11116;1;30;3;8;8;49782;1;30;18918;1;30;;;0;;;;;;0;0;;;;0;;;;;;;;;0;1;0
11069001;CARCASSONNE;43.215333;2.295500;128;200005;48.6;1;31;;19.2;1;10;6;2;2;0;0;0;1016.6;1;31;1011.0;1;5;22.5;1;31;;28.6;1;14;18.4;1;17;0;7;0;0;8;27;0;13.0;1;31;;9.0;1;2;16.8;1;30;0;0;5;24;31;0;0;0;9.5;1;17.0;1;2;31;17.8;1;31;17.3;1;31;0;15.2;1;19;21.6;1;30;21;1;14;31;97;1;10;31;73;1;31;13.5;1;31;132.3;1;22.0;1;270;1;26;26;6;0;31;20.5;1;270;1;26;26;2;0;31;13.0;1;280;1;26;22;8;0;31;4.4;1;31;13414;1;31;1;8;10;64748;1;31;26151;1;31;;;0;;;;;;0;0;;;;0;;;;;;;;;0;5;0
11069001;CARCASSONNE;43.215333;2.295500;128;200006;106.2;1;30;;62.6;1;10;3;3;3;1;1;0;1020.0;1;30;1011.7;1;9;24.6;1;30;;31.2;1;17;14.1;1;10;0;14;3;0;5;22;0;15.4;1;30;;10.2;1;11;20.5;1;28;0;0;0;12;29;1;0;0;9.2;1;16.3;1;1;30;20.0;1;30;19.7;1;30;2;12.3;1;11;24.9;1;16;25;1;17;30;96;1;10;30;72;1;30;15.6;1;30;144.8;1;22.0;1;90;1;9;26;11;0;30;20.5;1;90;1;9;26;7;0;30;15.0;1;90;1;9;24;12;1;30;5.4;1;30;13391;1;30;2;10;7;63408;1;30;23895;1;30;;;0;;;;;;0;0;;;;0;;;;;;;;;0;1;0
11069001;CARCASSONNE;43.215333;2.295500;128;200007;36.6;1;31;;14.6;1;11;7;3;1;0;0;0;1015.2;1;31;1007.3;1;10;26.1;1;31;;31.9;1;31;17.6;1;15;0;21;6;0;3;19;0;15.6;1;31;;9.3;1;17;20.4;1;1;0;0;1;13;30;1;0;0;10.5;1;18.2;1;31;31;20.8;1;31;20.6;1;31;1;15.5;1;12;24.7;1;3;22;1;20;31;96;1;26;31;68;1;31;15.3;1;31;155.3;1;27.0;1;270;1;3;25;15;0;31;25.0;1;270;1;3;24;8;0;31;14.0;1;90;1;6;22;15;0;31;4.7;1;31;14427;1;31;3;7;11;66987;1;31;25163;1;31;;;0;;;;;;0;0;;;;0;;;;;;;;;0;2;0
11069001;CARCASSONNE;43.215333;2.295500;128;200008;19.6;1;31;;6.8;1;30;5;1;0;0;0;0;1017.6;1;31;1012.1;1;18;28.0;1;31;;34.2;1;16;19.7;1;3;0;27;9;0;1;14;4;17.6;1;31;;11.2;1;29;22.5;1;24;0;0;0;7;24;7;0;0;10.4;1;17.6;1;22;31;22.8;1;31;22.3;1;31;9;18.0;1;3;26.5;1;16;28;1;9;31;95;1;30;31;71;1;31;18.0;1;31;148.9;1;20.0;1;100;1;18;28;5;0;31;18.7;1;100;1;18;25;1;0;31;13.0;1;90;1;18;21;10;0;31;4.5;1;31;14506;1;31;0;7;10;58310;1;31;22631;1;31;;;0;;;;;;0;0;;;;0;;;;;;;;;0;5;0
11069001;CARCASSONNE;43.215333;2.295500;128;200009;15.2;1;30;;5.8;1;28;5;1;0;0;0;0;1015.6;1;30;1002.5;1;19;25.1;1;30;;30.7;1;8;14.8;1;20;0;19;2;0;2;22;0;14.7;1;30;;7.2;1;21;18.9;1;16;0;0;4;14;30;0;0;0;10.5;1;20.6;1;22;30;19.9;1;30;19.4;1;30;0;11.6;1;20;23.7;1;8;18;1;8;30;98;1;25;30;71;1;30;15.0;1;30;111.9;1;18.0;1;290;1;19;25;4;0;30;16.8;1;290;1;19;22;2;0;30;12.0;1;90;1;23;18;7;0;30;4.0;1;30;12964;1;30;1;6;10;45800;1;30;15498;1;30;;;0;;;;;;0;0;;;;0;;;;;;;;;0;2;2
11069001;CARCASSONNE;43.215333;2.295500;128;200010;103.2;1;31;;28.8;1;14;10;6;3;0;0;0;1017.3;1;31;997.3;1;11;18.1;1;31;;23.7;1;19;11.1;1;15;0;0;0;0;26;31;0;11.1;1;31;;5.8;1;18;16.3;1;21;0;0;12;27;31;0;0;0;7.0;1;16.6;1;18;31;14.6;1;31;14.0;1;31;0;10.4;1;15;18.1;1;24;37;1;7;31;98;1;18;31;81;1;31;12.6;1;31;60.5;1;20.0;1;300;1;2;26;6;0;31;18.7;1;300;1;2;23;2;0;31;12.0;1;90;1;20;19;8;0;31;4.3;1;31;7142;1;31;4;13;3;27159;1;31;14077;1;31;;;0;;;;;;0;0;;;;0;;;;;;;;;0;0;2
11069001;CARCASSONNE;43.215333;2.295500;128;200011;75.0;1;30;;31.6;1;29;9;6;1;1;0;0;1012.3;1;30;992.1;1;6;14.2;1;30;;20.8;1;12;9.8;1;20;0;0;0;0;29;30;0;6.4;1;30;;0.2;1;11;12.9;1;29;0;0;27;30;30;0;0;0;7.8;1;15.1;1;12;30;10.3;1;30;10.0;1;30;0;7.0;1;16;14.3;1;29;35;1;8;30;97;1;28;30;80;1;30;9.5;1;30;36.1;1;18.0;1;100;1;29;20;10;0;30;16.8;1;100;1;29;19;5;0;30;12.0;1;100;1;29;16;14;0;30;3.5;1;30;5811;1;30;8;13;2;17760;1;30;8693;1;30;;;0;;;;;;0;0;;;;0;;;;;;;;;0;1;2
11069001;CARCASSONNE;43.215333;2.295500;128;200012;106.8;1;31;;48.6;1;22;10;5;3;1;0;0;1013.4;1;31;991.0;1;26;12.9;1;31;;16.8;1;7;5.6;1;30;0;0;0;0;31;31;0;7.0;1;31;;0.2;1;31;12.9;1;6;0;0;22;31;31;0;0;0;5.8;1;11.3;1;10;31;9.9;1;31;9.6;1;31;0;3.7;1;30;14.8;1;7;39;1;31;31;97;1;27;31;84;1;31;10.0;1;31;29.4;1;21.0;1;80;1;7;24;12;0;31;19.6;1;80;1;7;22;8;0;31;14.0;1;90;1;7;20;12;0;31;4.4;1;31;4813;1;31;4;17;3;13651;1;31;8257;1;31;;;0;;;;;;0;0;;;;0;;;;;;;;;1;0;6
11069001;CARCASSONNE;43.215333;2.295500;128;200101;68.6;1;31;;17.8;1;28;15;4;2;0;0;0;1014.3;1;31;998.2;1;28;10.5;1;31;;14.5;1;24;5.0;1;16;0;0;0;0;31;31;0;5.1;1;31;;-1.1;1;9;10.7;1;12;0;0;30;31;31;0;0;1;5.4;1;11.9;1;10;31;7.8;1;31;7.7;1;31;0;3.0;1;9;12.2;1;24;46;1;3;31;97;1;31;31;86;1;31;8.8;1;31;28.0;1;20.0;1;290;1;29;26;9;0;31;18.7;1;290;1;29;24;6;0;31;13.0;1;290;1;8;20;10;0;31;4.2;1;31;3729;1;31;9;18;0;13395;1;31;8560;1;31;;;0;;;;;;0;0;;;;0;;;;;;;;;0;0;3
11069001;CARCASSONNE;43.215333;2.295500;128;200102;21.0;1;28;;5.6;1;8;6;1;0;0;0;0;1021.1;1;28;998.1;1;27;11.5;1;28;;18.9;1;11;6.3;1;28;0;0;0;0;28;28;0;4.1;1;28;;-3.2;1;27;10.7;1;7;0;0;27;28;28;0;0;2;7.4;1;13.6;1;15;28;7.8;1;28;7.3;1;28;0;2.9;1;26;14.2;1;11;35;1;15;28;99;1;15;28;79;1;28;7.9;1;28;43.0;1;21.0;1;310;1;25;24;11;0;28;19.6;1;310;1;25;23;6;0;28;15.0;1;90;1;7;22;14;1;28;5.0;1;28;8621;1;28;4;8;8;25979;1;28;11603;1;28;;;0;;;;;;0;3;;;;0;;;;;;;;;0;0;1
11069001;CARCASSONNE;43.215333;2.295500;128;200103;59.8;1;31;;18.0;1;29;9;4;2;0;0;0;1010.1;1;31;991.6;1;2;17.3;1;31;;21.5;1;23;9.9;1;2;0;0;0;0;23;31;0;8.5;1;31;;1.7;1;1;12.0;1;24;0;0;19;31;31;0;0;0;8.8;1;15.4;1;18;31;12.9;1;31;12.3;1;31;0;6.3;1;1;16.6;1;23;38;1;26;31;99;1;8;31;80;1;31;10.9;1;31;72.7;1;23.0;1;280;1;29;24;8;0;31;21.4;1;280;1;29;20;6;0;31;14.0;1;90;1;16;20;12;0;31;4.2;1;31;9947;1;31;3;6;4;40476;1;31;;;;;;0;;;;;;0;0;;;;0;;;;;;;;;0;1;1
11069001;CARCASSONNE;43.215333;2.295500;128;200104;85.4;1;30;;20.2;1;6;10;6;4;0;0;0;1017.3;1;30;1006.1;1;23;16.3;1;30;;22.5;1;6;8.8;1;21;0;0;0;0;26;30;0;7.5;1;30;;2.1;1;21;13.5;1;6;0;0;24;30;30;0;0;0;8.8;1;14.3;1;27;30;11.9;1;30;11.5;1;30;0;5.5;1;21;18.0;1;6;31;1;17;30;98;1;23;30;73;1;30;9.3;1;30;98.8;1;26.0;1;300;1;10;29;17;0;30;24.1;1;300;1;10;27;15;0;30;15.0;1;290;1;10;27;18;2;30;5.8;1;30;11940;1;30;1;2;6;53995;1;30;23134;1;30;;;0;;;;;;0;2;;;;0;;;;;;;;;0;3;0
11069001;CARCASSONNE;43.215333;2.295500;128;200105;24.4;1;31;;8.4;1;5;6;1;0;0;0;0;1016.1;1;31;1007.9;1;4;22.1;1;31;;35.2;1;30;10.2;1;6;0;8;4;1;10;26;3;12.3;1;31;;2.7;1;1;17.8;1;31;0;0;10;22;31;0;0;0;9.8;1;18.8;1;30;31;17.2;1;31;16.7;1;31;3;8.6;1;6;25.8;1;30;18;1;30;31;98;1;15;31;75;1;31;13.2;1;31;122.3;1;16.0;1;300;1;18;22;4;0;31;15.0;1;300;1;18;19;0;0;31;11.0;1;90;1;16;16;7;0;31;4.0;1;31;12245;1;31;2;10;8;59685;1;31;26784;1;31;;;0;;;;;;0;0;;;;0;;;;;;;;;0;2;1
11069001;CARCASSONNE;43.215333;2.295500;128;200106;50.8;1;30;;29.2;1;9;5;3;2;0;0;0;1017.9;1;30;1010.4;1;9;26.8;1;30;;33.1;1;22;17.8;1;10;0;21;8;0;1;16;5;14.6;1;30;;7.9;1;4;19.1;1;25;0;0;3;14;30;0;0;0;12.2;1;20.0;1;4;30;20.7;1;30;20.4;1;30;3;16.8;1;10;25.6;1;25;9;1;20;30;97;1;15;30;63;1;30;13.6;1;30;169.4;1;20.0;1;290;1;17;24;3;0;30;18.7;1;290;1;17;21;1;0;30;12.0;1;320;1;17;14;6;0;30;4.1;1;30;17655;1;30;3;3;12;74047;1;30;20756;1;30;;;0;;;;;;0;0;;;;0;;;;;;;;;0;3;0
11069001;CARCASSONNE;43.215333;2.295500;128;200107;35.8;1;31;;23.4;1;14;5;2;1;0;0;0;1016.0;1;31;1008.1;1;5;28.5;1;31;;36.7;1;31;19.0;1;5;0;25;13;2;1;12;7;16.8;1;31;;10.6;1;21;20.8;1;26;0;0;0;9;27;5;0;0;11.7;1;19.5;1;21;31;22.6;1;31;22.3;1;31;9;17.0;1;19;28.7;1;31;12;1;21;31;96;1;14;31;66;1;31;16.1;1;31;168.4;1;21.0;1;280;1;19;24;4;0;31;19.6;1;280;1;19;18;3;0;31;13.0;1;90;1;4;15;5;0;31;3.8;1;31;15974;1;31;2;6;10;69072;1;31;24548;1;31;;;0;;;;;;0;0;;;;0;;;;;;;;;0;3;0
11069001;CARCASSONNE;43.215333;2.295500;128;200108;14.0;1;31;;5.6;1;18;4;1;0;0;0;0;1017.0;1;31;1011.2;1;18;29.2;1;31;;37.0;1;1;21.3;1;9;0;28;11;4;0;11;10;17.8;1;31;;10.9;1;12;23.1;1;2;0;0;0;4;23;8;0;0;11.4;1;22.0;1;12;31;23.5;1;31;22.9;1;31;9;19.6;1;9;28.8;1;27;17;1;12;31;98;1;20;31;67;1;31;17.6;1;31;155.9;1;18.0;1;90;1;15;28;4;0;31;16.8;1;90;1;15;25;1;0;31;12.0;1;90;1;15;21;6;0;31;4.3;1;31;14731;1;31;1;6;12;60340;1;31;21151;1;31;;;0;;;;;;0;0;;;;0;;;;;;;;;0;1;0
11069001;CARCASSONNE;43.215333;2.295500;128;200109;23.8;1;30;;11.6;1;23;5;1;1;0;0;0;1016.9;1;30;1002.3;1;23;23.1;1;30;;30.4;1;3;20.1;1;22;0;6;1;0;0;29;0;12.7;1;30;;6.8;1;19;17.5;1;22;0;0;8;21;30;0;0;0;10.4;1;20.0;1;3;30;17.9;1;30;17.4;1;30;0;14.5;1;18;20.9;1;7;24;1;26;30;98;1;30;30;68;1;30;12.8;1;30;114.5;1;20.0;1;300;1;16;27;7;0;30;18.7;1;300;1;16;26;3;0;30;13.0;1;300;1;16;23;13;0;30;4.9;1;30;13325;1;30;1;6;11;49427;1;30;16379;1;30;;;0;;;;;;0;0;;;;0;;;;;;;;;0;1;1
11069001;CARCASSONNE;43.215333;2.295500;128;200110;10.6;1;31;;4.8;1;3;3;0;0;0;0;0;1018.8;1;31;1002.3;1;20;22.7;1;31;;27.9;1;29;17.2;1;23;0;6;0;0;7;29;0;13.1;1;31;;6.5;1;26;17.7;1;20;0;0;8;18;31;0;0;0;9.6;1;18.5;1;30;31;17.9;1;31;17.2;1;31;0;13.1;1;26;22.0;1;20;27;1;30;31;99;1;14;31;81;1;31;14.9;1;31;71.2;1;19.0;1;90;1;19;26;5;0;31;17.7;1;90;1;19;23;2;0;31;13.0;1;100;1;19;19;11;0;31;3.9;1;31;10818;1;31;4;8;10;32250;1;31;13366;1;31;;;0;;;;;;0;0;;;;0;;;;;;;;;0;2;3
11069001;CARCASSONNE;43.215333;2.295500;128;200111;54.6;1;30;;16.4;1;15;9;4;2;0;0;0;1023.6;1;30;1013.3;1;13;11.1;1;30;;21.0;1;4;3.1;1;15;0;0;0;0;29;30;0;4.8;1;30;;0.4;1;11;11.6;1;8;0;0;29;30;30;0;0;0;6.3;1;16.6;1;4;30;8.0;1;30;7.8;1;30;0;1.8;1;15;14.3;1;8;31;1;2;30;97;1;16;30;78;1;30;8.0;1;30;40.3;1;22.0;1;290;1;8;26;8;0;30;20.5;1;290;1;8;25;4;0;30;13.0;1;290;1;8;22;12;0;30;5.3;1;30;4750;1;30;6;20;3;16281;1;30;9615;1;30;;;0;;;;;;0;2;;;;0;;;;;;;;;0;2;0
11069001;CARCASSONNE;43.215333;2.295500;128;200112;9.6;1;31;;5.6;1;30;3;1;0;0;0;0;1023.9;1;31;1012.1;1;30;8.2;1;31;;15.5;1;6;-0.8;1;21;3;0;0;0;31;31;0;0.9;1;31;;-6.8;1;19;11.7;1;6;3;0;29;31;31;0;0;16;7.3;1;14.1;1;19;31;4.6;1;31;4.1;1;31;0;-2.4;1;15;13.6;1;6;40;1;10;31;97;1;4;31;79;1;31;6.6;1;31;29.2;1;17.0;1;300;1;26;24;2;0;31;15.9;1;300;1;26;22;0;0;31;11.0;1;300;1;26;17;4;0;31;4.2;1;31;8150;1;31;3;10;10;17442;1;31;8026;1;31;;;0;;;;;;0;1;;;;3;1;1;1;1;16;3;0;0;0;0;4
11069001;CARCASSONNE;43.215333;2.295500;128;200201;26.8;1;31;;9.8;1;15;6;2;0;0;0;0;1027.0;1;31;1011.5;1;23;11.8;1;31;;20.1;1;26;7.3;1;18;0;0;0;0;30;31;0;3.0;1;31;;-4.9;1;1;10.0;1;31;0;0;31;31;31;0;0;8;8.8;1;15.4;1;12;31;7.4;1;31;6.8;1;31;0;1.7;1;1;12.5;1;26;39;1;26;31;98;1;20;31;83;1;31;7.9;1;31;34.8;1;22.0;1;280;1;24;25;9;0;31;20.5;1;280;1;24;23;4;0;31;14.0;1;290;1;24;22;11;0;31;4.3;1;31;8221;1;31;5;11;11;18440;1;31;8310;1;31;;;0;;;;;;0;0;;;;0;;;;;;;;;0;0;5
11069001;CARCASSONNE;43.215333;2.295500;128;200202;65.0;1;28;;22.4;1;6;11;4;1;0;0;0;1022.3;1;28;1013.9;1;6;13.1;1;28;;20.9;1;13;4.5;1;15;0;0;0;0;27;28;0;5.4;1;28;;1.7;1;17;10.4;1;3;0;0;27;28;28;0;0;0;7.7;1;16.7;1;13;28;9.2;1;28;8.8;1;28;0;4.0;1;15;12.7;1;25;20;1;11;28;95;1;23;28;78;1;28;8.4;1;28;46.5;1;25.0;1;310;1;21;24;12;0;28;23.2;1;310;1;21;22;11;0;28;16.0;1;300;1;21;20;14;3;28;5.6;1;28;6093;1;28;2;15;4;22066;1;28;11990;1;28;;;0;;;;;;0;0;;;;0;;;;;;;;;1;1;0
11069001;CARCASSONNE;43.215333;2.295500;128;200203;32.0;1;31;;29.0;1;5;2;1;1;0;0;0;1018.1;1;31;1004.2;1;14;16.2;1;31;;25.9;1;21;8.2;1;6;0;1;0;0;27;31;0;7.5;1;31;;0.8;1;3;13.6;1;20;0;0;22;31;31;0;0;0;8.7;1;17.4;1;21;31;11.8;1;31;11.3;1;31;0;7.0;1;6;17.5;1;20;11;1;27;31;96;1;31;31;73;1;31;9.0;1;31;85.5;1;25.0;1;80;1;13;27;13;0;31;23.2;1;80;1;13;25;8;0;31;17.0;1;80;1;14;25;15;2;31;5.4;1;31;10004;1;31;6;13;10;38426;1;31;16090;1;31;;;0;;;;;;0;0;;;;0;;;;;;;;;0;0;1
11069001;CARCASSONNE;43.215333;2.295500;128;200204;95.2;1;30;;50.4;1;3;8;2;2;2;1;0;1014.3;1;30;996.2;1;11;17.6;1;30;;27.8;1;25;10.7;1;4;0;2;0;0;20;29;0;8.6;1;30;;2.8;1;17;14.3;1;25;0;0;21;30;30;0;0;0;9.0;1;17.6;1;17;30;13.1;1;30;12.9;1;30;0;8.5;1;4;21.1;1;25;15;1;17;30;97;1;12;30;71;1;30;9.8;1;30;98.5;1;20.0;1;70;1;7;30;8;0;30;18.7;1;70;1;7;29;2;0;30;14.0;1;90;1;7;26;10;0;30;5.1;1;30;10638;1;30;8;11;7;45606;1;30;19261;1;30;;;0;;;;;;0;0;;;;0;;;;;;;;;0;0;2
11069001;CARCASSONNE;43.215333;2.295500;128;200205;78.2;1;31;;14.8;1;23;10;7;3;0;0;0;1015.8;1;31;1004.3;1;22;20.2;1;31;;29.3;1;31;13.5;1;10;0;5;0;0;16;28;0;10.4;1;31;;5.1;1;6;15.9;1;17;0;0;14;30;31;0;0;0;9.7;1;17.5;1;20;31;15.3;1;31;14.9;1;31;0;11.0;1;6;21.5;1;31;27;1;14;31;97;1;9;31;74;1;31;11.5;1;31;119.6;1;23.0;1;80;1;17;27;12;0;31;21.4;1;80;1;17;25;6;0;31;16.0;1;90;1;17;21;12;1;31;4.7;1;31;12463;1;31;3;12;10;57212;1;31;23022;1;31;;;0;;;;;;0;0;;;;0;;;;;;;;;0;0;0
11069001;CARCASSONNE;43.215333;2.295500;128;200206;52.4;1;30;;17.2;1;5;7;4;2;0;0;0;1017.2;1;30;1004.6;1;5;26.2;1;30;;36.4;1;22;13.9;1;8;0;20;6;1;5;14;4;15.3;1;30;;9.1;1;7;21.1;1;22;0;0;2;11;28;3;0;0;10.8;1;19.8;1;2;30;20.8;1;30;20.3;1;30;4;12.2;1;8;28.8;1;22;19;1;26;30;96;1;6;30;69;1;30;15.4;1;30;162.2;1;21.0;1;250;1;4;27;7;0;30;19.6;1;250;1;4;25;1;0;30;12.0;1;90;1;17;22;8;0;30;4.7;1;30;16732;1;30;3;5;9;70019;1;30;25259;1;30;;;0;;;;;;0;0;;;;0;;;;;;;;;0;2;0
11069001;CARCASSONNE;43.215333;2.295500;128;200207;23.2;1;31;;6.8;1;8;7;1;0;0;0;0;1017.0;1;31;1011.7;1;9;27.0;1;31;;35.1;1;29;18.0;1;15;0;21;8;1;3;16;7;16.1;1;31;;10.7;1;3;20.3;1;23;0;0;0;7;29;2;0;0;10.8;1;19.6;1;19;31;21.5;1;31;21.2;1;31;7;16.6;1;15;27.4;1;22;17;1;19;31;96;1;16;31;67;1;31;15.7;1;31;162.0;1;23.0;1;290;1;13;28;11;0;31;21.4;1;290;1;13;24;5;0;31;13.0;1;290;1;13;19;12;0;31;4.8;1;31;14538;1;31;3;9;8;64240;1;31;23146;1;31;;;0;;;;;;0;0;;;;0;;;;;;;;;0;5;0
11069001;CARCASSONNE;43.215333;2.295500;128;200208;52.8;1;31;;23.6;1;31;11;1;1;0;0;0;1015.9;1;31;1009.2;1;10;26.6;1;31;;35.4;1;17;20.7;1;25;0;18;6;1;0;17;4;16.3;1;31;;11.9;1;2;20.0;1;19;0;0;0;8;31;1;0;0;10.4;1;18.6;1;14;31;21.5;1;31;20.8;1;31;2;17.4;1;10;26.5;1;17;22;1;17;31;97;1;25;31;72;1;31;16.5;1;31;136.6;1;21.0;1;300;1;12;26;5;0;31;19.6;1;300;1;12;21;2;0;31;14.0;1;280;1;11;15;7;0;31;4.1;1;31;12577;1;31;1;11;6;56010;1;31;23469;1;31;;;0;;;;;;0;0;;;;0;;;;;;;;;0;3;0
11069001;CARCASSONNE;43.215333;2.295500;128;200209;17.8;1;30;;7.8;1;21;3;2;0;0;0;0;1016.5;1;30;1009.8;1;22;23.8;1;30;;28.4;1;15;17.4;1;24;0;11;0;0;3;26;0;13.4;1;30;;6.9;1;25;20.0;1;18;0;0;7;18;30;1;0;0;10.4;1;17.6;1;15;30;18.6;1;30;18.0;1;30;0;12.7;1;25;23.3;1;19;18;1;15;30;97;1;9;30;73;1;30;14.1;1;30;107.0;1;22.0;1;320;1;5;23;5;0;30;20.5;1;320;1;5;21;2;0;30;13.0;1;300;1;24;18;7;0;30;4.0;1;30;14321;1;30;1;1;12;49260;1;30;16602;1;30;;;0;;;;;;0;0;;;;0;;;;;;;;;0;4;0
11069001;CARCASSONNE;43.215333;2.295500;128;200210;77.8;1;31;;27.2;1;9;8;6;2;0;0;0;1015.9;1;31;999.9;1;9;19.9;1;31;;24.9;1;3;14.8;1;17;0;0;0;0;14;31;0;11.4;1;31;;5.2;1;18;16.7;1;1;0;0;10;27;31;0;0;0;8.5;1;15.2;1;13;31;15.7;1;31;15.2;1;31;0;11.7;1;24;20.2;1;16;20;1;28;31;99;1;22;31;80;1;31;13.1;1;31;67.4;1;25.0;1;90;1;21;24;9;0;31;23.2;1;90;1;21;20;7;0;31;13.0;1;300;1;12;17;10;0;31;4.2;1;31;9879;1;31;4;9;8;31093;1;31;13519;1;31;;;0;;;;;;0;0;;;;0;;;;;;;;;0;1;1
11069001;CARCASSONNE;43.215333;2.295500;128;200211;66.8;1;30;;10.8;1;8;14;4;1;0;0;0;1012.4;1;30;990.9;1;14;15.0;1;30;;21.2;1;2;10.2;1;30;0;0;0;0;28;30;0;7.8;1;30;;-1.4;1;27;14.4;1;3;0;0;24;30;30;0;0;1;7.2;1;15.1;1;27;30;11.4;1;30;10.9;1;30;0;6.2;1;27;16.4;1;3;51;1;6;30;98;1;27;30;86;1;30;10.9;1;30;36.2;1;23.0;1;330;1;7;22;10;0;30;21.4;1;330;1;7;21;6;0;30;15.0;1;320;1;7;21;13;1;30;4.2;1;30;6916;1;30;4;12;3;19455;1;30;9247;1;30;;;0;;;;;;0;0;;;;0;;;;;;;;;0;0;6
11069001;CARCASSONNE;43.215333;2.295500;128;200212;60.0;1;31;;27.4;1;1;9;3;1;0;0;0;1016.6;1;31;999.7;1;27;11.8;1;31;;15.9;1;25;6.1;1;7;0;0;0;0;31;31;0;6.4;1;31;;0.5;1;13;10.4;1;27;0;0;29;31;31;0;0;0;5.4;1;12.5;1;13;31;9.1;1;31;8.6;1;31;0;4.9;1;8;12.0;1;27;51;1;15;31;98;1;27;31;88;1;31;9.8;1;31;24.8;1;24.0;1;300;1;5;23;11;0;31;22.3;1;290;1;4;20;9;0;31;15.0;1;290;1;5;16;11;2;31;4.4;1;31;3570;1;31;13;20;1;11128;1;31;7658;1;31;;;0;;;;;;0;0;;;;0;;;;;;;;;0;0;2
11069001;CARCASSONNE;43.215333;2.295500;128;200301;52.4;1;31;;8.2;1;30;12;4;0;0;0;0;1019.8;1;31;999.7;1;21;8.1;1;31;;17.5;1;3;-0.5;1;12;1;0;0;0;31;31;0;1.5;1;31;;-4.1;1;13;8.0;1;3;0;0;31;31;31;0;0;11;6.6;1;13.5;1;17;31;4.8;1;31;4.6;1;31;0;-1.7;1;12;12.8;1;3;44;1;5;31;98;1;31;31;83;1;31;6.9;1;31;29.2;1;23.0;1;300;1;31;25;14;0;31;21.4;1;300;1;31;24;11;0;31;16.0;1;320;1;27;21;16;2;31;5.3;1;31;6213;1;31;8;15;5;16777;1;31;8331;1;31;;;0;;;;;;0;6;;;;3;2;1;7;1;6;3;0;0;0;0;3
11069001;CARCASSONNE;43.215333;2.295500;128;200302;71.6;1;28;;23.0;1;3;9;6;2;0;0;0;1020.2;1;28;1005.4;1;4;9.3;1;28;;14.4;1;28;2.1;1;17;0;0;0;0;28;28;0;2.9;1;28;;-3.6;1;17;9.7;1;25;0;0;28;28;28;0;0;8;6.4;1;14.1;1;7;28;6.1;1;28;5.8;1;28;0;-0.8;1;17;10.6;1;25;35;1;7;28;98;1;28;28;80;1;28;7.3;1;28;37.5;1;29.0;1;300;1;4;25;9;1;28;26.8;1;300;1;4;23;9;0;28;16.0;1;290;1;4;21;12;2;28;5.7;1;28;5515;1;28;4;15;4;21412;1;28;12664;1;28;;;0;;;;;;0;3;;;;2;1;1;1;1;18;2;0;0;0;0;1
11069001;CARCASSONNE;43.215333;2.295500;128;200303;30.0;1;31;;16.0;1;3;5;2;1;0;0;0;1022.1;1;31;1012.4;1;28;16.1;1;31;;21.3;1;10;11.4;1;2;0;0;0;0;28;31;0;7.1;1;31;;0.7;1;7;11.4;1;30;0;0;26;31;31;0;0;0;9.0;1;18.2;1;10;31;11.6;1;31;11.0;1;31;0;8.3;1;7;14.9;1;12;16;1;19;31;98;1;2;31;77;1;31;9.4;1;31;77.3;1;20.0;1;90;1;27;29;10;0;31;18.7;1;90;1;27;27;5;0;31;14.0;1;90;1;22;27;16;0;31;4.9;1;31;12458;1;31;4;8;10;42773;1;31;15559;1;31;;;0;;;;;;0;0;;;;0;;;;;;;;;0;2;2
11069001;CARCASSONNE;43.215333;2.295500;128;200304;42.2;1;30;;14.8;1;9;8;4;1;0;0;0;1014.8;1;30;1005.3;1;20;18.2;1;30;;25.9;1;18;11.4;1;3;0;2;0;0;21;30;0;8.6;1;30;;2.9;1;4;14.3;1;30;0;0;20;30;30;0;0;0;9.5;1;17.5;1;24;30;13.4;1;30;12.9;1;30;0;7.9;1;4;20.0;1;18;24;1;7;30;98;1;30;30;72;1;30;10.1;1;30;103.6;1;28.0;1;300;1;3;28;15;1;30;25.9;1;300;1;3;27;8;0;30;19.0;1;300;1;3;26;19;1;30;5.6;1;30;11608;1;30;1;7;7;50556;1;30;22944;1;30;;;0;;;;;;0;0;;;;0;;;;;;;;;1;0;3
11069001;CARCASSONNE;43.215333;2.295500;128;200305;61.4;1;31;;20.2;1;26;7;5;2;0;0;0;1019.2;1;31;1012.4;1;30;22.6;1;31;;32.7;1;31;13.5;1;26;0;10;3;0;9;25;3;11.7;1;31;;6.0;1;15;15.4;1;30;0;0;5;29;31;0;0;0;11.0;1;20.4;1;23;31;17.2;1;31;16.8;1;31;1;11.9;1;26;24.0;1;31;11;1;3;31;97;1;7;31;69;1;31;12.1;1;31;138.0;1;21.0;1;300;1;20;27;5;0;31;19.6;1;300;1;20;23;5;0;31;14.0;1;90;1;7;21;7;0;31;4.4;1;31;14440;1;31;2;7;11;65148;1;31;25998;1;31;;;0;;;;;;0;0;;;;0;;;;;;;;;0;2;1
11069001;CARCASSONNE;43.215333;2.295500;128;200306;37.4;1;30;;36.4;1;5;1;1;1;1;0;0;1015.6;1;30;1006.1;1;30;30.0;1;30;;39.8;1;21;21.8;1;5;0;29;16;3;0;6;8;19.0;1;30;;16.0;1;7;22.5;1;30;0;0;0;0;21;10;0;0;11.1;1;21.4;1;21;30;24.5;1;30;24.0;1;30;14;19.6;1;5;29.1;1;21;8;1;21;30;97;1;5;30;69;1;30;19.0;1;30;180.1;1;19.0;1;80;1;29;22;4;0;30;17.7;1;80;1;29;21;3;0;30;13.0;1;80;1;29;18;9;0;30;4.2;1;30;16377;1;30;0;1;6;74578;1;30;26664;1;30;;;0;;;;;;0;0;;;;0;;;;;;;;;0;1;0
11069001;CARCASSONNE;43.215333;2.295500;128;200307;10.0;1;31;;10.0;1;23;1;1;1;0;0;0;1016.5;1;31;1008.5;1;15;31.3;1;31;;38.2;1;12;26.0;1;2;0;31;17;5;0;3;15;19.2;1;31;;14.7;1;4;23.0;1;21;0;0;0;2;20;12;0;0;12.1;1;20.5;1;18;31;25.2;1;31;24.8;1;31;20;20.6;1;4;28.6;1;12;12;1;12;31;93;1;21;31;56;1;31;16.6;1;31;212.1;1;21.0;1;290;1;23;30;6;0;31;19.6;1;290;1;23;25;3;0;31;13.0;1;290;1;23;19;11;0;31;4.6;1;31;19462;1;31;0;1;16;77858;1;31;22712;1;31;;;0;;;;;;0;0;;;;0;;;;;;;;;0;1;0
11069001;CARCASSONNE;43.215333;2.295500;128;200308;25.8;1;31;;8.6;1;17;4;3;0;0;0;0;1015.9;1;31;1005.0;1;28;34.4;1;31;;41.9;1;13;25.1;1;31;0;31;27;13;0;2;21;20.1;1;31;;16.9;1;19;24.3;1;14;0;0;0;0;16;15;0;0;14.3;1;21.3;1;6;31;27.3;1;31;26.8;1;31;28;21.0;1;31;32.7;1;12;14;1;12;31;96;1;18;31;56;1;31;17.4;1;31;199.2;1;26.0;1;290;1;30;27;5;0;31;24.1;1;290;1;30;22;2;0;31;12.0;1;300;1;30;15;6;0;31;3.6;1;31;19015;1;31;0;0;13;68803;1;31;20268;1;31;;;0;;;;;;0;0;;;;0;;;;;;;;;0;6;1
11069001;CARCASSONNE;43.215333;2.295500;128;200309;48.8;1;30;;29.2;1;22;5;2;1;0;0;0;1019.7;1;30;1008.2;1;30;25.1;1;30;;31.7;1;17;17.4;1;9;0;17;2;0;2;23;0;14.9;1;30;;8.7;1;25;19.9;1;21;0;0;1;13;30;0;0;0;10.2;1;21.3;1;16;30;20.0;1;30;19.4;1;30;0;16.0;1;9;23.2;1;21;11;1;16;30;97;1;28;30;70;1;30;14.5;1;30;114.7;1;19.0;1;100;1;4;25;7;0;30;17.7;1;100;1;4;20;2;0;30;12.0;1;90;1;19;18;11;0;30;4.3;1;30;12697;1;30;0;6;11;47799;1;30;17913;1;30;;;0;;;;;;0;0;;;;0;;;;;;;;;0;1;0
11069001;CARCASSONNE;43.215333;2.295500;128;200310;35.6;1;31;;11.4;1;22;8;1;1;0;0;0;1013.6;1;31;984.1;1;31;17.5;1;31;;28.3;1;3;6.8;1;26;0;2;0;0;20;30;0;10.2;1;31;;0.0;1;26;19.7;1;2;0;0;15;24;31;0;0;1;7.3;1;15.2;1;11;31;13.8;1;31;13.3;1;31;0;3.4;1;26;23.1;1;1;32;1;3;31;97;1;20;31;78;1;31;11.8;1;31;68.2;1;21.0;1;310;1;30;28;11;0;31;19.6;1;310;1;30;26;5;0;31;12.0;1;300;1;7;24;15;0;31;4.7;1;31;8539;1;31;5;10;5;29642;1;31;13563;1;31;;;0;;;;;;0;0;;;;0;;;;;;;;;0;1;0
11069001;CARCASSONNE;43.215333;2.295500;128;200311;41.2;1;30;;13.0;1;16;10;2;1;0;0;0;1016.7;1;30;999.2;1;1;15.2;1;30;;21.3;1;4;9.7;1;17;0;0;0;0;29;30;0;7.6;1;30;;1.3;1;19;14.7;1;23;0;0;24;30;30;0;0;0;7.6;1;16.0;1;3;30;11.4;1;30;11.0;1;30;0;7.8;1;27;16.6;1;23;40;1;6;30;97;1;30;30;83;1;30;10.7;1;30;37.5;1;23.0;1;80;1;23;23;9;0;30;21.4;1;80;1;23;19;4;0;30;16.0;1;90;1;23;19;11;1;30;4.4;1;30;6227;1;30;8;17;7;18112;1;30;8777;1;30;;;0;;;;;;0;0;;;;0;;;;;;;;;0;1;1
11069001;CARCASSONNE;43.215333;2.295500;128;200312;194.2;1;31;;113.6;1;3;12;7;3;1;1;1;1019.8;1;31;1004.7;1;1;10.6;1;31;;15.8;1;13;5.5;1;31;0;0;0;0;31;31;0;4.9;1;31;;0.9;1;29;11.0;1;13;0;0;30;31;31;0;0;0;5.7;1;10.8;1;16;31;7.7;1;31;7.6;1;31;0;3.6;1;31;13.4;1;13;33;1;16;31;97;1;12;31;83;1;31;8.5;1;31;30.7;1;22.0;1;310;1;31;28;8;0;31;20.5;1;310;1;31;24;7;0;31;15.0;1;300;1;31;22;10;1;31;5.0;1;31;5722;1;31;7;15;3;14068;1;31;7533;1;31;;;0;;;;;;0;2;;;;0;;;;;;;;;0;1;0
11069001;CARCASSONNE;43.215333;2.295500;128;200401;136.6;1;31;;42.6;1;9;18;8;4;1;0;0;1017.4;1;31;1006.1;1;26;9.9;1;31;;19.6;1;13;2.7;1;4;0;0;0;0;31;31;0;3.8;1;31;;-3.7;1;30;11.2;1;11;0;0;28;31;31;0;0;6;6.1;1;12.2;1;16;31;6.8;1;31;6.7;1;31;0;0.7;1;4;15.1;1;13;40;1;29;31;97;1;24;31;82;1;31;8.0;1;31;33.3;1;34.0;1;300;1;14;28;18;1;31;31.3;1;300;1;14;25;11;1;31;18.0;1;280;1;14;25;18;2;31;5.4;1;31;4523;1;31;9;18;2;14861;1;31;9171;1;31;;;0;;;;;;0;0;;;;0;;;;;;;;;0;1;2
11069001;CARCASSONNE;43.215333;2.295500;128;200402;30.4;1;29;;23.8;1;20;3;1;1;0;0;0;1021.1;1;29;998.9;1;21;10.9;1;29;;17.0;1;3;6.0;1;28;0;0;0;0;29;29;0;2.9;1;29;;-2.0;1;27;7.7;1;22;0;0;29;29;29;0;0;6;8.0;1;15.3;1;10;29;6.9;1;29;6.4;1;29;0;2.5;1;27;10.5;1;1;30;1;10;29;98;1;6;29;79;1;29;7.4;1;29;41.4;1;19.0;1;80;1;21;22;3;0;29;17.7;1;80;1;21;21;2;0;29;12.0;1;80;1;20;18;6;0;29;4.3;1;29;7363;1;29;5;12;6;23763;1;29;11407;1;29;;;0;;;;;;0;2;;;;1;2;1;2;1;28;1;0;0;0;0;5
11069001;CARCASSONNE;43.215333;2.295500;128;200403;59.0;1;31;;11.2;1;13;11;6;1;0;0;0;1021.7;1;31;1007.0;1;30;13.6;1;31;;21.4;1;15;5.8;1;1;0;0;0;0;30;31;0;4.7;1;31;;-2.3;1;11;11.4;1;20;0;0;30;31;31;0;0;5;8.9;1;16.7;1;15;31;9.2;1;31;8.6;1;31;0;2.7;1;1;15.0;1;20;11;1;11;31;98;1;15;31;73;1;31;7.9;1;31;75.4;1;23.0;1;310;1;22;29;13;0;31;21.4;1;310;1;22;27;6;0;31;14.0;1;300;1;23;26;15;0;31;5.3;1;31;10427;1;31;2;6;6;42148;1;31;19859;1;31;;;0;;;;;;0;2;;;;0;;;;;;;;;1;1;1
11069001;CARCASSONNE;43.215333;2.295500;128;200404;108.0;1;30;;27.8;1;22;10;5;4;0;0;0;1014.4;1;30;1001.8;1;29;16.0;1;30;;23.9;1;26;11.1;1;16;0;0;0;0;23;30;0;7.5;1;30;;2.8;1;10;11.6;1;28;0;0;25;30;30;0;0;0;8.5;1;17.0;1;26;30;11.8;1;30;11.3;1;30;0;7.5;1;10;16.4;1;25;30;1;26;30;96;1;29;30;76;1;30;9.6;1;30;87.8;1;20.0;1;310;1;18;29;13;0;30;18.7;1;310;1;18;25;9;0;30;14.0;1;70;1;1;22;13;0;30;5.1;1;30;9434;1;30;4;10;5;46709;1;30;21202;1;30;;;0;;;;;;0;0;;;;0;;;;;;;;;0;1;0
11069001;CARCASSONNE;43.215333;2.295500;128;200405;48.0;1;31;;18.6;1;3;8;4;1;0;0;0;1015.1;1;31;996.2;1;5;20.8;1;31;;29.9;1;19;12.6;1;7;0;7;0;0;13;29;0;10.7;1;31;;3.2;1;1;15.1;1;29;0;0;13;29;31;0;0;0;10.1;1;17.0;1;19;31;15.7;1;31;15.4;1;31;0;9.2;1;7;21.5;1;29;29;1;23;31;97;1;18;31;71;1;31;11.7;1;31;132.0;1;20.0;1;280;1;7;27;6;0;31;18.7;1;280;1;7;23;5;0;31;13.0;1;300;1;5;19;8;0;31;4.4;1;31;14897;1;31;1;6;8;69063;1;31;25552;1;31;;;0;;;;;;0;0;;;;0;;;;;;;;;0;0;1
11069001;CARCASSONNE;43.215333;2.295500;128;200406;4.4;1;30;;1.2;1;14;2;0;0;0;0;0;1018.8;1;30;1010.3;1;19;27.8;1;30;;35.0;1;30;20.3;1;19;0;25;9;1;0;13;4;16.1;1;30;;10.5;1;21;22.4;1;28;0;0;0;9;29;1;0;0;11.7;1;19.8;1;30;30;21.9;1;30;21.7;1;30;6;18.2;1;21;27.3;1;28;17;1;29;30;95;1;23;30;60;1;30;14.6;1;30;188.3;1;19.0;1;280;1;3;29;7;0;30;17.7;1;280;1;3;26;2;0;30;12.0;1;80;1;7;21;10;0;30;5.1;1;30;16430;1;30;0;3;9;75254;1;30;25130;1;30;;;0;;;;;;0;0;;;;0;;;;;;;;;0;2;0
11069001;CARCASSONNE;43.215333;2.295500;128;200407;11.4;1;31;;6.2;1;6;2;1;0;0;0;0;1017.7;1;30;1011.3;1;7;28.3;1;31;;37.5;1;31;22.7;1;10;0;26;11;1;0;12;4;17.3;1;31;;13.3;1;4;21.9;1;23;0;0;0;6;26;5;0;0;11.0;1;18.9;1;31;31;22.8;1;31;22.5;1;31;7;18.7;1;12;28.1;1;31;15;1;31;31;95;1;22;31;58;1;31;15.1;1;31;193.0;1;18.0;1;300;1;8;28;8;0;31;16.8;1;300;1;8;26;1;0;31;12.0;1;80;1;22;23;12;0;31;5.0;1;31;16477;1;31;0;4;12;72563;1;31;24603;1;29;;;0;;;;;;0;0;;;;0;;;;;;;;;0;1;0
11069001;CARCASSONNE;43.215333;2.295500;128;200408;65.4;1;31;;15.4;1;17;8;6;2;0;0;0;1014.9;1;31;1006.8;1;17;28.5;1;31;;37.7;1;1;22.1;1;24;0;28;9;2;0;14;5;17.6;1;31;;11.8;1;22;21.3;1;9;0;0;0;3;27;4;0;0;10.9;1;18.6;1;1;31;23.0;1;31;22.6;1;31;7;19.2;1;22;28.4;1;1;22;1;1;31;97;1;17;31;67;1;31;17.3;1;31;157.5;1;27.0;1;310;1;17;29;11;0;31;25.0;1;310;1;17;24;6;0;31;16.0;1;310;1;7;22;10;1;31;4.3;1;31;14990;1;31;0;3;7;62101;1;31;22165;1;31;;;0;;;;;;0;0;;;;0;;;;;;;;;0;5;1
11069001;CARCASSONNE;43.215333;2.295500;128;200409;49.8;1;30;;36.8;1;11;3;2;1;1;0;0;1020.6;1;30;1014.5;1;1;24.8;1;30;;30.6;1;4;19.4;1;25;0;14;1;0;2;24;0;15.1;1;30;;7.5;1;18;21.5;1;10;0;0;4;16;28;3;0;0;9.7;1;18.3;1;18;30;20.0;1;30;19.4;1;30;1;14.8;1;25;24.8;1;10;26;1;17;30;99;1;11;30;71;1;30;15.5;1;30;116.9;1;27.0;1;90;9;6;28;11;0;30;25.0;9;90;9;6;24;2;0;30;14.0;1;80;9;6;19;15;0;30;4.9;1;30;12579;1;30;1;3;8;47267;1;30;18712;1;30;;;0;;;;;;0;0;;;;0;;;;;;;;;0;1;0
11069001;CARCASSONNE;43.215333;2.295500;128;200410;79.0;1;31;;19.4;1;30;10;5;3;0;0;0;1012.6;9;30;998.0;9;28;20.5;1;31;;27.0;1;2;11.5;1;31;0;4;0;0;12;31;0;12.7;1;31;;3.9;1;30;19.5;1;9;0;0;9;22;31;0;0;0;7.8;1;13.1;1;30;31;16.6;1;31;16.1;9;31;0;9.9;1;16;21.4;1;9;35;1;10;31;98;1;6;31;83;9;31;14.8;1;31;59.0;1;19.0;1;290;9;29;24;2;0;31;17.7;9;290;9;29;20;1;0;31;13.0;1;290;9;29;16;5;0;31;3.5;1;31;7878;1;31;4;10;6;29337;1;31;14730;9;31;;;0;;;;;;0;0;;;;0;;;;;;;;;0;3;2
11069001;CARCASSONNE;43.215333;2.295500;128;200411;29.8;1;30;;8.0;1;9;7;3;0;0;0;0;1022.1;9;30;1010.3;9;9;12.0;1;30;;18.9;1;4;6.4;1;15;0;0;0;0;30;30;0;5.2;1;30;;-0.2;1;25;10.4;1;6;0;0;29;30;30;0;0;1;6.8;1;14.1;1;3;30;8.6;1;30;8.1;9;30;0;4.2;1;15;14.4;1;4;45;1;4;30;98;1;25;30;84;9;30;8.9;1;30;33.1;1;22.0;1;290;9;14;23;8;0;30;20.5;1;290;9;14;21;2;0;30;14.0;1;270;9;14;16;8;0;30;4.5;1;30;6305;1;30;5;12;4;18364;1;30;9629;1;30;;;0;;;;;;0;0;;;;0;;;;;;;;;0;0;6
11069001;CARCASSONNE;43.215333;2.295500;128;200412;88.6;1;31;;24.4;1;7;12;4;3;0;0;0;1021.1;9;31;1003.6;9;1;9.9;1;31;;15.7;1;2;3.4;1;27;0;0;0;0;31;31;0;4.4;1;31;;-0.5;1;21;8.7;1;19;0;0;31;31;31;0;0;1;5.4;1;11.2;1;1;31;7.1;1;31;7.0;9;31;0;1.8;1;27;11.9;1;2;46;1;21;31;97;1;25;31;84;9;31;8.2;1;31;28.7;1;24.0;1;270;9;17;22;12;0;31;22.3;1;270;9;17;22;9;0;31;13.0;1;290;9;28;19;13;0;31;5.0;1;31;4772;1;31;10;16;3;12516;1;31;7035;1;31;;;0;;;;;;0;2;;;;0;;;;;;;;;0;0;3
11069001;CARCASSONNE;43.215333;2.295500;128;200501;39.6;1;31;;10.4;1;19;7;5;1;0;0;0;1027.0;9;31;1014.4;9;26;9.5;1;31;;14.1;1;7;0.1;1;27;0;0;0;0;31;31;0;2.6;1;31;;-4.1;1;28;9.0;1;21;0;0;31;31;31;0;0;9;6.9;1;14.4;1;4;31;6.0;1;31;5.5;9;31;0;-1.1;1;27;10.8;1;2;38;1;4;31;98;1;9;31;83;9;31;7.6;1;31;32.2;1;26.0;1;290;9;18;27;11;0;31;24.1;1;290;9;18;24;8;0;31;15.0;1;300;9;26;23;14;2;31;5.7;1;31;6532;1;31;4;14;4;17851;1;31;9115;1;31;;;0;1;9;1;9;24;2;3;1;0;0;3;0;9;1;1;25;2;0;0;0;1;4
11069001;CARCASSONNE;43.215333;2.295500;128;200502;85.6;1;28;;34.6;1;6;10;4;3;1;0;0;1020.4;9;28;1005.4;9;22;7.5;1;28;;14.2;1;11;0.0;1;28;1;0;0;0;28;28;0;1.1;1;28;;-5.3;1;25;9.2;1;12;2;0;28;28;28;0;0;14;6.4;1;15.8;1;26;28;4.3;1;28;3.9;9;28;0;-2.5;1;28;11.3;1;12;26;1;25;28;96;1;9;28;77;9;28;6.1;1;28;38.4;1;25.0;1;300;9;14;24;14;0;28;23.2;1;300;9;14;22;7;0;28;16.0;1;300;9;14;21;16;2;28;6.0;1;28;6682;1;28;3;12;5;22329;1;28;12900;1;28;;;0;;;;;;0;7;;;;2;0;9;1;1;22;2;0;0;0;0;0
11069001;CARCASSONNE;43.215333;2.295500;128;200503;21.4;1;31;;8.2;1;29;4;1;0;0;0;0;1018.9;9;31;1007.7;9;2;13.4;1;31;;22.6;1;18;2.8;1;7;0;0;0;0;29;31;0;3.8;1;31;;-7.5;1;1;11.6;1;25;2;0;28;31;31;0;0;8;9.6;1;18.3;1;18;31;8.6;1;31;8.0;9;31;0;-1.0;1;1;14.6;1;24;21;1;17;31;98;1;27;31;75;9;31;8.1;1;31;68.2;1;21.0;1;290;9;7;28;7;0;31;19.6;1;290;9;7;28;3;0;31;13.0;1;280;9;7;27;15;0;31;5.1;1;31;9708;1;31;3;11;7;38539;1;31;7448;1;14;;;0;;;;;;0;6;;;;0;0;9;0;9;;0;0;0;0;0;5
11069001;CARCASSONNE;43.215333;2.295500;128;200504;46.4;1;30;;8.2;1;16;12;3;0;0;0;0;1016.0;9;30;1006.4;9;18;17.0;1;30;;30.1;1;29;8.3;1;9;0;3;1;0;25;29;0;8.0;1;30;;3.0;1;9;12.3;1;30;0;0;20;30;30;0;0;0;8.9;1;18.9;1;29;30;12.5;1;30;12.1;9;30;0;5.7;1;9;20.7;1;29;23;1;29;30;97;1;24;30;76;9;30;10.0;1;30;94.5;1;25.0;1;290;9;10;26;16;0;30;23.2;1;290;9;10;26;10;0;30;16.0;1;290;9;10;24;21;2;30;5.8;1;30;9853;1;30;3;12;5;47962;1;30;;;0;;;0;;;;;;0;1;;;;0;0;9;0;9;;0;0;0;0;1;1
11069001;CARCASSONNE;43.215333;2.295500;128;200505;50.8;1;31;;21.2;1;17;5;3;2;0;0;0;1017.6;9;31;1011.3;9;9;21.8;1;31;;27.6;1;25;13.9;1;17;0;6;0;0;10;28;0;11.8;1;31;;7.6;1;24;15.7;1;27;0;0;8;28;31;0;0;0;9.9;1;18.8;1;24;31;16.8;1;31;16.6;9;31;0;12.7;1;17;21.4;1;27;17;1;24;31;97;1;11;31;72;9;31;12.3;1;31;133.6;1;18.0;1;80;9;1;25;7;0;31;16.8;1;80;9;1;24;1;0;31;12.0;1;80;9;27;22;11;0;31;4.8;1;31;12968;9;31;3;8;7;62147;9;31;;;0;;;0;;;;;;0;0;;;;0;0;9;0;9;;0;0;0;0;2;1
11069001;CARCASSONNE;43.215333;2.295500;128;200506;21.8;1;30;;20.8;1;13;1;1;1;0;0;0;1017.6;9;30;1009.2;9;13;28.2;1;30;;35.1;1;22;21.3;1;4;0;25;9;1;0;12;5;16.9;1;30;;9.2;1;9;21.8;1;23;0;0;1;10;22;8;0;0;11.3;1;18.2;1;9;30;22.6;1;30;22.2;9;30;12;18.3;1;9;28.1;1;22;15;1;8;30;96;1;13;30;65;9;30;16.5;1;30;177.1;1;15.9;1;300;9;5;27;0;0;30;14.9;1;300;9;5;24;0;0;30;10.0;1;70;9;25;21;3;0;30;4.5;1;30;15835;9;30;1;3;9;73324;9;30;;;0;;;0;;;;;;0;0;;;;0;0;9;0;9;;0;0;0;0;3;0
11069001;CARCASSONNE;43.215333;2.295500;128;200507;8.0;1;31;;6.0;1;29;1;1;0;0;0;0;1016.8;9;31;1009.3;9;24;29.5;1;31;;36.3;1;3;23.5;1;7;0;28;15;2;0;10;8;17.8;1;31;;14.2;1;10;22.5;1;28;0;0;0;4;25;6;0;0;11.7;1;18.9;1;3;31;23.7;1;31;23.4;9;31;18;19.7;1;7;27.6;1;17;19;1;3;31;94;1;27;31;59;9;31;16.0;1;31;197.0;1;19.0;1;320;9;6;29;9;0;31;17.7;1;320;9;6;28;3;0;31;13.0;1;80;9;27;25;12;0;31;4.8;1;31;17062;1;31;0;5;13;75286;1;31;;;0;;;0;;;;;;0;0;;;;0;0;9;0;9;;0;0;0;0;2;0
11069001;CARCASSONNE;43.215333;2.295500;128;200508;65.4;1;31;;30.6;1;10;5;4;2;1;0;0;1017.9;9;31;1010.3;9;10;26.9;1;31;;32.3;1;5;20.1;1;1;0;24;7;0;0;15;2;16.1;1;31;;12.4;1;16;19.9;1;10;0;0;0;8;31;0;0;0;10.8;1;17.9;1;16;31;21.5;1;31;21.1;1;31;3;17.2;1;21;24.3;1;7;13;1;5;31;96;1;11;31;64;9;31;14.7;9;31;165.1;1;18.0;1;310;9;23;29;8;0;31;16.8;9;310;9;23;28;2;0;31;11.0;1;80;9;31;24;12;0;31;4.9;1;31;16052;1;31;0;4;14;63687;1;31;;;0;;;0;;;;;;0;0;;;;0;0;9;0;1;;0;0;0;0;3;0
11069001;CARCASSONNE;43.215333;2.295500;128;200509;74.8;1;30;;36.8;1;7;5;3;3;1;0;0;1018.4;9;30;1009.5;9;6;24.3;1;30;;32.5;1;2;16.1;1;17;0;10;3;0;2;25;2;14.6;1;30;;7.4;1;22;20.0;1;1;0;0;4;16;30;1;0;0;9.6;1;16.4;1;22;30;19.4;1;30;18.7;1;30;3;13.1;1;18;25.8;1;3;29;1;21;30;97;1;25;30;74;9;30;15.5;1;30;103.9;1;19.0;1;300;9;5;23;4;0;30;17.7;9;300;9;5;19;1;0;30;10.0;1;300;1;20;11;5;0;30;3.7;1;30;12097;1;30;0;7;7;46859;1;30;;;0;;;0;;;;;;0;0;;;;0;0;9;0;9;;0;0;0;0;5;2
11069001;CARCASSONNE;43.215333;2.295500;128;200510;94.4;1;31;;51.4;1;13;10;5;2;1;1;0;1018.2;9;31;;;;19.6;1;31;;24.7;1;9;14.7;1;5;0;0;0;0;12;31;0;13.8;1;31;;6.2;1;7;18.2;1;29;0;0;4;17;31;0;0;0;5.8;1;16.9;1;9;31;16.7;1;31;;;0;;12.0;1;3;20.0;1;29;43;1;6;31;98;1;19;31;86;9;31;15.6;1;31;55.9;1;23.0;1;80;9;27;24;12;0;31;21.4;9;80;9;27;23;9;0;31;15.0;1;80;9;27;20;14;1;31;5.5;1;31;5691;1;31;7;16;3;24784;1;31;;;0;;;0;;;;;;0;0;;;;0;0;9;0;9;;0;0;0;0;0;1
11069001;CARCASSONNE;43.215333;2.295500;128;200511;132.4;1;30;;81.2;1;14;9;2;2;2;1;0;1018.1;9;30;;;;13.0;1;30;;21.2;1;1;5.8;1;23;0;0;0;0;29;30;0;5.7;1;30;;-1.9;1;19;14.7;1;3;0;0;24;30;30;0;0;2;7.3;1;16.6;1;7;30;9.4;1;30;;;0;;2.7;1;23;17.4;1;3;33;1;7;30;98;1;15;30;81;9;30;9.2;1;30;34.4;1;19.0;1;290;9;24;24;5;0;30;17.7;9;290;9;24;21;1;0;30;13.0;1;290;9;24;15;6;0;30;3.8;1;30;7192;1;30;6;14;9;19377;1;30;;;0;;;0;;;;;;0;0;;;;0;0;9;0;9;;0;0;0;0;2;0
11069001;CARCASSONNE;43.215333;2.295500;128;200512;39.4;1;31;;9.6;1;8;7;3;0;0;0;0;1020.6;9;30;999.0;9;2;7.2;1;31;;15.3;1;2;0.6;1;27;0;0;0;0;31;31;0;0.2;1;31;;-5.6;1;23;6.9;1;5;2;0;31;31;31;0;0;15;6.9;1;13.8;1;4;31;3.7;1;31;3.3;1;31;0;-0.4;1;27;10.4;1;2;44;1;19;31;98;1;31;31;81;9;30;6.3;1;31;25.7;1;20.0;1;290;9;17;27;5;0;31;18.7;9;290;9;17;24;4;0;31;13.0;1;300;9;9;20;5;0;31;4.3;1;31;6073;1;31;9;13;7;15079;1;31;;;0;;;0;;;;;;0;0;;;;0;0;9;0;9;;0;0;0;0;0;1
11069001;CARCASSONNE;43.215333;2.295500;128;200601;128.6;1;31;;77.2;1;29;10;5;3;1;1;0;1022.2;9;31;1012.9;9;28;8.2;1;31;;13.2;1;20;-0.2;1;28;1;0;0;0;31;31;0;2.9;1;31;;-2.6;1;26;9.0;1;19;0;0;31;31;31;0;0;7;5.4;1;11.1;1;24;31;5.5;1;31;5.2;1;31;0;-0.6;1;28;10.2;1;19;42;1;23;31;98;1;20;31;86;9;31;7.6;1;31;26.6;1;24.0;1;260;9;18;24;5;0;31;22.3;9;260;9;18;20;3;0;31;14.0;1;280;9;1;19;7;0;31;4.5;1;31;4165;1;31;11;18;3;14793;1;31;;;0;;;0;9;1;7;1;28;2;3;2;1;0;3;1;9;13;1;28;3;1;0;0;0;2
11069001;CARCASSONNE;43.215333;2.295500;128;200602;11.8;1;28;;5.8;1;15;4;1;0;0;0;0;1016.2;9;28;998.2;9;19;9.9;1;28;;17.5;1;19;1.9;1;5;0;0;0;0;28;28;0;2.3;1;28;;-2.7;1;25;7.2;1;19;0;0;28;28;28;0;0;8;7.6;1;14.4;1;25;28;6.1;1;28;5.5;1;28;0;0.9;1;5;12.4;1;19;28;1;25;28;98;1;16;28;75;9;28;6.5;1;28;41.8;1;21.0;1;300;9;19;23;4;0;28;19.6;9;300;9;19;21;3;0;28;14.0;1;300;9;19;17;7;0;28;4.3;1;28;7595;1;28;4;11;7;25903;1;28;;;0;;;0;;;;;;0;0;;;;0;0;9;0;9;;0;0;0;0;0;2
11069001;CARCASSONNE;43.215333;2.295500;128;200603;84.8;1;31;;31.2;1;10;11;3;2;1;0;0;1013.9;9;31;999.6;9;4;14.7;1;31;;23.3;1;31;5.3;1;5;0;0;0;0;28;31;0;5.9;1;31;;-1.7;1;14;12.6;1;27;0;0;24;31;31;0;0;2;8.8;1;18.2;1;15;31;10.3;1;31;9.9;1;31;0;3.1;1;5;16.9;1;31;20;1;16;31;98;1;21;31;75;9;31;8.8;1;31;69.7;1;26.0;1;270;9;5;27;14;0;31;24.1;9;270;9;5;26;10;0;31;16.0;1;280;9;5;23;15;3;31;5.3;1;31;8312;1;31;2;13;4;37535;1;31;;;0;;;0;0;9;0;9;;1;1;0;0;0;0;0;9;0;9;;0;0;0;0;0;1
11069001;CARCASSONNE;43.215333;2.295500;128;200604;13.4;1;30;;7.4;1;9;2;1;0;0;0;0;1016.1;9;30;1006.1;9;5;18.6;1;30;;22.5;1;23;13.3;1;10;0;0;0;0;20;30;0;8.9;1;30;;2.8;1;7;13.5;1;26;0;0;17;30;30;0;0;0;9.7;1;16.6;1;7;30;13.8;1;30;13.3;1;30;0;8.6;1;11;17.9;1;26;30;1;30;30;99;1;16;30;70;9;30;10.4;1;30;105.8;1;20.0;1;320;9;10;28;11;0;30;18.7;9;320;1;10;27;6;0;30;13.0;1;80;9;21;24;18;0;30;5.2;1;30;11698;1;30;1;7;9;55148;1;30;;;0;;;0;;;;;;0;0;;;;0;0;9;0;9;;0;0;0;0;0;1
11069001;CARCASSONNE;43.215333;2.295500;128;200605;20.8;1;31;;12.2;1;6;4;1;1;0;0;0;1018.7;9;31;1009.4;9;21;22.6;1;31;;30.4;1;28;15.4;1;8;0;6;1;0;6;29;0;12.1;1;31;;4.4;1;1;17.4;1;29;0;0;9;24;31;0;0;0;10.5;1;17.4;1;25;31;17.3;1;31;16.9;1;31;0;12.6;1;8;23.1;1;28;24;1;31;31;97;1;13;31;68;9;31;12.3;1;31;147.6;1;20.0;1;300;9;29;29;10;0;31;18.7;9;300;1;29;27;4;0;31;13.0;1;80;9;3;25;12;0;31;5.0;1;31;14153;1;31;1;3;7;67714;1;31;;;0;;;0;;;;;;0;0;;;;0;0;9;0;9;;0;0;0;0;1;0
11069001;CARCASSONNE;43.215333;2.295500;128;200606;34.4;1;30;;20.6;1;27;3;3;1;0;0;0;1018.5;9;30;1012.8;9;24;27.5;1;30;;32.9;1;30;21.3;1;1;0;24;8;0;0;15;2;16.1;1;30;;7.7;1;1;20.8;1;24;0;0;1;8;29;1;0;0;11.4;1;18.4;1;6;30;21.8;1;30;21.4;1;30;3;14.5;1;1;26.3;1;30;18;1;6;30;97;1;18;30;61;9;30;14.9;1;30;192.8;1;20.0;1;90;9;9;28;12;0;30;18.7;9;90;1;9;27;4;0;30;14.0;1;70;9;12;23;14;0;30;5.6;1;30;17831;1;30;0;2;12;79298;1;30;;;0;;;0;;;;;;0;0;;;;0;0;9;0;9;;0;0;0;0;3;0
11069001;CARCASSONNE;43.215333;2.295500;128;200607;60.2;1;31;;38.8;1;27;3;3;2;1;0;0;1017.4;9;31;1012.8;9;29;33.0;1;31;;37.4;1;24;25.2;1;6;0;31;27;9;0;3;21;20.2;1;31;;15.6;1;8;23.4;1;23;0;0;0;0;13;18;0;0;12.8;1;18.6;1;1;31;26.6;1;31;26.1;1;31;27;21.7;1;6;29.7;1;25;13;1;10;31;97;1;20;31;61;9;31;18.7;1;31;207.6;1;20.0;1;250;9;27;29;5;0;31;18.7;9;250;1;27;24;3;0;31;13.0;1;70;9;19;19;5;0;31;4.1;1;31;17684;1;31;0;3;9;76410;1;31;;;0;;;0;;;;;;0;0;;;;0;0;9;0;9;;0;0;0;0;4;0
11069001;CARCASSONNE;43.215333;2.295500;128;200608;34.6;1;31;;15.6;1;25;5;2;2;0;0;0;1015.8;9;31;1003.1;9;17;26.6;1;31;;31.7;1;23;22.1;1;15;0;25;1;0;0;16;0;16.1;1;31;;10.9;1;31;21.4;1;1;0;0;0;9;30;1;0;0;10.5;1;17.8;1;31;31;21.3;1;31;21.1;1;31;1;17.5;1;15;25.2;1;1;15;1;31;31;96;1;18;31;61;9;31;14.3;1;31;172.2;1;21.0;1;290;9;29;30;17;0;31;19.6;9;290;1;29;27;8;0;31;13.0;1;290;9;29;26;21;0;31;5.5;1;31;15325;1;31;0;5;8;64444;1;31;;;0;;;0;;;;;;0;0;;;;0;0;9;0;9;;0;0;0;0;1;0
11069001;CARCASSONNE;43.215333;2.295500;128;200609;68.6;1;30;;23.2;1;14;7;4;2;0;0;0;1015.3;9;30;1006.5;9;14;25.2;1;30;;35.1;1;4;15.7;1;16;0;14;5;1;1;23;4;16.3;1;30;;10.3;1;28;20.2;1;8;0;0;0;10;29;1;0;0;8.9;1;16.2;1;4;30;20.7;1;30;20.2;1;30;4;14.4;1;16;27.0;1;4;27;1;11;30;99;1;23;30;77;9;30;17.2;1;30;109.2;1;27.0;1;80;9;21;26;10;0;30;25.0;9;80;1;21;23;3;0;30;13.0;1;80;9;21;22;14;0;30;5.3;1;30;10852;1;30;2;10;10;42656;1;30;;;0;;;0;;;;;;0;0;;;;0;0;9;0;9;;0;0;0;0;2;3
11069001;CARCASSONNE;43.215333;2.295500;128;200610;39.2;1;31;;19.0;1;11;5;2;2;0;0;0;1015.3;9;31;1001.2;9;19;21.4;1;31;;27.4;1;28;14.9;1;12;0;2;0;0;6;30;0;14.2;1;31;;6.2;1;8;18.4;1;1;0;0;2;19;31;0;0;0;7.2;1;15.2;1;8;31;17.8;1;31;17.3;1;31;0;13.5;1;12;22.6;1;1;40;1;24;31;97;1;28;31;82;9;31;15.7;1;31;66.8;1;27.0;1;290;9;11;25;8;0;31;25.0;9;290;1;11;25;7;0;31;15.0;1;80;1;26;22;15;3;31;5.1;1;31;7679;1;31;7;10;5;28138;1;31;;;0;;;0;;;;;;0;0;;;;0;0;9;0;9;;0;0;0;0;1;3
11069001;CARCASSONNE;43.215333;2.295500;128;200611;38.4;1;30;;29.0;1;21;3;2;1;0;0;0;1020.4;9;30;1003.3;9;24;17.0;1;30;;21.0;1;10;13.0;1;4;0;0;0;0;27;30;0;8.9;1;30;;-1.0;1;3;15.5;1;16;0;0;18;27;30;0;0;2;8.0;1;17.1;1;6;30;13.0;1;30;12.4;1;30;0;6.7;1;3;17.4;1;27;23;1;3;30;96;1;30;30;80;9;30;11.3;1;30;46.1;1;19.0;1;90;1;16;23;6;0;30;17.7;9;90;1;16;22;3;0;30;13.0;1;80;1;16;20;9;0;30;4.5;1;30;7675;1;30;3;10;4;20575;9;30;;;0;;;0;;;;;;0;0;;;;0;0;9;0;9;;0;0;0;0;0;3
11069001;CARCASSONNE;43.215333;2.295500;128;200612;5.8;1;31;;2.0;1;8;2;0;0;0;0;0;1026.9;9;31;1005.9;9;8;10.1;1;31;;18.4;1;4;0.0;1;25;1;0;0;0;31;31;0;2.2;1;31;;-5.5;1;27;9.2;1;4;1;0;31;31;31;0;0;12;7.9;1;16.3;1;27;31;6.2;1;31;5.9;1;31;0;-1.3;1;25;13.8;1;4;42;1;27;31;97;1;16;31;83;9;31;7.7;1;31;25.4;1;17.0;1;280;1;6;19;2;0;31;15.9;9;280;1;6;15;0;0;31;10.0;1;290;1;18;8;1;0;31;3.6;1;31;6626;1;31;1;12;5;16241;1;31;;;0;;;0;;;;;;0;0;;;;0;0;9;0;9;;0;0;0;0;0;3
11069001;CARCASSONNE;43.215333;2.295500;128;200701;19.8;1;31;;6.0;1;23;6;1;0;0;0;0;1025.9;9;31;1005.1;9;23;11.8;1;31;;19.9;1;9;1.7;1;26;0;0;0;0;31;31;0;4.1;1;31;;-5.4;1;30;13.0;1;19;1;0;28;31;31;0;0;9;7.7;1;16.2;1;30;31;8.0;1;31;7.5;1;31;0;-1.5;1;26;15.1;1;9;40;1;25;31;96;1;30;31;82;9;31;8.5;1;31;33.5;1;27.0;1;300;9;23;27;7;0;31;25.0;9;300;1;23;23;4;0;31;15.5;1;290;9;23;19;7;1;31;4.4;1;31;7170;1;31;2;12;7;19054;9;31;;;0;;;0;1;9;1;9;23;1;1;1;0;0;2;0;9;1;9;24;1;0;0;0;0;5
11069001;CARCASSONNE;43.215333;2.295500;128;200702;122.8;1;28;;42.0;1;17;11;6;4;1;0;0;1016.3;9;28;1005.1;9;7;13.3;1;28;;20.0;1;15;6.1;1;1;0;0;0;0;28;28;0;5.3;1;28;;-1.2;1;4;9.7;1;17;0;0;28;28;28;0;0;2;8.0;1;14.0;1;15;28;9.3;1;28;8.7;1;28;0;4.6;1;1;13.0;1;15;16;1;15;28;96;1;24;28;83;9;28;9.0;1;28;39.5;1;23.0;1;280;1;12;22;10;0;28;21.4;9;280;1;12;20;9;0;28;15.7;1;90;1;17;19;11;1;28;4.3;1;28;5466;1;28;5;13;4;20622;9;28;;;0;;;0;;;;;;0;0;;;;0;0;9;0;9;;0;0;0;0;0;2
11069001;CARCASSONNE;43.215333;2.295500;128;200703;40.4;1;31;;12.4;1;19;9;3;1;0;0;0;1018.7;9;31;1003.5;9;19;14.0;1;31;;21.7;1;15;7.0;1;20;0;0;0;0;30;31;0;5.4;1;31;;0.5;1;20;10.9;1;3;0;0;30;31;31;0;0;0;8.6;1;17.1;1;13;31;9.7;1;31;9.3;1;31;0;3.8;1;20;14.0;1;3;31;1;13;31;95;1;4;31;75;9;31;8.2;1;31;72.8;1;26.0;1;290;1;23;29;16;0;31;24.1;9;290;1;23;27;11;0;31;15.3;1;300;1;20;26;18;1;31;5.5;1;31;8339;1;31;2;13;3;37192;9;31;;;0;;;0;;;;;;0;3;;;;0;0;9;0;9;;0;0;0;0;0;0
11069001;CARCASSONNE;43.215333;2.295500;128;200704;67.6;1;30;;28.8;1;12;7;4;3;0;0;0;1017.2;9;30;1009.3;9;30;21.1;1;30;;28.7;1;24;12.4;1;4;0;7;0;0;13;26;0;10.7;1;30;;3.8;1;5;15.3;1;27;0;0;8;29;30;0;0;0;10.4;1;17.3;1;21;30;15.9;1;30;15.2;1;30;0;8.2;1;5;20.2;1;24;21;1;19;30;96;1;20;30;75;9;30;11.8;1;30;108.5;1;20.0;1;130;1;1;24;5;0;30;18.7;9;130;1;1;21;3;0;30;13.9;1;90;1;1;16;7;0;30;4.3;1;30;11511;1;30;3;7;7;53582;9;30;;;0;;;0;;;;;;0;0;;;;0;0;9;0;9;;0;0;0;0;3;2
11069001;CARCASSONNE;43.215333;2.295500;128;200705;101.4;1;31;;24.0;1;1;14;7;3;0;0;0;1014.9;9;31;1007.2;9;26;21.4;1;31;;32.3;1;23;14.6;1;28;0;7;2;0;15;27;1;12.5;1;31;;8.5;1;2;17.1;1;25;0;0;5;26;31;0;0;0;8.9;1;21.4;1;10;31;16.9;1;31;16.2;1;31;0;12.0;1;28;23.9;1;23;20;1;10;31;95;1;31;31;75;9;31;13.3;1;31;119.2;1;23.0;1;270;1;28;28;14;0;31;21.4;9;270;1;28;25;8;0;31;15.2;1;290;1;17;21;14;1;31;5.2;1;31;9505;1;31;3;11;2;54225;9;31;;;0;;;0;;;;;;0;0;;;;0;0;9;0;9;;0;0;0;0;3;0
11069001;CARCASSONNE;43.215333;2.295500;128;200706;31.8;1;30;;17.8;1;1;4;3;1;0;0;0;1014.7;9;30;1005.9;9;14;25.4;1;30;;30.3;1;9;16.9;1;1;0;17;2;0;2;20;0;15.2;1;30;;10.9;1;26;19.9;1;14;0;0;0;14;30;0;0;0;10.2;1;16.3;1;30;30;20.3;1;30;20.1;1;30;0;14.2;1;1;23.9;1;12;33;1;12;30;95;1;11;30;70;9;30;15.5;1;30;150.5;1;19.0;1;290;1;21;24;5;0;30;17.7;9;290;1;21;23;3;0;30;12.7;1;280;1;21;16;7;0;30;4.5;1;30;12529;1;30;0;7;5;66971;9;30;;;0;;;0;;;;;;0;0;;;;0;0;9;0;9;;0;0;0;0;2;0
11069001;CARCASSONNE;43.215333;2.295500;128;200707;17.4;1;31;;10.2;1;21;3;1;1;0;0;0;1017.2;9;31;1005.9;9;23;27.3;1;31;;34.4;1;26;21.4;1;21;0;21;9;0;0;14;2;16.7;1;31;;12.1;1;13;20.3;1;17;0;0;0;9;30;1;0;0;10.6;1;20.7;1;26;31;22.0;1;31;21.5;1;31;6;18.1;1;10;25.9;1;17;14;1;26;31;94;1;21;31;65;9;31;15.5;1;31;177.9;1;23.0;1;300;1;4;29;9;0;31;21.4;9;300;1;4;28;8;0;31;15.5;1;80;1;15;20;10;1;31;5.4;1;31;14905;1;31;1;5;8;68781;9;31;;;0;;;0;;;;;;0;0;;;;0;0;9;0;9;;0;0;0;0;3;0
11069001;CARCASSONNE;43.215333;2.295500;128;200708;50.2;1;31;;13.8;1;23;9;3;2;0;0;0;1015.9;9;31;1008.7;9;21;26.7;1;31;;35.0;1;27;19.0;1;21;0;18;5;1;2;16;4;16.3;1;31;;12.3;1;31;21.9;1;15;0;0;0;13;28;3;0;0;10.5;1;19.8;1;4;31;21.5;1;31;21.0;1;31;5;16.6;1;21;27.9;1;27;20;1;4;31;95;1;24;31;66;9;31;15.5;1;31;150.3;1;18.0;1;290;1;31;27;3;0;31;16.8;9;290;1;31;25;2;0;31;13.1;1;90;1;1;19;6;0;31;4.6;1;31;12766;1;31;1;10;8;57376;9;31;;;0;;;0;;;;;;0;0;;;;0;0;9;0;9;;0;0;0;0;1;0
11069001;CARCASSONNE;43.215333;2.295500;128;200709;14.8;1;30;;4.2;1;26;5;0;0;0;0;0;1019.6;9;30;1013.7;9;27;24.0;1;30;;28.5;1;15;12.9;1;27;0;17;0;0;6;21;0;13.2;1;30;;7.1;1;20;18.5;1;17;0;0;5;21;30;0;0;0;10.8;1;19.1;1;20;30;18.6;1;30;18.3;1;30;0;10.4;1;27;23.2;1;15;15;1;20;30;97;1;30;30;65;9;30;12.8;1;30;124.2;1;19.0;1;300;1;26;27;5;0;30;17.7;9;300;1;26;26;3;0;30;11.5;1;300;1;26;22;9;0;30;4.8;1;30;13690;1;30;2;6;15;48756;9;30;;;0;;;0;;;;;;0;0;;;;0;0;9;0;9;;0;0;0;0;1;1
11069001;CARCASSONNE;43.215333;2.295500;128;200710;29.6;1;31;;9.4;1;10;7;2;0;0;0;0;1020.6;9;31;1012.9;9;24;18.6;1;31;;24.2;1;5;10.6;1;26;0;0;0;0;18;31;0;11.3;1;31;;2.2;1;21;18.5;1;4;0;0;15;22;31;0;0;0;7.4;1;14.6;1;28;31;15.0;1;31;14.3;1;31;0;8.7;1;26;21.0;1;5;17;1;21;31;98;1;1;31;77;9;31;12.5;1;31;69.9;1;18.0;1;280;1;30;28;3;0;31;16.8;9;280;1;30;25;1;0;31;11.1;1;90;1;3;17;6;0;31;4.8;1;31;9074;1;31;5;10;9;30011;9;31;;;0;;;0;;;;;;0;0;;;;0;0;9;0;9;;0;0;0;0;0;1
11069001;CARCASSONNE;43.215333;2.295500;128;200711;4.0;1;30;;2.0;1;13;2;0;0;0;0;0;1021.5;9;30;1005.2;9;20;12.1;1;30;;17.0;1;20;5.4;1;16;0;0;0;0;30;30;0;5.3;1;30;;-4.2;1;18;13.2;1;21;0;0;27;30;30;0;0;4;6.8;1;17.2;1;18;30;8.7;1;30;8.4;1;30;0;1.8;1;17;15.1;1;20;14;1;18;30;97;1;22;30;74;9;30;8.2;1;30;48.1;1;20.0;1;60;1;20;30;13;0;30;18.7;9;60;1;20;27;5;0;30;14.4;1;80;9;20;26;18;0;30;5.9;1;30;7844;1;30;4;9;8;21207;9;30;;;0;;;0;;;;;;0;0;;;;0;0;9;0;9;;0;0;0;0;0;2
11069001;CARCASSONNE;43.215333;2.295500;128;200712;66.2;1;31;;18.0;1;7;8;5;3;0;0;0;1025.8;9;31;1009.9;9;9;9.8;1;31;;15.5;1;1;1.2;1;16;0;0;0;0;31;31;0;3.3;1;31;;-3.9;1;17;10.1;1;6;0;0;30;31;31;0;0;8;6.5;1;15.7;1;29;31;6.5;1;31;6.1;1;31;0;-0.9;1;16;12.5;1;6;43;1;29;31;98;1;28;31;84;9;31;7.8;1;31;30.2;1;24.0;1;290;1;9;25;8;0;31;22.3;9;290;1;9;24;6;0;31;15.3;1;270;1;9;18;12;1;31;5.1;1;31;7346;1;31;3;9;7;17085;9;31;;;0;;;0;;;;;;0;1;;;;0;0;9;0;9;;0;0;0;0;0;6
11069001;CARCASSONNE;43.215333;2.295500;128;200801;81.2;1;31;;20.8;1;17;9;5;3;0;0;0;1022.8;9;31;997.8;9;3;12.0;1;31;;16.0;1;6;6.4;1;29;0;0;0;0;31;31;0;4.7;1;31;;-1.3;1;1;10.9;1;19;0;0;30;31;31;0;0;3;7.2;1;16.0;1;27;31;8.3;1;31;8.2;1;31;0;3.3;1;1;13.3;1;19;40;1;27;31;98;1;26;31;85;9;31;8.9;1;31;31.9;1;23.0;1;280;1;11;25;7;0;31;21.4;9;280;1;11;22;5;0;31;15.2;1;290;1;11;19;9;1;31;4.3;1;31;5561;1;31;5;14;2;16550;9;31;;;0;;;0;;;;;;0;0;;;;0;0;9;0;9;;0;0;0;0;0;4
11069001;CARCASSONNE;43.215333;2.295500;128;200802;9.4;1;29;;4.2;1;3;3;0;0;0;0;0;1026.1;9;29;1012.4;9;3;14.2;1;29;;19.7;1;22;9.6;1;20;0;0;0;0;29;29;0;5.6;1;29;;-1.7;1;3;11.8;1;27;0;0;26;29;29;0;0;4;8.6;1;16.3;1;5;29;9.9;1;29;9.3;1;29;0;5.2;1;1;14.5;1;27;37;1;22;29;98;1;26;29;81;9;29;9.2;1;29;46.6;1;20.0;1;80;1;17;21;10;0;29;18.7;9;80;1;17;20;3;0;29;14.0;1;80;1;17;18;13;0;29;4.9;1;29;8979;1;29;3;9;9;27204;9;29;;;0;;;0;;;;;;0;0;;;;0;0;9;0;9;;0;0;0;0;0;2
11069001;CARCASSONNE;43.215333;2.295500;128;200803;68.0;1;31;;12.0;1;21;12;6;2;0;0;0;1014.5;9;31;996.7;9;22;13.5;1;31;;24.4;1;14;6.6;1;23;0;0;0;0;30;31;0;5.8;1;31;;0.2;1;6;11.4;1;1;0;0;28;31;31;0;0;0;7.7;1;18.0;1;14;31;9.7;1;31;9.1;1;31;0;3.8;1;6;15.4;1;14;24;1;14;31;99;1;15;31;77;9;31;8.6;1;31;71.1;1;26.0;1;270;1;1;30;21;0;31;24.1;9;270;1;1;30;16;0;31;16.7;1;300;1;1;28;22;3;31;6.6;1;31;6533;1;31;4;15;3;35125;9;31;;;0;;;0;;;;;;0;3;;;;0;0;9;0;9;;0;0;0;0;0;1
11069001;CARCASSONNE;43.215333;2.295500;128;200804;56.6;1;30;;18.0;1;20;9;4;1;0;0;0;1012.8;9;30;992.9;9;18;17.4;1;30;;25.0;1;26;11.2;1;11;0;1;0;0;25;30;0;7.6;1;30;;3.4;1;16;13.2;1;10;0;0;26;30;30;0;0;0;9.8;1;17.1;1;26;30;12.5;1;30;12.1;1;30;0;8.8;1;11;16.5;1;27;13;1;7;30;97;1;21;30;74;9;30;9.7;1;30;101.7;1;22.0;1;260;1;17;30;18;0;30;20.5;9;260;1;17;30;8;0;30;13.7;1;80;1;18;27;21;0;30;5.6;1;30;11587;1;30;3;6;7;53045;9;30;;;0;;;0;;;;;;0;0;;;;0;0;9;0;9;;0;0;0;0;3;0
11069001;CARCASSONNE;43.215333;2.295500;128;200805;86.0;1;31;;31.8;1;27;10;4;2;1;0;0;1012.1;9;31;1004.8;9;27;21.6;1;31;;25.6;1;30;15.9;1;27;0;2;0;0;6;31;0;12.2;1;31;;5.2;1;1;16.4;1;24;0;0;7;26;31;0;0;0;9.4;1;16.3;1;13;31;16.9;1;31;16.6;1;31;0;12.8;1;1;20.6;1;30;25;1;4;31;98;1;28;31;76;9;31;13.2;1;31;122.5;1;19.0;1;70;1;8;27;7;0;31;17.7;9;70;1;8;27;3;0;31;14.0;1;80;1;7;21;12;0;31;4.7;1;30;10530;1;31;4;8;5;57956;9;31;;;0;;;0;;;;;;0;0;;;;0;0;9;0;9;;0;0;0;0;4;1
11069001;CARCASSONNE;43.215333;2.295500;128;200806;55.0;1;30;;13.4;1;2;9;4;2;0;0;0;1017.2;9;30;1006.4;9;16;25.1;1;30;;33.1;1;21;17.1;1;1;0;14;7;0;4;18;2;15.1;1;30;;9.8;1;7;20.6;1;30;0;0;1;16;28;2;0;0;10.1;1;19.0;1;19;30;20.1;1;30;19.7;1;30;6;13.9;1;8;26.3;1;21;34;1;19;30;98;1;10;30;75;9;30;16.0;1;30;145.9;1;17.0;1;300;1;12;25;2;0;30;15.9;9;300;1;12;21;0;0;30;11.4;1;90;1;23;15;4;0;30;4.4;1;30;12567;1;30;2;7;6;66306;9;30;;;0;;;0;;;;;;0;0;;;;0;0;9;0;9;;0;0;0;0;2;1
11069001;CARCASSONNE;43.215333;2.295500;128;200807;25.2;1;31;;12.2;1;12;5;1;1;0;0;0;1016.5;9;31;1010.7;9;2;28.3;1;31;;32.7;1;9;20.9;1;6;0;25;12;0;0;9;5;16.5;1;31;;12.6;1;8;20.7;1;30;0;0;0;10;28;3;0;0;11.8;1;19.2;1;23;31;22.4;1;31;22.2;1;31;10;17.9;1;13;25.3;1;28;18;1;23;31;97;1;30;31;65;9;31;16.3;1;31;174.6;1;18.0;1;80;1;28;27;3;0;31;16.7;9;80;1;28;23;1;0;31;11.7;1;90;1;28;14;5;0;31;4.2;1;31;16897;1;31;0;6;11;73118;9;31;;;0;;;0;;;;;;0;0;;;;0;0;9;0;9;;0;0;0;0;3;0
11069001;CARCASSONNE;43.215333;2.295500;128;200808;21.4;1;31;;6.8;1;31;5;2;0;0;0;0;1015.8;9;31;1006.5;9;11;28.6;1;31;;35.5;1;5;21.3;1;15;0;26;11;1;0;10;8;16.5;1;31;;11.1;1;24;21.4;1;4;0;0;0;10;27;4;0;0;12.1;1;19.3;1;21;31;22.6;1;31;22.2;1;31;7;16.9;1;15;27.9;1;5;16;1;10;31;99;1;19;31;67;9;31;16.5;1;31;155.0;1;18.0;1;290;1;15;24;4;0;31;16.7;9;290;1;15;19;1;0;31;11.3;1;290;9;5;11;5;0;31;3.9;1;31;15039;1;31;1;4;13;62310;9;31;;;0;;;0;;;;;;0;0;;;;0;0;9;0;9;;0;0;0;0;3;0
11069001;CARCASSONNE;43.215333;2.295500;128;200809;21.0;1;30;;12.8;1;11;5;1;1;0;0;0;1016.5;9;30;1004.8;9;5;24.3;1;30;;31.2;1;3;17.5;1;14;0;12;1;0;3;23;0;13.1;1;30;;6.8;1;28;18.9;1;4;0;0;6;20;30;0;0;0;11.2;1;18.5;1;28;30;18.7;1;30;18.1;1;30;0;15.2;1;24;24.1;1;4;25;1;28;30;98;1;19;30;70;9;30;13.8;1;30;107.4;1;18.0;1;270;1;11;26;4;0;30;16.7;9;270;1;11;26;1;0;30;11.1;1;280;1;11;17;3;0;30;3.9;1;30;13208;1;30;2;5;11;46894;9;30;;;0;;;0;;;;;;0;0;;;;0;0;9;0;9;;0;0;0;0;2;0
11069001;CARCASSONNE;43.215333;2.295500;128;200810;32.6;1;31;;8.6;1;7;7;2;0;0;0;0;1019.3;9;31;997.1;9;31;19.5;1;31;;25.5;1;14;9.7;1;29;0;1;0;0;14;31;0;10.3;1;31;;1.9;1;30;18.2;1;21;0;0;17;25;31;0;0;0;9.2;1;19.6;1;5;31;14.9;1;31;14.4;1;31;0;7.2;1;30;20.6;1;21;23;1;5;31;99;1;7;31;79;9;31;12.3;1;31;68.2;1;19.0;1;290;1;3;22;5;0;31;17.6;9;290;1;3;20;2;0;31;12.5;1;90;1;11;13;3;0;31;4.2;1;31;9316;1;31;4;9;5;31514;9;31;;;0;;;0;;;;;;0;0;;;;0;0;9;0;9;;0;0;0;0;0;0
11069001;CARCASSONNE;43.215333;2.295500;128;200811;110.8;1;30;;32.8;1;2;10;7;2;1;0;0;1017.0;9;30;993.2;9;29;12.0;1;30;;19.2;1;1;5.7;1;25;0;0;0;0;30;30;0;6.1;1;30;;-3.1;1;29;13.9;1;1;0;0;27;30;30;0;0;3;5.9;1;13.8;1;29;30;9.0;1;30;8.8;1;30;0;3.3;1;26;16.6;1;1;45;1;30;30;97;1;30;30;84;9;30;9.3;1;30;33.1;1;24.0;1;290;9;23;23;7;0;30;22.0;9;290;1;23;21;4;0;30;14.1;1;280;9;23;13;7;0;30;4.3;1;30;3909;1;30;6;19;2;15172;9;30;;;0;;;0;;;;;;0;0;;;;0;0;1;0;1;;0;0;0;0;1;1
11069001;CARCASSONNE;43.215333;2.295500;128;200812;74.2;1;31;;12.4;1;5;13;7;3;0;0;0;1018.8;9;31;997.1;9;14;8.5;1;31;;13.6;1;21;4.0;1;26;0;0;0;0;31;31;0;3.4;1;31;;-2.6;1;24;8.4;1;20;0;0;31;31;31;0;0;4;5.1;1;14.5;1;24;31;5.9;1;31;5.6;1;31;0;2.1;1;26;10.6;1;21;53;1;21;31;97;1;31;31;84;9;31;7.6;1;31;25.6;1;18.0;1;310;1;5;25;5;0;31;16.7;9;310;1;5;23;1;0;31;11.3;1;310;1;19;19;7;0;31;4.5;1;31;3650;1;31;11;18;3;12037;9;31;;;0;;;0;3;1;3;1;26;2;1;1;0;0;1;0;9;3;9;27;2;0;0;0;0;4
11069001;CARCASSONNE;43.215333;2.295500;128;200901;101.7;1;31;;32.6;1;22;9;4;3;1;0;0;1014.7;9;31;993.9;9;24;8.7;1;31;;14.6;1;23;-0.5;1;7;1;0;0;0;31;31;0;2.3;1;31;;-5.7;1;8;9.4;1;1;1;0;31;31;31;0;0;7;6.4;1;11.7;1;15;31;5.5;1;31;5.1;1;31;0;-2.2;1;8;10.4;1;1;43;1;15;31;97;1;23;31;84;9;31;7.4;1;31;27.6;1;37.0;1;280;1;24;18;6;1;29;33.0;9;280;1;24;16;3;1;29;20.3;1;290;1;24;14;4;1;29;4.1;1;29;4794;1;31;8;16;1;16131;9;31;;;0;;;0;2;1;2;1;7;1;3;1;0;0;2;0;1;2;1;8;1;0;0;0;0;4
11069001;CARCASSONNE;43.215333;2.295500;128;200902;25.0;1;28;;7.6;1;6;6;2;0;0;0;0;1015.9;9;28;992.4;9;6;11.2;1;28;;18.6;1;27;5.3;1;11;0;0;0;0;28;28;0;2.5;1;28;;-3.6;1;16;6.9;1;24;0;0;28;28;28;0;0;5;8.7;1;17.4;1;26;28;6.9;1;28;6.5;1;28;0;2.4;1;16;11.7;1;27;19;1;27;28;97;1;26;28;73;9;28;6.7;1;28;48.8;1;20.0;1;280;1;7;25;11;0;28;18.5;9;280;1;7;24;5;0;28;13.3;1;300;1;7;22;12;0;28;5.2;1;28;6984;1;28;1;9;5;24722;9;28;;;0;;;0;0;1;0;1;;1;2;0;0;0;0;0;1;0;1;;0;0;0;0;0;3
11069001;CARCASSONNE;43.215333;2.295500;128;200903;34.8;1;31;;7.8;1;5;6;3;0;0;0;0;1017.3;9;31;991.8;9;5;15.4;1;31;;24.0;1;13;7.7;1;5;0;0;0;0;27;31;0;4.9;1;31;;0.1;1;21;10.2;1;15;0;0;30;31;31;0;0;0;10.5;1;21.4;1;19;31;10.2;1;31;9.9;1;31;0;5.1;1;4;14.2;1;14;11;1;20;31;95;1;21;31;66;9;31;7.2;1;31;88.9;1;23.0;1;330;1;6;26;7;0;31;21.2;9;330;1;6;26;4;0;31;16.2;1;330;1;6;22;9;1;31;4.9;1;31;12274;1;31;4;8;14;43713;9;31;;;0;;;0;0;1;0;1;;16;0;0;0;0;0;0;9;0;1;;0;0;0;0;0;0
11069001;CARCASSONNE;43.215333;2.295500;128;200904;140.8;1;30;;25.2;1;11;14;10;6;0;0;0;1014.6;9;30;1003.9;9;15;16.1;1;30;;23.3;1;23;8.2;1;12;0;0;0;0;25;30;0;7.7;1;30;;3.0;1;9;12.9;1;25;0;0;26;30;30;0;0;0;8.4;1;15.3;1;4;30;11.9;1;30;11.6;1;30;0;6.9;1;12;16.6;1;23;29;1;23;30;98;1;4;30;79;9;30;10.0;1;30;82.2;1;21.2;1;90;1;15;23;9;0;30;20.1;9;90;1;15;23;6;0;30;14.8;1;90;1;15;18;10;0;30;4.8;1;30;8607;1;30;9;13;4;41781;1;30;;;0;;;0;0;1;0;1;;30;0;0;0;0;0;0;1;0;1;;0;0;0;0;0;0
11069001;CARCASSONNE;43.215333;2.295500;128;200905;43.4;1;31;;18.4;1;31;5;2;2;0;0;0;1018.4;9;31;1012.2;9;14;22.5;1;31;;29.2;1;29;15.7;1;1;0;10;0;0;9;29;0;12.9;1;31;;5.5;1;16;18.3;1;25;0;0;2;24;31;0;0;0;9.6;1;20.3;1;16;31;17.7;1;31;17.3;1;31;0;13.2;1;1;22.0;1;25;23;1;16;31;98;1;24;31;75;9;31;13.9;1;31;126.4;1;19.4;1;90;1;25;27;10;0;31;18.7;9;90;1;25;27;6;0;31;13.0;1;90;1;9;24;11;0;31;5.2;1;31;11880;1;31;3;11;9;58510;1;31;;;0;;;0;0;1;0;1;;31;0;0;0;0;0;0;1;0;1;;0;0;0;0;1;0
11069001;CARCASSONNE;43.215333;2.295500;128;200906;17.6;1;30;;11.6;1;5;4;1;1;0;0;0;1015.7;9;30;1004.8;9;6;27.3;1;30;;35.5;1;30;21.7;1;8;0;21;7;1;0;16;4;15.2;1;30;;10.6;1;9;19.7;1;29;0;0;0;17;30;0;0;0;12.1;1;20.7;1;28;30;21.3;1;30;21.2;1;30;4;17.5;1;9;27.0;1;29;15;1;28;30;98;1;9;30;63;9;30;14.4;1;30;167.6;1;17.3;1;300;1;20;20;2;0;30;15.5;9;300;1;20;19;0;0;30;10.8;1;310;1;20;13;2;0;30;3.9;1;30;11938;1;24;0;6;8;71952;1;30;;;0;;;0;0;1;0;1;;30;0;0;0;0;0;0;1;0;1;;0;0;0;0;2;0
11069001;CARCASSONNE;43.215333;2.295500;128;200907;10.0;1;31;;3.6;1;20;5;0;0;0;0;0;1017.1;9;31;1008.8;9;22;29.2;1;31;;35.7;1;1;20.5;1;17;0;28;14;1;0;6;7;17.1;1;31;;11.8;1;26;21.5;1;23;0;0;0;10;23;8;0;0;12.1;1;21.9;1;26;31;23.2;1;31;22.8;1;31;10;17.2;1;17;28.1;1;1;20;1;26;31;98;1;16;31;63;9;31;16.0;1;31;185.9;1;21.5;1;100;1;22;26;8;0;31;20.2;9;100;1;22;23;4;0;31;14.7;1;90;1;21;16;10;0;31;4.8;1;31;4783;1;7;0;1;5;66434;1;29;;;0;;;0;0;1;0;1;;31;0;0;0;0;0;0;1;0;1;;0;0;0;0;2;1
11069001;CARCASSONNE;43.215333;2.295500;128;200908;25.0;1;31;;12.0;1;1;4;2;1;0;0;0;1017.1;9;31;1010.5;9;24;30.9;1;31;;37.5;1;16;23.8;1;9;0;29;19;6;0;7;14;17.8;1;31;;11.1;1;31;22.6;1;21;0;0;0;5;25;6;0;0;13.1;1;21.5;1;5;31;24.3;1;31;23.8;1;31;16;20.4;1;31;29.8;1;18;16;1;30;31;98;1;27;31;60;9;31;16.1;1;31;184.8;1;22.5;1;260;1;1;27;3;0;31;20.9;9;260;1;1;22;1;0;31;12.4;1;260;1;1;11;4;0;31;4.2;1;31;18481;1;31;0;4;17;68507;1;31;;;0;;;0;0;1;0;1;;31;0;0;0;0;0;0;1;0;1;;0;0;0;1;4;1
11069001;CARCASSONNE;43.215333;2.295500;128;200909;10.2;1;30;;4.2;1;1;3;0;0;0;0;0;1018.5;9;30;1009.5;9;16;26.4;1;30;;31.0;1;9;20.7;1;20;0;22;4;0;0;17;0;13.3;1;30;;8.8;1;17;20.7;1;1;0;0;1;23;29;1;0;0;13.1;1;19.4;1;29;30;19.9;1;30;19.3;1;30;0;16.7;1;19;23.4;1;1;12;1;6;30;98;1;23;30;65;9;30;13.3;1;30;119.9;1;18.1;1;280;1;4;20;3;0;30;17.1;9;310;1;14;19;2;0;30;10.9;1;90;1;1;12;3;0;30;3.6;1;30;14656;1;30;0;5;16;49355;1;30;;;0;;;0;0;1;0;1;;30;0;0;0;0;0;0;1;0;1;;0;0;0;0;1;0
11069001;CARCASSONNE;43.215333;2.295500;128;200910;33.2;1;31;;17.4;1;8;6;2;1;0;0;0;1017.8;9;31;1000.2;9;21;20.8;1;31;;26.9;1;29;13.6;1;22;0;6;0;0;11;31;0;11.0;1;31;;-1.3;1;19;20.1;1;7;0;0;13;23;30;1;0;1;9.8;1;18.4;1;29;31;15.9;1;31;15.4;1;31;0;7.0;1;19;23.1;1;6;24;1;16;31;99;1;29;31;72;9;31;12.3;1;31;85.6;1;20.4;1;310;1;8;26;7;0;31;19.0;9;310;1;8;25;2;0;31;12.7;1;300;1;8;22;12;0;31;4.8;1;31;12262;1;31;1;4;12;35900;1;31;;;0;;;0;0;1;0;1;;31;0;0;0;0;0;0;1;0;1;;0;0;0;0;1;3
11069001;CARCASSONNE;43.215333;2.295500;128;200911;49.0;1;30;;7.0;1;4;10;5;0;0;0;0;1015.3;9;30;1001.6;9;29;15.2;1;30;;20.0;1;14;8.8;1;9;0;0;0;0;30;30;0;8.9;1;30;;1.7;1;28;14.7;1;16;0;0;21;30;30;0;0;0;6.3;1;13.2;1;28;30;12.1;1;30;11.8;1;30;0;7.6;1;10;16.8;1;16;41;1;24;30;98;1;19;30;82;9;30;11.2;1;30;38.5;1;24.7;1;290;1;7;23;8;0;30;23.3;9;290;1;7;21;6;0;30;15.9;1;290;1;7;17;9;1;30;4.5;1;30;5285;1;30;4;13;1;16522;1;30;;;0;;;0;0;1;0;1;;30;0;0;0;0;0;0;1;0;1;;0;0;0;0;0;1
11069001;CARCASSONNE;43.215333;2.295500;128;200912;43.0;1;31;;11.6;1;4;9;3;2;0;0;0;1010.7;9;31;989.2;9;24;9.5;1;31;;16.4;1;9;0.6;1;19;0;0;0;0;31;31;0;3.5;1;31;;-5.1;1;18;10.2;1;8;1;0;30;31;31;0;0;6;6.0;1;13.9;1;21;31;6.5;1;31;6.4;1;31;0;-1.5;1;18;12.9;1;9;44;1;20;31;99;1;30;31;84;9;31;8.1;1;31;27.3;1;18.5;1;90;1;23;22;4;0;31;18.0;9;90;1;23;21;3;0;31;12.2;1;80;1;23;16;3;0;31;4.3;1;31;4325;1;31;10;17;3;12453;1;31;;;0;;;0;0;1;0;1;;31;2;0;0;0;1;0;1;2;1;18;1;0;0;0;0;3
11069001;CARCASSONNE;43.215333;2.295500;128;201001;99.3;1;31;;50.0;1;14;11;6;2;1;1;0;1015.1;9;31;999.7;9;14;7.4;1;31;;14.7;1;22;-2.7;1;9;2;0;0;0;31;31;0;1.0;1;31;;-7.9;1;12;7.1;1;1;2;0;31;31;31;0;0;13;6.4;1;14.3;1;22;31;4.2;1;31;3.8;1;31;0;-3.3;1;9;9.9;1;14;31;1;22;31;98;1;20;31;82;9;31;6.5;1;31;29.2;1;23.7;1;290;1;1;25;7;0;31;23.1;9;290;1;1;23;6;0;31;14.3;1;290;1;1;21;8;0;31;4.8;1;31;5561;1;31;8;16;3;16308;1;31;;;0;;;0;7;1;5;1;8;31;7;2;1;0;6;0;1;7;1;10;3;0;0;0;1;2
11069001;CARCASSONNE;43.215333;2.295500;128;201002;44.2;1;28;;10.6;1;18;9;4;1;0;0;0;1007.7;9;28;991.1;9;17;9.9;1;28;;17.8;1;24;-1.3;1;11;2;0;0;0;28;28;0;1.8;1;28;;-5.8;1;15;11.0;1;28;1;0;27;28;28;0;0;11;8.1;1;18.6;1;3;28;5.8;1;28;5.6;1;28;0;-3.0;1;11;13.4;1;28;29;1;24;28;98;1;24;28;78;9;28;6.8;1;28;40.7;1;23.0;1;270;1;6;24;13;0;28;21.0;9;90;1;27;24;11;0;28;16.1;1;90;9;27;21;14;1;28;5.0;1;28;6106;1;28;2;11;3;22527;1;28;;;0;;;0;6;1;2;1;12;28;3;3;0;0;4;0;1;3;1;11;4;0;0;0;0;1
11069001;CARCASSONNE;43.215333;2.295500;128;201003;62.6;1;31;;10.6;1;31;10;7;1;0;0;0;1017.9;9;31;1006.7;9;30;12.5;1;31;;20.5;1;16;0.1;1;8;0;0;0;0;30;31;0;4.1;1;31;;-5.2;1;10;11.4;1;25;1;0;27;31;31;0;0;10;8.4;1;23.3;1;16;31;8.3;1;31;8.0;1;31;0;-1.6;1;10;14.1;1;26;12;1;16;31;98;1;24;31;75;9;31;7.9;1;31;65.9;1;26.6;1;290;1;30;24;11;0;31;24.0;9;300;1;30;24;10;0;31;17.7;1;290;1;30;24;18;1;31;5.0;1;31;10552;1;31;4;9;10;39502;1;31;;;0;;;0;20;1;18;1;8;31;2;2;1;1;4;2;1;19;1;8;4;3;0;0;1;0
11069001;CARCASSONNE;43.215333;2.295500;128;201004;28.2;1;30;;14.2;1;7;5;2;1;0;0;0;1017.7;9;30;1009.4;9;22;19.5;1;30;;26.1;1;21;11.3;1;7;0;4;0;0;16;30;0;7.7;1;30;;1.3;1;13;14.1;1;30;0;0;24;30;30;0;0;0;11.8;1;19.5;1;21;30;13.6;1;30;13.4;1;30;0;8.7;1;13;18.8;1;26;17;1;27;30;98;1;25;30;69;9;30;9.5;1;30;110.2;1;20.6;1;100;1;6;21;3;0;30;19.6;9;90;1;6;19;2;0;30;14.8;1;90;1;6;12;5;0;30;4.0;1;30;15131;1;30;2;7;15;57293;1;30;;;0;;;0;0;1;0;1;;30;0;0;0;0;0;0;1;0;1;;0;0;0;0;0;1
11069001;CARCASSONNE;43.215333;2.295500;128;201005;70.7;1;31;;39.7;1;4;11;2;1;1;0;0;1015.0;9;31;1004.9;9;9;19.7;1;31;;28.2;1;24;6.4;0;4;0;6;0;0;15;29;0;10.1;1;31;;0.9;0;4;16.0;1;31;0;0;14;29;31;0;0;0;9.6;1;17.2;1;23;31;14.9;1;31;14.7;1;31;0;3.7;0;4;20.0;1;24;23;1;22;31;98;1;10;31;72;9;31;11.2;1;31;124.6;1;20.5;1;280;1;31;30;8;0;31;19.2;9;280;1;31;29;6;0;31;13.0;1;290;1;31;21;10;0;31;5.2;1;31;12339;1;31;2;9;7;58634;1;31;;;0;;;0;0;1;0;1;;31;1;0;0;0;0;0;1;0;1;;0;0;0;0;0;1
11069001;CARCASSONNE;43.215333;2.295500;128;201006;44.6;1;30;;12.7;1;14;7;3;2;0;0;0;1014.4;9;30;1001.2;9;10;25.2;1;30;;33.3;1;27;17.2;1;14;0;15;6;0;5;19;3;14.6;1;30;;10.6;1;23;20.2;1;29;0;0;0;19;29;1;0;0;10.6;1;19.9;1;25;30;19.9;1;30;19.5;1;30;5;14.2;1;20;25.6;1;30;22;1;26;30;96;1;17;30;70;9;30;14.7;1;30;149.2;1;18.7;1;300;1;20;24;5;0;30;17.3;9;300;1;20;22;1;0;30;12.4;1;300;1;20;14;7;0;30;4.6;1;30;15341;1;30;2;5;11;67094;1;30;;;0;;;0;0;1;0;1;;30;0;0;0;0;0;0;1;0;1;;0;0;0;0;2;0
11069001;CARCASSONNE;43.215333;2.295500;128;201007;10.1;1;31;;8.3;1;22;1;1;0;0;0;0;1017.6;9;31;1010.2;9;14;29.9;1;31;;36.6;1;11;21.3;1;22;0;29;15;2;0;8;11;18.2;1;31;;13.7;1;8;23.2;1;14;0;0;0;5;22;9;0;0;11.7;1;20.7;1;16;31;24.0;1;31;23.7;1;31;16;19.4;1;22;27.3;1;14;20;1;18;31;95;1;26;31;61;9;31;16.8;1;31;193.4;1;18.7;1;90;1;8;26;5;0;31;17.8;9;90;1;8;26;3;0;31;12.3;1;90;1;14;18;7;0;31;4.7;1;31;17864;1;31;0;4;13;72550;1;31;;;0;;;0;0;1;0;1;;31;0;0;0;0;0;0;1;0;1;;0;0;0;0;1;0
11069001;CARCASSONNE;43.215333;2.295500;128;201008;11.5;1;31;;8.1;1;1;3;1;0;0;0;0;1017.1;9;31;1010.9;9;23;29.2;1;31;;37.3;1;21;24.6;1;5;0;30;13;3;0;14;7;16.3;1;31;;10.5;1;31;21.1;1;23;0;0;0;10;30;1;0;0;12.9;1;20.5;1;25;31;22.8;1;31;22.4;1;31;7;19.4;1;30;27.5;1;21;14;1;31;31;97;1;2;31;59;9;31;14.6;1;31;180.4;1;18.9;1;310;1;5;24;4;0;31;18.5;9;310;1;5;21;3;0;31;12.5;1;310;1;27;17;5;0;31;4.4;1;31;17869;1;31;0;2;14;68232;1;31;;;0;;;0;0;1;0;1;;31;0;0;0;0;0;0;1;0;1;;0;0;0;0;2;0
11069001;CARCASSONNE;43.215333;2.295500;128;201009;31.1;1;30;;9.9;1;23;5;2;0;0;0;0;1016.5;9;30;1003.7;9;7;24.4;1;30;;33.8;1;5;17.2;1;26;0;13;3;0;4;23;1;13.1;1;30;;6.1;1;20;18.7;1;7;0;0;8;21;30;0;0;0;11.3;1;21.8;1;5;30;18.7;1;30;18.2;1;30;0;13.1;1;27;23.1;1;3;11;1;5;30;97;1;22;30;65;9;30;12.9;1;30;118.5;1;17.5;1;280;1;9;26;3;0;30;16.4;9;280;1;9;21;2;0;30;10.6;1;290;1;9;18;3;0;30;4.3;1;30;12969;1;30;1;6;14;46613;1;30;;;0;;;0;0;1;0;1;;30;0;0;0;0;0;0;1;0;1;;0;0;0;0;1;1
11069001;CARCASSONNE;43.215333;2.295500;128;201010;133.0;1;31;;97.2;1;10;6;3;3;1;1;0;1014.0;9;31;997.5;9;31;17.9;1;31;;25.0;1;5;9.7;1;18;0;1;0;0;21;31;0;10.1;1;31;;1.5;1;27;17.6;1;8;0;0;15;25;31;0;0;0;7.8;1;16.7;1;28;31;14.0;1;31;13.5;1;31;0;8.2;1;18;20.2;1;8;18;1;5;31;98;1;2;31;76;9;31;11.4;1;31;70.8;1;23.6;1;300;1;25;26;14;0;31;21.3;9;270;1;4;25;11;0;31;14.7;1;80;1;29;22;15;0;31;5.7;1;31;7806;1;31;3;12;5;27402;1;31;;;0;;;0;0;1;0;1;;31;0;0;0;0;0;0;1;0;1;;0;0;0;0;0;0
11069001;CARCASSONNE;43.215333;2.295500;128;201011;37.7;1;30;;8.7;1;8;13;1;0;0;0;0;1010.9;9;30;984.6;9;9;13.2;1;30;;21.0;1;5;6.7;1;26;0;0;0;0;29;30;0;5.8;1;30;;-3.7;1;27;13.5;1;14;0;0;24;30;30;0;0;3;7.3;1;13.8;1;27;30;9.5;1;30;9.1;1;30;0;2.7;1;29;16.4;1;4;48;1;27;30;98;1;13;30;82;9;30;9.4;1;30;36.3;1;18.0;1;270;1;2;23;4;0;30;16.9;9;270;1;2;21;2;0;30;12.1;1;300;1;2;16;4;0;30;3.9;1;30;6451;1;30;0;12;5;18073;1;30;;;0;;;0;0;1;0;1;;30;0;0;0;0;0;0;1;0;1;;0;0;0;0;0;0
11069001;CARCASSONNE;43.215333;2.295500;128;201012;8.8;1;31;;6.0;1;23;2;1;0;0;0;0;1013.7;9;31;995.2;9;22;9.0;1;31;;16.6;1;8;0.9;1;15;0;0;0;0;31;31;0;1.8;1;31;;-7.2;1;27;10.9;1;8;2;0;30;31;31;0;0;12;7.2;1;15.0;1;11;31;5.4;1;31;5.2;1;31;0;-1.2;1;26;13.8;1;8;25;1;27;31;98;1;23;31;79;9;31;7.1;1;31;31.4;1;20.6;1;300;1;25;26;9;0;31;19.3;1;300;1;25;25;6;0;31;14.0;1;310;9;15;21;11;0;31;5.1;1;31;5846;1;31;6;16;7;13832;1;31;;;0;;;0;0;1;0;1;;31;4;0;0;0;0;0;1;0;1;;0;0;0;0;0;2
11069001;CARCASSONNE;43.215333;2.295500;128;201101;39.9;1;31;;17.0;1;29;5;3;1;0;0;0;1020.3;9;31;1006.8;9;27;9.1;1;31;;16.8;1;18;0.7;1;22;0;0;0;0;31;31;0;2.1;1;31;;-4.4;1;24;10.3;1;13;0;0;30;31;31;0;0;10;7.0;1;14.9;1;18;31;5.6;1;31;5.4;1;31;0;-0.7;1;22;13.5;1;13;41;1;20;31;98;1;14;31;81;9;31;7.3;1;31;30.2;1;19.9;1;290;1;11;23;3;0;31;18.9;1;280;1;11;23;2;0;31;12.5;1;290;1;11;14;4;0;31;4.5;1;31;6396;1;31;4;16;8;16734;1;31;;;0;;;0;0;1;0;1;;31;2;0;0;0;0;0;1;0;1;;0;0;0;0;0;2
11069001;CARCASSONNE;43.215333;2.295500;128;201102;56.7;1;28;;25.4;1;17;8;2;2;0;0;0;1020.2;9;28;996.5;9;16;11.5;1;28;;17.4;1;6;1.6;1;1;0;0;0;0;28;28;0;3.8;1;28;;-1.4;1;7;10.0;1;25;0;0;28;28;28;0;0;6;7.7;1;15.6;1;19;28;7.6;1;28;7.3;1;28;0;0.6;1;1;12.3;1;25;33;1;6;28;98;1;21;28;81;9;28;8.0;1;28;39.2;1;20.6;1;280;1;22;23;4;0;28;19.8;1;280;1;22;22;3;0;28;13.6;1;310;1;22;21;5;0;28;4.8;1;28;6469;1;28;1;10;3;21528;1;28;;;0;;;0;0;1;0;1;;27;0;0;0;0;0;0;1;0;1;;0;0;0;1;0;5
11069001;CARCASSONNE;43.215333;2.295500;128;201103;95.5;1;31;;29.2;1;12;8;5;4;0;0;0;1020.3;9;31;1002.3;9;16;14.3;1;31;;17.6;1;26;6.3;1;2;0;0;0;0;31;31;0;6.3;1;31;;-1.2;1;7;11.0;1;15;0;0;26;31;31;0;0;2;8.0;1;17.2;1;7;31;10.3;1;31;9.9;1;31;0;5.3;1;2;14.0;1;27;27;1;21;31;97;1;31;31;77;9;31;9.0;1;31;69.9;1;19.4;1;100;1;24;27;9;0;31;18.4;1;300;1;17;26;8;0;31;13.5;1;90;1;24;19;11;0;31;5.4;1;31;9985;1;31;3;10;8;37724;1;31;;;0;;;0;0;1;0;1;;31;0;0;0;0;0;0;1;0;1;;0;0;0;0;0;1
11069001;CARCASSONNE;43.215333;2.295500;128;201104;16.7;1;30;;12.1;1;23;3;1;1;0;0;0;1017.4;9;30;1003.1;9;30;20.8;1;30;;29.0;1;9;15.2;1;2;0;3;0;0;12;28;0;9.9;1;30;;3.1;1;14;14.1;1;10;0;0;12;30;30;0;0;0;10.9;1;20.3;1;9;30;15.4;1;30;14.9;1;30;0;11.9;1;14;19.4;1;8;17;1;13;30;98;1;1;30;68;9;30;10.4;1;30;124.5;1;22.1;1;90;1;20;28;6;0;30;20.3;1;90;1;20;27;6;0;30;15.1;1;90;1;20;21;9;1;30;5.3;1;30;14566;1;30;2;5;10;58363;1;30;;;0;;;0;0;1;0;1;;29;0;0;0;0;0;0;1;0;1;;0;0;0;0;0;1
11069001;CARCASSONNE;43.215333;2.295500;128;201105;30.9;1;31;;18.3;1;30;4;2;1;0;0;0;1018.9;9;31;1004.0;9;1;23.8;1;31;;31.3;1;25;17.1;1;7;0;11;1;0;6;22;0;12.4;1;31;;8.2;1;5;17.1;1;30;0;0;8;27;31;0;0;0;11.4;1;20.7;1;29;31;18.1;1;31;17.9;1;31;0;14.2;1;3;23.3;1;25;14;1;25;31;97;1;14;31;66;9;31;12.2;1;31;152.7;1;20.8;1;80;1;6;24;5;0;31;19.3;1;80;1;6;24;3;0;31;14.0;1;90;1;7;21;7;0;31;5.0;1;31;16774;1;31;0;4;11;69166;1;31;;;0;;;0;0;1;0;1;;31;0;0;0;0;0;0;1;0;1;;0;0;0;0;1;0
11069001;CARCASSONNE;43.215333;2.295500;128;201106;44.1;1;30;;12.8;1;4;9;3;1;0;0;0;1018.3;9;30;1007.9;9;6;24.0;1;30;;31.7;1;26;13.9;1;2;0;11;5;0;6;22;0;14.1;1;30;;9.1;1;1;18.4;1;22;0;0;1;18;30;0;0;0;9.9;1;19.6;1;20;30;19.0;1;30;18.8;1;30;1;12.3;1;2;23.4;1;26;25;1;30;30;98;1;5;30;69;9;30;14.1;1;30;145.1;1;20.9;1;300;1;1;24;3;0;30;20.5;1;300;1;1;23;2;0;30;12.8;1;300;1;1;17;6;0;30;4.5;1;30;13812;1;30;1;7;8;64298;1;30;;;0;;;0;0;1;0;1;;30;0;0;0;0;0;0;1;0;1;;0;0;0;0;3;1
11069001;CARCASSONNE;43.215333;2.295500;128;201107;44.5;1;31;;10.3;1;12;10;4;1;0;0;0;1015.0;9;31;1010.6;9;3;25.9;1;31;;32.5;1;11;20.6;1;17;0;18;5;0;0;19;2;15.3;1;31;;12.0;1;2;20.1;1;12;0;0;0;15;30;1;0;0;10.6;1;18.5;1;2;31;20.6;1;31;20.4;1;31;2;17.5;1;24;25.3;1;11;18;1;1;31;97;1;26;31;63;9;31;14.0;1;31;167.1;1;20.7;1;290;1;19;27;5;0;31;19.4;1;290;1;19;25;2;0;31;13.1;1;300;1;19;17;8;0;31;4.7;1;31;15118;1;31;0;8;11;69834;1;31;;;0;;;0;0;1;0;1;;31;0;0;0;0;0;0;1;0;1;;0;0;0;0;2;0
11069001;CARCASSONNE;43.215333;2.295500;128;201108;14.4;1;31;;13.4;1;6;1;1;1;0;0;0;1015.6;9;31;1008.6;9;6;29.2;1;31;;34.5;1;20;23.4;1;9;0;26;15;0;0;7;6;16.6;1;31;;9.8;1;11;22.3;1;18;0;0;2;10;27;4;0;0;12.6;1;21.9;1;11;31;22.9;1;31;22.5;1;31;9;18.5;1;27;26.7;1;22;12;1;11;31;98;1;19;31;65;9;31;16.4;1;31;164.0;1;20.4;1;100;1;2;23;7;0;31;18.9;1;100;1;2;23;3;0;31;13.8;1;90;1;2;17;10;0;31;4.2;1;31;16386;1;31;0;2;13;64583;1;31;;;0;;;0;0;1;0;1;;31;0;0;0;0;0;0;1;0;1;;0;0;0;0;2;1
11069001;CARCASSONNE;43.215333;2.295500;128;201109;91.6;1;30;;71.6;1;3;4;3;2;1;1;0;1018.2;9;30;1010.7;9;1;26.8;1;30;;32.5;1;9;17.3;1;18;0;25;3;0;2;12;1;15.7;1;30;;8.8;1;21;21.5;1;2;0;0;1;14;25;5;0;0;11.1;1;18.8;1;27;30;21.3;1;30;20.7;1;30;1;15.2;1;19;25.4;1;2;23;1;26;30;98;1;29;30;70;9;30;15.9;1;30;123.3;1;16.1;1;290;1;18;22;1;0;30;15.5;1;90;1;1;20;0;0;30;11.5;1;90;1;1;12;4;0;30;4.2;1;30;14740;1;30;0;3;17;50821;1;30;;;0;;;0;0;1;0;1;;29;0;0;0;0;0;0;1;0;1;;0;0;0;0;2;1
11069001;CARCASSONNE;43.215333;2.295500;128;201110;42.4;1;31;;29.7;1;28;4;2;1;0;0;0;1020.7;9;31;1000.6;9;24;21.7;1;31;;30.0;1;2;14.4;1;28;0;8;2;0;12;26;0;10.9;1;31;;2.0;1;26;15.9;1;5;0;0;11;30;31;0;0;0;10.8;1;20.9;1;2;31;16.3;1;31;15.8;1;31;0;9.7;1;21;21.4;1;4;18;1;2;31;98;1;31;31;70;9;31;11.5;1;31;92.9;1;22.5;1;110;1;24;21;6;0;31;20.2;1;110;1;24;21;4;0;31;13.1;1;90;1;24;20;9;0;31;4.6;1;31;13477;1;31;3;4;16;38184;1;31;;;0;;;0;0;1;0;1;;31;0;0;0;0;0;0;1;0;1;;0;0;0;0;0;2
11069001;CARCASSONNE;43.215333;2.295500;128;201111;52.7;1;30;;15.5;1;21;5;4;3;0;0;0;1018.3;9;30;997.2;9;4;15.6;1;30;;22.0;1;2;9.5;1;27;0;0;0;0;28;30;0;10.6;1;30;;4.9;1;27;16.1;1;3;0;0;11;27;30;0;0;0;5.0;1;13.7;1;9;30;13.1;1;30;12.8;1;30;0;7.2;1;27;18.5;1;3;45;1;17;30;99;1;25;30;88;9;30;12.5;1;30;36.0;1;19.8;1;80;1;3;21;5;0;30;18.7;1;80;1;3;18;2;0;30;13.9;1;80;1;3;14;10;0;30;4.5;1;30;5323;1;30;6;13;3;16381;1;30;;;0;;;0;0;1;0;1;;30;0;0;0;0;0;0;1;0;1;;0;0;0;0;0;2
11069001;CARCASSONNE;43.215333;2.295500;128;201112;48.6;1;31;;16.8;1;21;11;1;1;0;0;0;1024.4;9;31;1009.1;9;16;11.8;1;31;;15.5;1;8;6.7;1;18;0;0;0;0;31;31;0;5.1;1;31;;-1.9;1;26;11.0;1;22;0;0;29;31;31;0;0;3;6.7;1;12.9;1;26;31;8.4;1;31;8.2;1;31;0;4.6;1;26;13.0;1;8;46;1;26;31;99;1;10;31;85;9;31;9.1;1;31;29.4;1;26.3;1;280;1;16;24;14;0;31;23.8;1;290;1;16;24;10;0;31;16.2;1;300;1;16;19;14;1;31;4.8;1;31;4696;1;31;5;15;3;13077;1;31;;;0;;;0;0;1;0;1;;31;1;0;0;0;0;0;1;0;1;;0;0;0;0;0;2
11069001;CARCASSONNE;43.215333;2.295500;128;201201;32.1;1;31;;9.5;1;2;7;3;0;0;0;0;1026.7;9;31;1018.6;9;15;10.5;1;31;;15.6;1;1;3.5;1;14;0;0;0;0;31;31;0;4.0;1;31;;-2.5;1;16;9.7;1;22;0;0;31;31;31;0;0;4;6.5;1;13.0;1;11;31;7.3;1;31;6.8;1;31;0;2.6;1;13;12.3;1;1;53;1;15;31;98;1;26;31;82;9;31;8.1;1;31;33.8;1;29.0;1;300;1;5;26;9;1;31;26.9;1;300;1;5;20;4;0;31;18.9;1;300;1;5;15;10;1;31;5.0;1;31;6790;1;31;3;10;5;17834;1;31;;;0;;;0;0;1;0;1;;31;0;0;0;0;0;0;1;0;1;;0;0;0;0;0;3
11069001;CARCASSONNE;43.215333;2.295500;128;201202;7.4;1;29;;3.2;1;5;3;0;0;0;0;0;1026.6;9;29;1015.9;9;1;6.2;1;29;;21.3;1;29;-3.1;1;8;7;0;0;0;28;29;0;-1.2;1;29;;-9.1;1;9;8.4;1;26;9;0;29;29;29;0;0;17;7.4;1;24.2;1;29;29;2.5;1;29;2.2;1;29;0;-6.0;1;8;11.8;1;26;14;1;28;29;97;1;5;29;67;9;29;4.8;1;29;49.7;1;23.5;1;310;1;4;26;14;0;29;21.7;1;310;1;4;25;12;0;29;15.7;1;300;1;7;25;15;2;29;6.5;1;29;10049;1;29;2;8;12;28608;1;29;;;0;;;0;9;1;8;1;5;29;5;2;1;0;5;1;1;8;1;6;4;0;0;0;0;0
11069001;CARCASSONNE;43.215333;2.295500;128;201203;39.0;1;31;;20.0;1;22;6;1;1;0;0;0;1025.5;9;31;1010.4;9;31;17.2;1;31;;25.3;1;28;10.1;1;5;0;1;0;0;19;31;0;5.5;1;31;;1.5;1;1;10.7;1;30;0;0;29;31;31;0;0;0;11.8;1;21.5;1;14;31;11.4;1;31;11.0;1;31;0;6.7;1;6;17.1;1;30;14;1;29;31;98;1;23;31;66;9;31;7.8;1;31;94.2;1;25.8;1;290;1;4;27;8;0;31;23.5;1;290;1;4;25;7;0;31;16.8;1;290;9;4;19;12;1;31;4.9;1;31;14496;1;31;1;6;17;46517;1;31;;;0;;;0;0;1;0;1;;30;0;0;0;0;0;0;1;0;1;;0;0;0;0;0;3
11069001;CARCASSONNE;43.215333;2.295500;128;201204;66.2;1;30;;15.1;1;15;13;5;1;0;0;0;1008.5;9;30;999.8;9;19;16.4;1;30;;21.8;1;1;8.8;1;16;0;0;0;0;29;30;0;8.1;1;30;;3.3;1;17;13.9;1;28;0;0;25;30;30;0;0;0;8.2;1;13.2;1;23;30;12.3;1;30;11.7;1;30;0;6.8;1;16;16.5;1;28;33;1;17;30;97;1;27;30;75;9;30;9.9;1;30;90.1;1;23.2;1;100;1;28;28;13;0;30;22.6;1;90;1;28;27;12;0;30;16.2;1;90;1;28;26;15;1;30;5.8;1;30;9587;9;30;4;11;4;45950;9;30;;;0;;;0;0;1;0;1;;30;0;0;0;0;0;0;1;0;1;;0;0;0;0;3;0
11069001;CARCASSONNE;43.215333;2.295500;128;201205;66.8;1;31;;34.9;1;21;7;3;2;1;0;0;1016.3;9;31;1006.0;9;20;22.0;1;31;;29.9;1;29;12.8;1;21;0;9;0;0;10;26;0;11.9;1;31;;4.3;1;1;16.7;1;31;0;0;11;24;31;0;0;0;10.1;1;16.3;1;7;31;17.0;1;31;16.7;1;31;0;10.9;1;21;22.3;1;30;21;1;16;31;97;1;5;31;72;9;31;12.7;1;31;136.2;1;20.6;1;290;1;21;28;5;0;31;19.3;1;290;1;21;27;5;0;31;12.8;1;280;1;22;21;6;0;31;5.1;1;31;14999;9;31;3;7;10;63930;9;31;;;0;;;0;0;1;0;1;;31;0;0;0;0;0;0;1;0;1;;0;0;0;0;2;2
11069001;CARCASSONNE;43.215333;2.295500;128;201206;49.2;1;30;;25.1;1;11;9;2;1;0;0;0;1015.8;9;30;1007.2;9;7;26.3;1;30;;34.5;1;27;18.9;1;3;0;16;8;0;2;17;3;16.0;1;30;;10.3;1;14;21.2;1;29;0;0;0;12;26;4;0;0;10.3;1;18.7;1;1;30;21.1;1;30;20.8;1;30;5;15.6;1;12;25.6;1;28;22;1;5;30;96;1;11;30;68;9;30;15.8;1;30;156.2;1;23.9;1;290;1;11;25;5;0;30;22.4;1;290;1;11;25;4;0;30;12.3;1;290;1;12;17;9;0;30;4.4;1;30;15325;1;30;1;7;10;66278;1;30;;;0;;;0;;;;;;0;0;;;;;0;1;0;1;;0;0;0;;2;0
11069001;CARCASSONNE;43.215333;2.295500;128;201207;23.9;1;31;;15.1;1;4;4;2;1;0;0;0;1017.2;9;31;1011.6;9;7;28.2;1;31;;37.3;1;18;16.0;1;1;0;26;9;3;1;14;6;16.4;1;31;;11.9;1;3;20.7;1;27;0;0;0;7;30;1;0;0;11.9;1;23.4;1;18;31;22.3;1;31;22.1;1;31;6;15.1;1;1;26.9;1;31;11;1;18;31;96;1;5;31;59;9;31;14.4;1;31;189.1;1;16.8;1;70;1;27;26;5;0;31;16.3;1;70;1;27;25;1;0;31;11.1;1;80;1;27;16;6;0;31;4.6;1;31;18854;1;31;1;3;18;74714;1;31;;;0;;;0;;;;;;0;0;;;;;0;1;0;1;;0;0;0;;1;0
11069001;CARCASSONNE;43.215333;2.295500;128;201208;39.9;1;31;;15.9;1;5;6;2;2;0;0;0;1016.6;9;31;1009.8;9;24;31.1;1;31;;37.6;1;20;22.4;1;31;0;29;20;6;0;4;10;18.0;1;31;;10.4;1;27;22.6;1;19;0;0;0;5;21;10;0;0;13.0;1;21.0;1;9;31;24.6;1;31;24.0;1;31;16;18.6;1;31;29.3;1;20;16;1;8;31;97;1;20;31;62;9;31;17.3;1;31;179.5;1;17.8;1;320;1;31;23;5;0;31;16.5;1;320;1;31;22;3;0;31;11.9;1;90;1;23;19;9;0;31;4.3;1;31;18148;1;31;0;2;17;67189;1;31;;;0;;;0;;;;;;0;0;;;;;;;;;;;;;;5;1
11069001;CARCASSONNE;43.215333;2.295500;128;201209;56.1;1;30;;38.1;1;29;7;2;1;1;0;0;1016.7;9;30;1002.6;9;25;24.2;1;30;;31.3;1;7;15.9;1;29;0;12;4;0;4;21;0;14.5;1;30;;6.7;1;20;21.5;1;11;0;0;4;16;29;1;0;0;9.8;1;19.2;1;20;30;19.4;1;30;18.8;1;30;1;14.0;1;29;25.8;1;11;13;1;20;30;97;1;27;30;68;9;30;14.1;1;30;114.8;1;19.2;1;290;1;1;24;8;0;30;17.9;1;310;1;14;22;6;0;30;12.6;1;300;1;14;18;8;0;30;4.6;1;30;10579;1;30;4;8;7;41417;1;30;;;0;;;0;;;;;;0;0;;;;;;;;;;;;;;1;2
11069001;CARCASSONNE;43.215333;2.295500;128;201210;39.5;1;31;;13.3;1;20;7;2;1;0;0;0;1013.4;9;31;998.2;9;26;20.2;1;31;;27.9;1;8;9.0;1;28;0;5;0;0;13;30;0;11.9;1;31;;-0.5;1;30;18.9;1;8;0;0;12;19;31;0;0;1;8.3;1;17.8;1;16;31;16.0;1;31;15.4;1;31;0;6.0;1;30;23.4;1;8;33;1;29;31;97;1;24;31;79;9;31;13.6;9;31;69.6;1;22.5;1;290;1;28;22;7;0;31;21.4;1;290;1;28;22;6;0;31;14.1;1;90;1;19;17;8;0;31;4.6;1;31;8128;9;31;3;11;5;29371;9;31;;;0;;;0;;;;;;0;0;;;;;;;;;;;;;;1;3
11069001;CARCASSONNE;43.215333;2.295500;128;201211;37.0;1;30;;14.3;1;18;7;2;1;0;0;0;1015.0;9;30;1000.1;9;1;14.3;1;30;;19.2;1;10;6.3;1;29;0;0;0;0;30;30;0;7.7;1;30;;0.7;1;30;12.9;1;17;0;0;22;30;30;0;0;0;6.5;1;17.6;1;1;30;11.0;1;30;10.7;1;30;0;3.7;1;30;15.4;1;10;39;9;7;30;97;9;20;30;81;9;26;10.4;9;30;37.1;1;23.6;1;270;1;29;24;4;0;30;21.2;1;270;1;29;22;4;0;30;13.6;1;290;1;28;15;4;0;30;4.3;1;30;6452;9;30;5;14;4;17984;9;30;;;0;;;0;;;;;;0;0;;;;;;;;;;;;;;0;3
11069001;CARCASSONNE;43.215333;2.295500;128;201212;56.1;1;31;;8.7;1;7;12;5;0;0;0;0;1019.5;9;31;1005.6;9;14;11.6;1;31;;17.2;1;16;5.9;1;1;0;0;0;0;31;31;0;4.1;1;31;;-4.4;1;12;10.7;1;25;0;0;30;31;31;0;0;3;7.4;1;14.1;1;27;31;7.8;1;31;7.6;1;31;0;1.4;1;12;12.1;1;25;36;9;12;31;98;9;29;31;82;9;31;8.4;9;31;30.4;1;22.4;1;290;1;27;27;9;0;31;21.8;1;290;1;27;27;7;0;31;14.3;1;290;1;27;22;8;0;31;4.3;1;31;6556;9;31;6;10;6;15420;9;31;;;0;;;0;;;;;;0;0;;;;;;;;;;;;;;0;2
11069001;CARCASSONNE;43.215333;2.295500;128;201301;105.8;1;31;;21.6;1;16;16;8;4;0;0;0;1017.8;9;31;985.9;9;19;8.6;1;31;;18.1;1;31;2.1;1;16;0;0;0;0;31;31;0;2.5;1;31;;-2.4;1;18;9.0;1;31;0;0;31;31;31;0;0;6;6.1;1;14.6;1;30;31;5.6;1;31;5.3;1;31;0;0.6;1;18;13.6;1;31;51;1;29;31;98;9;26;31;85;9;31;7.5;9;31;28.0;1;19.7;1;300;1;28;29;17;0;31;18.7;1;300;1;28;28;13;0;31;13.3;1;300;1;28;22;17;0;31;5.2;1;31;5049;9;31;6;17;3;15253;9;31;;;0;;;0;;;;;;0;1;;;;;0;1;0;1;;0;0;0;;0;0
11069001;CARCASSONNE;43.215333;2.295500;128;201302;54.4;1;28;;14.3;1;9;10;5;2;0;0;0;1016.7;9;28;1002.9;9;11;9.1;1;28;;17.7;1;1;-0.1;1;23;1;0;0;0;28;28;0;2.0;1;28;;-4.7;1;27;10.3;1;1;0;0;27;28;28;0;0;11;7.2;1;16.9;1;27;28;5.5;1;28;5.1;1;28;0;-1.5;1;23;14.0;1;1;29;1;16;28;98;1;20;28;77;9;28;6.7;1;28;40.0;1;23.6;1;270;1;3;25;9;0;28;22.4;1;290;1;3;23;9;0;28;14.1;1;280;1;3;20;12;0;28;5.5;1;28;6024;1;28;2;14;4;23002;1;28;;;0;;;0;;;;;;0;3;;;;;0;1;0;1;;0;0;0;;0;0
11069001;CARCASSONNE;43.215333;2.295500;128;201303;92.2;1;31;;25.1;1;5;15;5;3;0;0;0;1006.8;9;31;998.2;9;6;13.6;1;31;;21.3;1;29;2.2;1;13;0;0;0;0;30;31;0;5.8;1;31;;-2.3;1;16;10.0;1;8;0;0;31;31;31;0;0;3;7.7;1;15.2;1;29;31;9.7;1;31;9.1;1;31;0;1.4;1;13;14.1;1;8;33;1;15;31;97;1;24;31;78;9;31;8.8;1;31;66.3;1;24.4;1;300;1;18;26;12;0;31;23.4;1;300;1;18;24;10;0;31;16.2;1;290;1;18;20;13;1;31;5.1;1;31;9223;1;31;4;10;3;38764;1;31;;;0;;;0;;;;;;0;2;;;;;0;1;0;1;;0;0;0;;0;1
11069001;CARCASSONNE;43.215333;2.295500;128;201304;84.6;1;30;;28.4;1;29;10;3;3;0;0;0;1015.9;9;30;1000.8;9;1;16.1;1;30;;27.2;1;16;6.6;1;6;0;1;0;0;23;29;0;7.1;1;30;;3.4;1;8;12.0;1;26;0;0;26;30;30;0;0;0;9.0;1;18.9;1;16;30;11.6;1;30;11.4;1;30;0;5.1;1;6;17.8;1;16;31;1;16;30;98;1;4;30;73;9;29;9.4;1;30;89.0;1;22.2;1;300;1;20;26;7;0;29;21.5;1;300;1;20;26;4;0;29;12.8;1;90;1;14;21;10;0;29;4.8;1;29;10385;1;30;6;8;7;45432;1;30;;;0;;;0;;;;;;0;0;;;;;0;1;0;1;;0;0;0;;0;0
11069001;CARCASSONNE;43.215333;2.295500;128;201305;119.2;1;31;;39.0;1;30;15;5;2;2;0;0;1014.9;9;31;1000.8;9;17;18.3;1;31;;25.7;1;8;11.7;1;15;0;1;0;0;24;31;0;9.2;1;31;;5.2;1;17;14.7;1;9;0;0;20;31;31;0;0;0;9.1;1;15.5;1;14;31;13.8;1;31;13.3;1;31;0;10.1;1;25;19.1;1;8;23;1;6;31;95;1;31;31;73;9;31;10.6;1;31;113.8;1;21.4;1;280;1;23;29;10;0;31;19.2;1;300;1;25;28;8;0;31;13.4;1;300;1;23;22;13;0;31;5.2;1;31;11599;1;31;1;5;2;60682;1;31;;;0;;;0;;;;;;0;0;;;;;0;1;0;1;;0;0;0;;0;0
11069001;CARCASSONNE;43.215333;2.295500;128;201306;46.0;1;30;;22.4;1;8;5;3;1;0;0;0;1018.8;9;30;1010.2;9;9;22.6;1;30;;28.9;1;12;17.3;1;9;0;4;0;0;6;29;0;13.1;1;30;;8.2;1;5;18.8;1;17;0;0;3;25;30;0;0;0;9.4;1;15.3;1;5;30;17.9;1;30;17.6;1;30;0;13.5;1;9;21.8;1;18;14;1;4;28;97;1;11;28;61;9;28;11.4;1;28;155.3;1;21.2;1;90;1;17;27;8;0;30;19.7;1;90;1;17;25;7;0;30;14.8;1;90;1;17;21;11;0;30;5.5;1;30;14312;1;30;0;8;8;64365;1;30;;;0;;;0;;;;;;0;0;;;;;0;1;0;1;;0;0;0;;2;1
11069001;CARCASSONNE;43.215333;2.295500;128;201307;19.6;1;31;;7.3;1;23;5;2;0;0;0;0;1017.3;9;31;1008.2;9;27;31.1;1;31;;35.7;1;31;23.8;1;3;0;29;24;1;0;3;15;17.7;1;31;;12.8;1;1;23.7;1;27;0;0;0;3;27;4;0;0;13.4;1;21.1;1;31;31;24.4;1;31;24.0;1;31;17;20.5;1;3;27.8;1;26;16;1;31;31;94;1;11;31;63;9;31;16.7;1;31;192.6;1;21.9;1;90;1;27;22;3;0;31;21.2;1;;0;27;20;3;0;31;15.7;1;80;1;27;12;4;1;31;3.9;1;31;19306;1;31;0;3;16;76039;1;31;;;0;;;0;;;;;;0;0;;;;;0;1;0;1;;0;0;0;;0;0
11069001;CARCASSONNE;43.215333;2.295500;128;201308;27.8;1;31;;16.1;1;6;3;2;1;0;0;0;1017.8;9;31;1012.1;9;7;28.7;1;31;;33.6;1;12;23.0;1;24;0;29;11;0;0;10;6;16.9;1;31;;11.0;1;21;22.7;1;2;0;0;0;8;27;4;0;0;11.8;1;21.1;1;21;31;22.8;1;31;22.2;1;31;8;20.0;1;8;27.0;1;2;14;1;21;31;94;1;23;31;63;9;31;15.5;1;31;171.5;1;19.8;1;100;1;2;24;3;0;31;18.6;1;100;1;2;22;2;0;31;13.5;1;80;1;1;15;4;0;31;4.4;1;31;16634;1;31;0;2;11;66218;1;31;;;0;;;0;;;;;;0;0;;;;;0;1;0;1;;0;0;0;;0;0
11069001;CARCASSONNE;43.215333;2.295500;128;201309;48.0;1;30;;21.9;1;28;7;2;2;0;0;0;1017.5;9;30;1005.5;9;29;24.4;1;30;;31.5;1;3;19.3;1;15;0;11;1;0;1;22;0;14.9;1;30;;9.2;1;3;19.7;1;27;0;0;1;16;30;0;0;0;9.5;1;22.3;1;3;30;19.6;1;30;19.1;1;30;0;16.4;1;17;24.3;1;5;16;1;3;30;95;1;29;30;71;9;30;14.6;1;30;116.2;1;17.5;1;290;1;18;26;4;0;30;16.2;1;290;1;18;26;2;0;30;11.7;1;80;1;4;19;7;0;30;4.8;1;30;12461;1;30;2;5;8;46929;1;30;;;0;;;0;;;;;;0;0;;;;;0;1;0;1;;0;0;0;;1;0
11069001;CARCASSONNE;43.215333;2.295500;128;201310;30.9;1;31;;11.3;1;4;6;2;2;0;0;0;1017.6;9;31;1007.8;9;22;21.0;1;31;;29.8;1;1;15.0;1;11;0;3;0;0;12;29;0;12.9;1;31;;1.9;1;12;18.8;1;26;0;0;8;22;31;0;0;0;8.1;1;17.7;1;12;31;17.0;1;31;16.4;1;31;0;10.6;1;11;21.4;1;1;31;1;1;31;96;1;21;31;78;9;31;13.8;1;31;70.7;1;18.4;1;80;1;3;23;6;0;31;17.7;1;80;1;3;21;3;0;31;12.0;1;90;1;26;14;9;0;31;4.6;1;31;8862;1;31;3;10;6;30193;1;31;;;0;;;0;;;;;;0;0;;;;;0;1;0;1;;0;0;0;;1;1
11069001;CARCASSONNE;43.215333;2.295500;128;201311;180.0;1;30;;50.5;1;17;16;9;5;2;1;0;1019.1;9;30;1002.5;9;21;11.3;1;30;;23.4;1;7;4.0;1;22;0;0;0;0;27;30;0;6.0;1;30;;-4.6;1;28;15.2;1;6;0;0;22;29;30;0;0;3;5.3;1;15.4;1;1;30;8.7;1;30;8.4;1;30;0;0.7;1;28;17.7;1;6;38;1;11;30;96;1;19;30;82;9;30;9.1;1;30;36.5;1;23.1;1;300;1;10;26;15;0;30;21.9;1;300;1;10;25;13;0;30;14.4;1;280;1;10;22;15;0;30;5.4;1;30;3932;1;30;10;19;4;13590;1;30;;;0;;;0;;;;;;0;0;;;;;0;1;0;1;;0;0;0;;0;1
11069001;CARCASSONNE;43.215333;2.295500;128;201312;21.5;1;31;;9.5;1;25;4;2;0;0;0;0;1024.2;9;31;994.7;9;25;10.9;1;31;;14.5;1;25;6.1;1;1;0;0;0;0;31;31;0;3.1;1;31;;-4.6;1;8;10.9;1;17;0;0;30;31;31;0;0;9;7.8;1;17.4;1;8;31;7.0;1;31;6.7;1;31;0;3.3;1;1;12.2;1;17;33;1;8;31;96;1;18;31;82;9;31;7.8;1;31;29.8;1;20.8;1;90;1;17;24;7;0;31;19.2;1;90;1;17;24;6;0;31;14.6;1;90;1;17;21;8;0;31;4.3;1;31;7661;1;31;2;9;7;16734;1;31;;;0;;;0;;;;;;0;0;;;;;0;1;0;1;;0;0;0;;0;4
11069001;CARCASSONNE;43.215333;2.295500;128;201401;71.2;1;31;;14.9;1;24;12;5;3;0;0;0;1012.7;9;31;995.9;9;18;11.7;1;31;;15.7;1;2;7.7;1;22;0;0;0;0;31;31;0;6.0;1;31;;-1.8;1;22;10.9;1;8;0;0;27;31;31;0;0;1;5.6;1;10.6;1;17;31;8.8;1;31;8.5;1;31;0;3.0;1;22;12.4;1;9;47;1;28;31;97;1;4;31;86;9;31;9.4;1;31;30.4;1;25.7;1;290;1;4;22;7;0;31;23.5;1;290;1;4;22;6;0;31;14.9;1;300;1;4;18;8;0;31;4.5;1;31;3716;1;31;7;22;2;13812;1;31;;;0;;;0;;;;;;0;0;;;;;0;1;0;1;;0;0;0;;0;1
11069001;CARCASSONNE;43.215333;2.295500;128;201402;48.5;1;28;;11.1;1;28;14;2;1;0;0;0;1013.3;9;28;998.6;9;10;12.3;1;28;;16.3;1;13;8.2;1;1;0;0;0;0;28;28;0;4.5;1;28;;-0.5;1;3;9.8;1;24;0;0;28;28;28;0;0;3;7.8;1;15.0;1;22;28;8.4;1;28;8.1;1;28;0;5.0;1;3;12.5;1;24;36;1;22;28;96;1;3;28;80;9;28;8.1;1;28;44.9;1;25.0;1;280;1;25;25;13;0;28;22.5;1;290;1;28;25;10;0;28;15.3;1;280;1;28;24;15;1;28;4.7;1;28;7093;1;28;3;9;5;23478;1;28;;;0;;;0;;;;;;0;0;;;;;0;1;0;1;;0;0;0;;0;1
11069001;CARCASSONNE;43.215333;2.295500;128;201403;42.4;1;31;;10.3;1;23;7;4;1;0;0;0;1018.1;9;31;1001.0;9;3;15.4;1;31;;23.2;1;17;9.3;1;23;0;0;0;0;29;31;0;5.2;1;31;;-1.0;1;7;11.6;1;30;0;0;29;31;31;0;0;1;10.1;1;18.9;1;8;31;10.3;1;31;10.0;1;31;0;6.9;1;23;14.8;1;17;21;1;8;31;95;1;12;31;72;9;31;8.1;1;31;83.1;1;22.9;1;290;1;3;30;12;0;31;21.7;1;290;1;3;30;11;0;31;13.5;1;280;1;4;25;14;0;31;5.6;1;31;11864;1;31;2;8;11;42115;1;31;;;0;;;0;;;;;;0;0;;;;;0;1;0;1;;0;0;0;;0;0
11069001;CARCASSONNE;43.215333;2.295500;128;201404;94.7;1;30;;42.6;1;3;10;4;3;1;0;0;1015.0;9;30;1001.6;9;3;19.4;1;30;;26.1;1;16;10.4;1;20;0;2;0;0;17;30;0;9.2;1;30;;4.1;1;10;12.3;1;24;0;0;19;30;30;0;0;0;10.2;1;21.3;1;10;30;14.3;1;30;14.0;1;30;0;9.3;1;20;17.4;1;24;14;1;25;30;97;1;26;30;72;9;30;10.2;1;30;109.0;1;26.0;1;280;1;27;25;9;0;30;23.8;1;280;1;27;23;5;0;30;14.2;1;290;1;27;18;9;0;30;4.9;1;30;12280;1;30;3;9;9;52137;1;30;;;0;;;0;;;;;;0;0;;;;;0;1;0;1;;0;0;0;;0;0
11069001;CARCASSONNE;43.215333;2.295500;128;201405;52.9;1;31;;11.9;1;25;9;5;2;0;0;0;1017.6;9;31;1007.4;9;21;20.1;1;31;;24.1;1;28;15.4;1;26;0;0;0;0;13;31;0;10.4;1;31;;4.4;1;5;15.8;1;21;0;0;17;30;31;0;0;0;9.7;1;17.0;1;28;31;15.3;1;31;14.8;1;31;0;12.6;1;5;19.2;1;22;28;1;15;31;99;1;24;31;73;9;31;11.6;1;31;126.6;1;22.8;1;90;1;20;30;7;0;31;20.7;1;90;1;20;29;6;0;31;14.3;1;90;1;20;23;12;0;31;5.5;1;31;14439;1;31;1;5;6;64655;1;31;;;0;;;0;;;;;;0;0;;;;;0;1;0;1;;0;0;0;;0;0
11069001;CARCASSONNE;43.215333;2.295500;128;201406;34.8;1;30;;14.5;1;24;5;2;2;0;0;0;1016.2;9;30;1011.6;9;25;27.3;1;30;;33.0;1;20;19.8;1;4;0;23;7;0;1;17;4;15.8;1;30;;9.4;1;5;20.4;1;13;0;0;1;11;29;1;0;0;11.5;1;20.4;1;20;30;21.5;1;30;21.0;1;30;4;15.4;1;4;26.3;1;13;17;1;20;30;98;1;25;30;65;9;30;15.1;1;30;176.8;1;19.1;1;90;1;7;24;6;0;30;18.3;1;90;1;7;24;3;0;30;13.6;1;80;1;7;16;7;0;30;4.8;1;30;17467;1;30;0;1;12;73864;1;30;;;0;;;0;;;;;;0;0;;;;;0;1;0;1;;0;0;0;;0;0
11069001;CARCASSONNE;43.215333;2.295500;128;201407;104.6;1;31;;51.1;1;6;11;4;3;1;1;0;1016.0;9;31;1010.3;9;19;26.5;1;31;;33.7;1;16;19.3;1;7;0;23;4;0;1;20;2;16.3;1;31;;12.7;1;8;21.6;1;18;0;0;0;10;29;2;0;0;10.2;1;19.6;1;16;31;21.4;1;31;21.0;1;31;3;16.6;1;7;24.8;1;18;25;1;16;31;98;1;6;31;72;9;31;16.7;1;31;155.0;1;27.7;1;240;1;6;28;10;0;31;26.3;1;240;1;6;25;9;0;31;12.9;1;90;1;19;20;10;0;31;5.0;1;31;14401;1;31;0;2;9;64220;1;31;;;0;;;0;;;;;;0;0;;;;;0;1;0;1;;0;0;0;;2;0
11069001;CARCASSONNE;43.215333;2.295500;128;201408;100.3;1;31;;22.0;1;8;8;8;5;0;0;0;1016.2;9;31;1009.6;9;2;26.3;1;31;;31.9;1;28;22.0;1;22;0;20;2;0;0;18;0;15.9;1;31;;10.6;1;18;22.2;1;10;0;0;0;14;30;1;0;0;10.5;1;17.7;1;28;31;21.1;1;31;20.6;1;31;1;17.7;1;22;25.7;1;10;25;1;25;31;98;1;28;31;72;9;31;16.5;1;31;138.6;1;19.6;1;280;1;13;21;1;0;31;18.8;1;280;1;13;19;1;0;31;11.9;1;290;1;13;9;4;0;31;3.6;1;31;15142;1;31;0;4;8;64134;1;31;;;0;;;0;;;;;;0;0;;;;;0;1;0;1;;0;0;0;;1;1
11069001;CARCASSONNE;43.215333;2.295500;128;201409;53.9;1;30;;27.1;1;8;4;3;3;0;0;0;1015.7;9;30;1007.2;9;17;26.6;1;30;;31.2;1;6;21.9;1;24;0;21;2;0;0;15;0;14.6;1;30;;5.8;1;27;20.6;1;19;0;0;2;15;29;1;0;0;12.0;1;19.0;1;3;30;20.6;1;30;20.1;1;30;0;15.2;1;27;24.3;1;19;22;1;3;30;98;1;30;30;72;9;30;15.6;1;30;113.3;1;16.6;1;80;1;27;19;4;0;30;16.3;1;80;1;27;17;1;0;30;11.5;1;90;1;28;9;6;0;30;3.5;1;30;13631;1;30;0;4;11;49745;1;30;;;0;;;0;;;;;;0;0;;;;;0;1;0;1;;0;0;0;;0;0
11069001;CARCASSONNE;43.215333;2.295500;128;201410;16.0;1;31;;9.6;1;9;2;1;0;0;0;0;1017.4;9;31;1005.5;9;12;23.1;1;31;;26.9;1;12;16.8;1;22;0;9;0;0;7;31;0;12.8;1;31;;6.9;1;6;19.4;1;9;0;0;8;24;31;0;0;0;10.3;1;16.6;1;4;31;17.9;1;31;17.3;1;31;0;13.1;1;23;22.5;1;12;28;1;24;31;98;1;31;31;77;9;31;14.4;1;31;80.8;1;20.8;1;300;1;21;18;5;0;31;19.2;1;310;1;21;18;4;0;31;12.6;1;300;1;21;14;5;0;31;3.8;1;31;13478;1;31;1;3;10;38411;1;31;;;0;;;0;;;;;;0;0;;;;;0;1;0;1;;0;0;0;;0;4
11069001;CARCASSONNE;43.215333;2.295500;128;201411;118.3;1;30;;56.1;1;29;6;4;3;2;1;0;1010.4;9;30;995.5;9;28;16.9;1;30;;24.6;1;3;11.8;1;4;0;0;0;0;27;30;0;9.2;1;30;;1.5;1;7;15.5;1;22;0;0;16;27;30;0;0;0;7.6;1;16.6;1;13;30;13.0;1;30;12.7;1;30;0;8.3;1;7;18.5;1;3;32;1;11;30;98;1;30;30;83;9;30;11.8;1;30;42.4;1;22.4;1;90;1;29;23;4;0;30;21.5;1;90;1;29;22;3;0;30;13.7;1;80;9;29;15;6;0;30;4.1;1;30;5984;1;30;7;14;5;17439;1;30;;;0;;;0;;;;;;0;0;;;;;0;1;0;1;;0;0;0;;0;1
11069001;CARCASSONNE;43.215333;2.295500;128;201412;79.3;1;31;;36.9;1;27;8;3;3;1;0;0;1024.3;9;31;1004.9;9;1;9.9;1;31;;13.5;1;20;3.0;1;29;0;0;0;0;31;31;0;4.4;1;31;;-1.4;1;29;10.5;1;19;0;0;29;31;31;0;0;3;5.5;1;13.7;1;22;31;7.2;1;31;6.8;1;31;0;0.8;1;29;11.8;1;19;48;1;10;31;99;1;24;31;82;9;31;8.2;1;31;29.9;1;23.4;1;300;1;9;27;10;0;31;22.1;1;300;1;9;26;7;0;31;16.0;1;300;1;9;20;11;1;31;5.3;1;31;5468;1;31;5;16;5;13572;1;31;;;0;;;0;;;;;;0;0;;;;;0;1;0;1;;0;0;0;;0;3
11069001;CARCASSONNE;43.215333;2.295500;128;201501;32.9;1;31;;13.7;1;29;7;1;1;0;0;0;1022.9;9;31;992.5;9;31;10.0;1;31;;15.0;1;14;4.8;1;23;0;0;0;0;31;31;0;2.8;1;31;;-4.2;1;21;9.3;1;10;0;0;31;31;31;0;0;7;7.2;1;15.8;1;12;31;6.4;1;31;6.2;1;31;0;2.2;1;1;11.6;1;9;29;1;5;31;98;1;29;31;80;9;31;7.3;1;31;35.0;1;24.5;1;280;1;24;27;9;0;31;23.0;1;280;1;24;24;7;0;31;14.8;1;280;9;24;15;8;0;31;4.9;1;31;6902;1;31;3;10;3;17727;1;31;;;0;;;0;;;;;;0;0;;;;;0;1;0;1;;0;0;0;;0;2
11069001;CARCASSONNE;43.215333;2.295500;128;201502;65.0;1;28;;16.1;1;14;11;5;1;0;0;0;1017.9;9;28;1001.6;9;3;9.4;1;28;;15.4;1;23;1.2;1;6;0;0;0;0;28;28;0;2.2;1;28;;-2.0;1;19;9.6;1;26;0;0;28;28;28;0;0;7;7.2;1;15.7;1;19;28;5.8;1;28;5.5;1;28;0;0.0;1;6;10.9;1;26;37;1;10;28;98;1;28;28;79;9;28;7.0;1;28;39.2;1;24.8;1;270;1;27;23;10;0;28;22.6;1;270;1;27;22;10;0;28;14.7;1;280;1;27;18;12;0;28;5.4;1;28;6690;1;28;1;14;3;23744;1;28;;;0;;;0;;;;;;0;0;;;;;0;1;0;1;;0;0;0;;0;0
11069001;CARCASSONNE;43.215333;2.295500;128;201503;81.7;1;31;;29.4;1;15;9;3;2;0;0;0;1021.9;9;31;1008.8;9;24;14.9;1;31;;20.9;1;11;7.1;1;15;0;0;0;0;30;31;0;7.1;1;31;;-0.4;1;7;12.3;1;31;0;0;27;31;31;0;0;1;7.8;1;19.2;1;7;31;11.0;1;31;10.5;1;31;0;5.7;1;15;15.0;1;31;29;1;6;31;98;1;28;31;75;9;31;9.4;1;31;72.9;1;24.9;1;290;1;30;28;13;0;31;23.7;1;290;1;30;27;10;0;31;15.6;1;280;1;30;23;14;2;31;5.6;1;31;7469;1;31;4;13;3;34909;1;31;;;0;;;0;;;;;;0;0;;;;;0;1;0;1;;0;0;0;;0;1
11069001;CARCASSONNE;43.215333;2.295500;128;201504;71.4;1;30;;27.5;1;26;6;5;3;0;0;0;1020.3;9;30;1005.9;9;26;19.6;1;30;;28.4;1;14;14.5;1;1;0;3;0;0;19;29;0;8.7;1;30;;-0.8;1;6;14.7;1;25;0;0;19;30;30;0;0;1;10.9;1;21.9;1;14;30;14.1;1;30;13.8;1;30;0;8.7;1;7;18.3;1;25;15;1;16;30;98;1;18;30;69;9;30;9.9;1;30;115.5;1;20.7;1;300;1;27;24;9;0;30;19.4;1;300;1;27;23;6;0;30;13.3;1;90;1;9;18;12;0;30;5.0;1;30;15063;1;30;0;4;11;59416;1;30;;;0;;;0;;;;;;0;0;;;;;0;1;0;1;;0;0;0;;0;1
11069001;CARCASSONNE;43.215333;2.295500;128;201505;8.8;1;31;;2.4;1;19;4;0;0;0;0;0;1018.7;9;31;1008.5;9;4;22.1;1;31;;29.1;1;10;14.2;1;19;0;6;0;0;7;28;0;12.3;1;31;;7.9;1;22;15.7;1;4;0;0;6;27;31;0;0;0;9.8;1;18.6;1;10;31;17.2;1;31;16.9;1;31;0;12.4;1;19;19.9;1;31;16;1;10;31;96;1;13;31;68;9;31;12.4;1;31;141.2;1;22.3;1;270;1;15;30;10;0;31;21.4;1;270;1;15;28;9;0;31;13.8;1;300;1;21;22;11;0;31;5.4;1;31;13558;1;31;2;5;8;63918;1;31;;;0;;;0;;;;;;0;0;;;;;0;1;0;1;;0;0;0;;0;0
11069001;CARCASSONNE;43.215333;2.295500;128;201506;25.3;1;30;;10.9;1;8;5;2;1;0;0;0;1018.0;9;30;1010.9;9;13;28.7;1;30;;34.3;1;29;20.2;1;16;0;22;13;0;0;11;10;16.3;1;30;;13.1;1;25;19.8;1;29;0;0;0;7;30;0;0;0;12.4;1;20.2;1;26;30;22.5;1;30;22.2;1;30;6;17.8;1;16;27.1;1;29;15;1;26;30;95;1;12;30;62;9;30;14.8;1;30;185.8;1;18.4;1;80;1;11;24;3;0;30;17.7;1;80;1;11;21;2;0;30;11.9;1;90;1;11;13;5;0;30;4.4;1;30;18298;1;30;0;4;16;75517;1;30;;;0;;;0;;;;;;0;0;;;;;0;1;0;1;;0;0;0;;3;0
11069001;CARCASSONNE;43.215333;2.295500;128;201507;38.0;1;31;;14.2;1;22;4;3;2;0;0;0;1016.9;9;31;1010.8;9;24;30.7;1;31;;38.7;1;21;18.2;1;30;0;30;17;4;1;3;12;18.9;1;31;;10.9;1;31;23.8;1;4;0;0;0;3;18;13;0;0;11.9;1;19.0;1;24;31;24.8;1;31;24.3;1;31;19;16.8;1;30;29.5;1;21;15;1;21;31;95;1;31;31;59;9;31;16.6;1;31;209.1;1;19.1;1;290;1;25;31;6;0;31;18.0;1;290;1;25;30;4;0;31;13.0;1;80;1;3;19;8;0;31;4.9;1;31;18456;1;31;0;1;11;74382;1;31;;;0;;;0;;;;;;0;0;;;;;0;1;0;1;;0;0;0;;4;0
11069001;CARCASSONNE;43.215333;2.295500;128;201508;59.3;1;31;;22.0;1;13;8;3;2;0;0;0;1016.1;9;31;1007.5;9;23;27.8;1;31;;34.0;1;21;22.1;1;8;0;24;8;0;0;14;4;17.0;1;31;;11.2;1;25;22.3;1;7;0;0;0;9;24;8;0;0;10.7;1;21.1;1;21;31;22.4;1;31;21.9;1;31;6;19.4;1;15;26.8;1;6;17;1;21;31;95;1;31;31;70;9;31;17.2;1;31;154.4;1;20.2;1;280;1;4;28;5;0;31;18.7;1;280;1;4;27;2;0;31;12.0;1;80;1;30;17;6;0;31;4.7;1;31;15278;1;31;0;6;12;61778;1;31;;;0;;;0;;;;;;0;0;;;;;0;1;0;1;;0;0;0;;3;0
11069001;CARCASSONNE;43.215333;2.295500;128;201509;9.6;1;30;;3.8;1;2;4;0;0;0;0;0;1017.0;9;30;998.2;9;16;23.9;1;30;;32.9;1;16;19.3;1;23;0;9;1;0;3;28;1;12.9;1;30;;8.1;1;28;20.1;1;12;0;0;6;23;29;1;0;0;11.0;1;18.5;1;9;30;18.4;1;30;17.8;1;30;1;15.8;1;23;26.2;1;16;20;1;16;30;96;1;13;30;68;9;30;12.8;1;30;113.2;1;16.6;1;90;1;11;25;2;0;30;15.5;1;80;1;11;23;0;0;30;11.7;1;80;1;11;14;3;0;30;4.0;1;30;13102;1;30;0;4;11;47828;1;30;;;0;;;0;;;;;;0;0;;;;;0;1;0;1;;0;0;0;;1;0
11069001;CARCASSONNE;43.215333;2.295500;128;201510;17.1;1;31;;12.9;1;1;3;1;1;0;0;0;1016.6;9;31;1007.5;9;11;19.7;1;31;;26.6;1;6;13.9;1;22;0;1;0;0;14;31;0;10.0;1;31;;0.7;1;17;17.0;1;6;0;0;14;29;31;0;0;0;9.7;1;19.7;1;10;31;14.8;1;31;14.1;1;31;0;8.1;1;17;21.8;1;6;25;1;10;31;98;1;29;31;74;9;31;11.3;1;31;74.3;1;18.5;1;80;1;31;24;3;0;31;17.3;1;80;1;31;23;2;0;31;12.8;1;80;1;31;15;8;0;31;4.3;1;31;10491;1;31;2;7;9;33173;1;31;;;0;;;0;;;;;;0;0;;;;;0;1;0;1;;0;0;0;;1;1
11069001;CARCASSONNE;43.215333;2.295500;128;201511;44.1;1;30;;19.3;1;2;6;3;1;0;0;0;1024.4;9;30;1009.0;9;21;16.6;1;30;;25.6;1;6;7.9;1;23;0;1;0;0;18;30;0;8.4;1;30;;-0.1;1;23;14.8;1;9;0;0;18;30;30;0;0;1;8.2;1;16.1;1;6;30;12.5;1;30;12.1;1;30;0;3.9;1;23;18.2;1;9;32;1;20;30;98;1;15;30;79;9;30;10.8;1;30;49.1;1;23.7;1;260;1;20;23;7;0;30;21.3;1;100;1;2;20;5;0;30;13.8;1;290;1;21;13;6;0;30;4.7;1;30;10324;1;30;4;5;11;18198;1;23;;;0;;;0;;;;;;0;0;;;;;0;1;0;1;;0;0;0;;0;7
11069001;CARCASSONNE;43.215333;2.295500;128;201512;1.2;1;31;;0.4;1;19;0;0;0;0;0;0;1029.4;9;31;1021.7;9;14;14.6;1;31;;18.1;1;16;11.4;1;12;0;0;0;0;31;31;0;6.6;1;31;;-2.0;1;3;12.3;1;25;0;0;21;31;31;0;0;5;8.0;1;15.8;1;11;31;10.6;1;31;10.2;1;31;0;4.9;1;12;14.4;1;8;42;1;10;31;100;1;2;31;86;9;31;10.4;1;31;28.8;1;20.1;1;80;1;28;21;1;0;31;19.0;1;80;1;28;18;1;0;31;13.3;1;80;1;28;10;2;0;31;3.6;1;31;7696;1;31;4;7;6;16617;1;31;;;0;;;0;;;;;;0;0;;;;;0;1;0;1;;0;0;0;;0;10
11069001;CARCASSONNE;43.215333;2.295500;128;201601;52.7;1;31;;12.3;1;18;14;3;1;0;0;0;1019.5;9;31;1002.3;9;4;11.8;1;31;;16.9;1;23;3.6;1;18;0;0;0;0;31;31;0;5.2;1;31;;-1.4;1;21;10.8;1;28;0;0;30;31;31;0;0;1;6.6;1;14.9;1;21;31;8.5;1;31;8.1;1;31;0;1.9;1;18;13.1;1;28;39;1;11;31;100;1;21;31;85;9;31;9.0;1;31;29.6;1;25.1;1;280;1;31;19;6;0;31;22.5;1;280;1;31;17;6;0;31;15.3;1;290;1;31;13;6;1;31;3.6;1;31;4439;1;31;9;19;3;14238;1;31;;;0;;;0;;;;;;0;1;;;;;0;1;1;1;18;1;0;0;;0;11
11069001;CARCASSONNE;43.215333;2.295500;128;201602;80.1;1;29;;18.1;1;12;12;6;2;0;0;0;1017.2;9;29;992.0;9;27;12.9;1;29;;20.4;1;21;5.6;1;16;0;0;0;0;28;29;0;4.9;1;29;;-1.7;1;18;12.3;1;1;0;0;27;29;29;0;0;3;7.9;1;18.3;1;21;29;8.9;1;29;8.3;1;29;0;3.8;1;17;13.4;1;1;32;1;20;29;97;1;25;29;79;9;29;8.4;1;29;47.1;1;23.4;1;300;1;29;26;15;0;29;21.9;1;290;1;29;24;13;0;29;16.0;1;290;1;29;19;12;1;29;5.0;1;29;6782;1;29;3;14;7;22502;1;29;;;0;;;0;;;;;;0;0;;;;;0;1;0;1;;0;0;0;;0;1
11069001;CARCASSONNE;43.215333;2.295500;128;201603;55.8;1;31;;19.1;1;17;9;3;2;0;0;0;1015.5;9;31;1003.1;9;5;13.6;1;31;;21.5;1;26;7.2;1;17;0;0;0;0;30;31;0;5.1;1;31;;0.0;1;7;10.1;1;20;0;0;30;31;31;0;0;1;8.6;1;14.2;1;29;31;9.3;1;31;9.0;1;31;0;5.2;1;7;14.5;1;26;16;1;24;31;99;1;29;31;76;9;31;8.2;1;31;69.4;1;24.5;1;290;1;2;26;10;0;31;22.4;1;290;1;2;26;7;0;31;14.7;1;280;1;3;25;13;0;31;5.1;1;31;8204;1;31;3;11;2;36113;1;31;;;0;;;0;;;;;;0;0;;;;;0;1;0;1;;0;0;0;;0;3
11069001;CARCASSONNE;43.215333;2.295500;128;201604;46.3;1;30;;10.3;1;21;13;1;1;0;0;0;1014.1;9;30;1004.9;9;4;17.3;1;30;;23.1;1;19;12.2;1;8;0;0;0;0;24;30;0;8.5;1;30;;0.5;1;19;12.6;1;21;0;0;21;30;30;0;0;0;8.8;1;22.6;1;19;30;12.9;1;30;12.3;1;30;0;9.1;1;8;16.3;1;20;16;1;19;30;99;1;22;30;74;9;30;10.1;1;30;99.5;1;24.7;1;280;1;30;28;11;0;30;22.6;1;280;1;30;28;8;0;30;15.5;1;90;1;20;25;14;1;30;5.6;1;30;10540;1;30;2;8;6;51725;1;30;;;0;;;0;;;;;;0;0;;;;;0;1;0;1;;0;0;0;;2;2
11069001;CARCASSONNE;43.215333;2.295500;128;201605;58.5;1;31;;16.9;1;11;8;4;3;0;0;0;1015.1;9;31;1004.5;9;11;20.1;1;31;;26.3;1;4;13.5;1;1;0;2;0;0;17;31;0;10.8;1;31;;5.3;1;4;16.3;1;28;0;0;11;30;31;0;0;0;9.4;1;21.0;1;4;31;15.5;1;31;15.1;1;31;0;9.6;1;1;19.7;1;27;14;1;4;31;100;1;12;31;73;9;31;12.1;1;31;120.9;1;21.8;1;290;1;1;28;16;0;31;20.0;1;290;1;22;28;12;0;31;13.6;1;90;1;6;28;17;0;31;5.9;1;31;11833;1;31;3;11;6;57609;1;31;;;0;;;0;;;;;;0;0;;;;;0;1;0;1;;0;0;0;;2;1
11069001;CARCASSONNE;43.215333;2.295500;128;201606;38.8;1;30;;12.5;1;24;10;2;1;0;0;0;1016.7;9;28;1003.7;9;15;25.7;1;30;;33.4;1;21;16.6;1;1;0;17;5;0;1;20;1;14.7;1;30;;8.9;1;17;18.7;1;29;0;0;1;19;30;0;0;0;11.0;1;19.4;1;21;30;20.2;1;30;19.7;1;30;0;14.6;1;1;24.5;1;29;29;1;21;30;97;1;4;30;69;9;29;15.0;1;30;159.1;1;24.1;1;300;1;13;27;6;0;29;23.3;1;300;1;13;27;3;0;29;14.6;1;290;1;13;18;6;0;29;4.7;1;28;15298;1;30;0;4;10;70884;1;30;;;0;;;0;;;;;;0;0;;;;;0;1;0;1;;0;0;0;;3;0
11069001;CARCASSONNE;43.215333;2.295500;128;201607;11.2;1;31;;5.4;1;22;3;1;0;0;0;0;1018.9;9;31;1013.2;9;30;29.5;1;31;;36.5;1;10;22.9;1;13;0;26;15;1;0;9;7;17.4;1;31;;11.3;1;17;20.6;1;9;0;0;0;5;26;5;0;0;12.0;1;21.8;1;17;31;23.4;1;31;23.1;1;31;14;18.3;1;14;26.5;1;30;12;1;17;31;95;1;8;31;63;9;31;16.5;1;31;190.4;1;21.0;1;300;1;13;29;3;0;31;20.2;1;300;1;13;26;3;0;31;11.1;1;300;1;13;16;4;0;31;4.7;1;31;17897;1;31;0;5;15;73305;1;31;;;0;;;0;;;;;;0;0;;;;0;0;1;0;1;;0;0;0;0;4;0
11069001;CARCASSONNE;43.215333;2.295500;128;201608;5.4;1;31;;4.4;1;4;1;0;0;0;0;0;1019.6;9;30;1011.0;9;19;30.1;1;31;;36.1;1;3;22.9;1;20;0;30;19;2;0;8;9;16.9;1;31;;12.5;1;31;21.4;1;18;0;0;0;7;28;3;0;0;13.3;1;21.7;1;3;31;23.5;1;31;23.1;1;31;13;19.3;1;11;26.0;1;8;18;1;22;31;97;1;19;31;58;9;30;15.3;1;31;192.2;1;17.5;1;320;1;10;27;4;0;30;16.7;1;320;1;10;26;1;0;30;11.5;1;90;9;24;16;3;0;30;4.8;1;30;19129;1;31;0;2;18;69887;1;31;;;0;;;0;;;;;;0;0;;;;;0;1;0;1;;0;0;0;;0;0
11069001;CARCASSONNE;43.215333;2.295500;128;201609;13.2;1;30;;7.0;1;14;3;2;0;0;0;0;1018.8;9;30;1010.6;9;13;27.8;1;30;;35.2;1;2;17.9;1;14;0;23;10;2;2;15;6;15.3;1;30;;8.6;1;22;22.0;1;13;0;0;3;14;28;2;0;0;12.5;1;20.9;1;2;30;21.6;1;30;21.0;1;30;10;16.1;1;18;26.7;1;6;19;1;4;30;96;1;16;30;64;9;30;14.4;1;30;137.4;1;20.0;1;90;1;13;22;5;0;30;19.2;1;80;1;13;21;3;0;30;14.1;1;90;1;13;13;5;0;30;4.4;1;30;8378;1;17;0;3;8;49952;1;30;;;0;;;0;;;;;;0;0;;;;;0;1;0;1;;0;0;0;;0;0
11069001;CARCASSONNE;43.215333;2.295500;128;201610;52.1;1;31;;13.1;1;12;6;5;2;0;0;0;1018.1;9;31;1001.5;9;13;20.4;1;31;;26.3;1;1;13.4;1;22;0;3;0;0;13;31;0;10.7;1;31;;3.0;1;22;17.4;1;1;0;0;13;27;31;0;0;0;9.7;1;21.0;1;29;31;15.6;1;31;14.9;1;31;0;8.2;1;22;21.9;1;1;24;1;29;31;99;1;29;31;75;9;31;12.3;1;31;71.0;1;17.5;1;90;1;13;21;2;0;31;15.9;1;90;1;13;15;0;0;31;11.3;1;90;1;12;9;4;0;31;3.7;1;31;10586;1;31;1;9;11;33381;1;31;;;0;;;0;;;;;;0;0;;;;;0;1;0;1;;0;0;0;;2;7
11069001;CARCASSONNE;43.215333;2.295500;128;201611;38.6;1;30;;16.2;1;23;7;2;1;0;0;0;1016.3;9;30;999.6;9;21;14.8;1;30;;21.8;1;2;9.6;1;28;0;0;0;0;27;30;0;8.3;1;30;;3.3;1;28;13.6;1;21;0;0;23;30;30;0;0;0;6.6;1;15.3;1;2;30;11.6;1;30;11.0;1;30;0;6.5;1;28;17.2;1;21;45;1;2;30;98;1;29;30;83;9;30;10.8;1;30;38.0;1;20.5;1;280;1;9;24;6;0;30;19.7;1;280;1;9;23;3;0;30;12.8;1;280;1;9;16;4;0;30;4.3;1;30;6067;1;30;2;11;3;18206;1;30;;;0;;;0;;;;;;0;0;;;;;0;1;0;1;;0;0;0;;1;4
11069001;CARCASSONNE;43.215333;2.295500;128;201612;5.4;1;31;;3.2;1;20;2;0;0;0;0;0;1028.6;9;31;1016.6;9;3;12.9;1;31;;17.2;1;6;4.1;1;30;0;0;0;0;31;31;0;3.6;1;31;;-2.5;1;3;11.0;1;25;0;0;28;31;31;0;0;10;9.3;1;16.1;1;28;31;8.2;1;31;7.8;1;31;0;1.3;1;30;12.8;1;25;33;1;28;31;99;1;31;31;85;9;31;8.7;1;31;27.3;1;17.3;1;100;1;4;19;1;0;31;16.3;1;100;1;4;18;1;0;31;11.3;1;100;1;4;10;2;0;31;3.3;1;31;8696;1;31;2;8;10;17617;1;31;;;0;;;0;;;;;;0;0;;;;;0;1;0;1;;0;0;0;;0;10
11069001;CARCASSONNE;43.215333;2.295500;128;201701;46.5;1;31;;8.5;1;10;10;6;0;0;0;0;1023.5;9;31;1012.5;9;27;8.0;1;31;;13.7;1;12;1.4;1;18;0;0;0;0;31;31;0;1.2;1;31;;-5.1;1;26;9.1;1;12;1;0;31;31;31;0;0;13;6.8;1;15.6;1;26;31;4.6;1;31;4.3;1;31;0;-1.6;1;18;11.4;1;12;43;1;21;31;99;1;1;31;82;9;31;6.7;1;31;30.9;1;19.4;1;320;1;13;20;9;0;31;18.7;1;320;1;17;20;5;0;31;13.1;1;290;1;13;18;12;0;31;4.8;1;31;6093;1;31;4;13;5;16136;1;31;;;0;;;0;;;;;;0;0;;;;;0;1;0;1;;0;0;0;;0;2
11069001;CARCASSONNE;43.215333;2.295500;128;201702;41.8;1;28;;16.3;1;13;8;2;1;0;0;0;1019.2;9;28;1008.0;9;5;13.9;1;28;;18.9;1;17;6.7;1;8;0;0;0;0;28;28;0;5.7;1;28;;-1.8;1;26;11.6;1;13;0;0;23;28;28;0;0;2;8.2;1;17.6;1;23;28;9.8;1;28;9.3;1;28;0;5.5;1;8;14.1;1;22;32;1;25;28;99;1;17;28;81;9;28;9.3;1;28;44.6;1;24.3;1;270;1;5;24;8;0;28;22.7;1;270;1;5;23;8;0;28;14.8;1;280;1;5;20;9;0;28;4.9;1;28;7172;1;28;3;13;6;22722;1;28;;;0;;;0;;;;;;0;0;;;;;0;1;0;1;;0;0;0;;0;2
11069001;CARCASSONNE;43.215333;2.295500;128;201703;128.8;1;31;;51.5;1;24;9;7;5;1;1;0;1019.3;9;31;1002.7;9;4;17.2;1;31;;24.4;1;29;11.0;1;24;0;0;0;0;24;31;0;6.3;1;31;;0.4;1;4;11.9;1;31;0;0;28;31;31;0;0;0;10.8;1;20.2;1;17;31;11.8;1;31;11.3;1;31;0;6.8;1;4;15.3;1;31;29;1;29;31;99;1;25;31;76;9;31;9.5;1;31;80.5;1;30.5;1;280;1;6;25;8;1;31;26.3;1;280;1;6;25;6;0;31;18.1;1;290;1;6;23;10;2;31;4.8;1;31;11890;1;31;2;10;15;42301;1;31;;;0;;;0;;;;;;0;1;;;;;0;1;0;1;;0;0;0;;0;1
11069001;CARCASSONNE;43.215333;2.295500;128;201704;35.4;1;30;;17.6;1;25;4;3;1;0;0;0;1019.9;9;30;1008.9;9;25;19.6;1;30;;26.6;1;23;11.6;1;26;0;2;0;0;17;30;0;7.2;1;30;;-0.2;1;29;13.0;1;25;0;0;23;30;30;0;0;1;12.4;1;22.9;1;23;30;13.4;1;30;13.0;1;30;0;9.0;1;29;16.5;1;9;14;1;20;30;96;1;25;30;65;9;30;8.9;1;30;122.1;1;25.9;1;300;1;30;25;6;0;30;21.8;1;300;1;30;24;3;0;30;14.2;1;290;1;30;21;9;0;30;4.9;1;30;16640;1;30;0;3;17;62758;1;30;;;0;;;0;;;;;;0;0;;;;;0;1;0;1;;0;0;0;;0;0
11069001;CARCASSONNE;43.215333;2.295500;128;201705;47.4;1;31;;22.0;1;18;7;3;1;0;0;0;1016.9;9;31;999.5;9;11;23.4;1;31;;34.0;1;25;16.4;1;2;0;12;1;0;8;26;1;12.1;1;31;;5.2;1;1;17.3;1;27;0;0;8;26;31;0;0;0;11.2;1;21.2;1;25;31;17.7;1;31;17.2;1;31;0;11.1;1;1;23.4;1;25;23;1;25;31;96;1;21;31;70;9;31;12.9;1;31;141.5;1;20.1;1;300;1;6;23;11;0;31;18.9;1;300;1;6;21;7;0;31;13.1;1;100;1;28;19;10;0;31;4.5;1;31;14477;1;31;0;6;9;66967;1;31;;;0;;;0;;;;;;0;0;;;;;0;1;0;1;;0;0;0;;2;0
11069001;CARCASSONNE;43.215333;2.295500;128;201706;47.1;1;30;;29.4;1;27;5;3;1;0;0;0;1016.2;9;30;1005.6;9;28;28.7;1;30;;36.3;1;21;18.7;1;4;0;22;12;2;1;9;8;16.8;1;30;;8.9;1;8;22.0;1;19;0;0;2;7;23;7;0;0;12.0;1;18.6;1;18;30;22.8;1;30;22.3;1;30;14;15.8;1;30;28.6;1;21;28;1;18;30;96;1;30;30;67;9;30;17.2;1;30;178.4;1;18.0;1;320;1;6;26;4;0;30;17.0;1;320;1;6;24;3;0;30;12.0;1;90;1;19;18;6;0;30;4.4;1;30;17606;1;30;0;2;8;74132;1;30;;;0;;;0;;;;;;0;0;;;;;0;1;0;1;;0;0;0;;4;0
11069001;CARCASSONNE;43.215333;2.295500;128;201707;19.0;1;31;;9.2;1;19;5;1;0;0;0;0;1017.2;9;31;1011.7;9;31;28.0;1;31;;34.6;1;16;21.2;1;1;0;27;7;0;0;10;3;17.9;1;31;;13.3;1;4;21.4;1;18;0;0;0;4;25;6;0;0;10.1;1;18.7;1;16;31;22.9;1;31;22.4;1;31;6;17.4;1;1;25.5;1;30;27;1;16;31;96;1;20;31;69;9;31;18.0;1;31;169.5;1;21.0;1;90;1;31;29;8;0;31;19.6;1;90;1;31;27;6;0;31;14.2;1;80;1;31;18;7;0;31;5.2;1;31;14320;1;31;0;1;5;67232;1;31;;;0;;;0;;;;;;0;0;;;;;0;1;0;1;;0;0;0;;2;0
11069001;CARCASSONNE;43.215333;2.295500;128;201708;10.0;1;31;;4.4;1;5;3;0;0;0;0;0;1017.8;9;31;1012.4;9;30;29.5;1;31;;37.0;1;28;22.5;1;10;0;26;16;1;0;6;9;17.7;1;31;;11.9;1;10;22.3;1;5;0;0;0;7;22;9;0;0;11.8;1;21.5;1;21;31;23.6;1;31;23.0;1;31;14;17.2;1;10;27.5;1;4;17;1;21;31;96;1;3;31;65;9;31;17.5;1;31;167.0;1;18.7;1;90;1;25;26;5;0;31;16.3;1;90;1;25;26;2;0;31;12.1;1;90;1;14;20;8;0;31;4.6;1;31;15405;1;31;0;4;11;61727;1;31;;;0;;;0;;;;;;0;0;;;;;0;1;0;1;;0;0;0;;5;1
11069001;CARCASSONNE;43.215333;2.295500;128;201709;24.4;1;30;;6.0;1;30;7;2;0;0;0;0;1018.8;9;30;1008.0;9;9;23.7;1;30;;32.2;1;5;18.4;1;30;0;11;1;0;3;26;1;12.2;1;30;;6.5;1;21;19.4;1;6;0;0;9;25;30;0;0;0;11.5;1;20.0;1;24;30;18.0;1;30;17.4;1;30;0;14.0;1;17;23.2;1;5;21;1;3;30;97;1;30;30;69;9;30;12.9;1;30;109.4;1;19.3;1;300;1;11;25;6;0;30;18.4;1;300;1;11;20;3;0;30;11.6;1;290;1;14;13;6;0;30;4.1;1;30;12475;1;30;1;7;11;45619;1;30;;;0;;;0;;;;;;0;0;;;;;0;1;0;1;;0;0;0;;0;1
11069001;CARCASSONNE;43.215333;2.295500;128;201710;22.5;1;31;;18.5;1;19;1;1;1;0;0;0;1023.1;9;31;1011.8;9;18;21.8;1;31;;26.6;1;4;16.1;1;29;0;5;0;0;11;31;0;11.8;1;31;;1.2;1;31;18.6;1;3;0;0;9;25;31;0;0;0;10.0;1;18.3;1;13;31;16.8;1;31;16.1;1;31;0;9.3;1;31;21.6;1;3;33;1;28;31;98;1;5;31;76;9;31;13.4;1;31;79.8;1;19.5;1;310;1;29;24;6;0;31;17.2;1;310;1;29;23;3;0;31;12.3;1;90;1;18;14;9;0;31;4.6;1;31;10731;1;31;1;6;10;33589;1;31;;;0;;;0;;;;;;0;0;;;;0;0;1;0;1;;0;0;0;0;0;2
11069001;CARCASSONNE;43.215333;2.295500;128;201711;35.2;1;30;;21.8;1;4;8;1;1;0;0;0;1020.7;9;30;1010.4;9;29;13.2;1;30;;19.6;1;4;8.1;1;30;0;0;0;0;30;30;0;5.7;1;30;;-1.9;1;28;14.1;1;2;0;0;23;30;30;0;0;3;7.5;1;18.6;1;21;30;9.4;1;30;9.1;1;30;0;4.9;1;27;16.6;1;4;43;1;21;30;99;1;22;30;80;9;30;9.2;1;30;41.4;1;22.0;1;290;1;12;24;9;0;30;20.9;1;280;1;12;24;7;0;30;13.8;1;290;1;12;21;8;0;30;5.2;1;30;7653;1;30;2;11;9;19598;1;30;;;0;;;0;;;;;;0;0;;;;0;0;1;0;1;;0;0;0;0;1;3
11069001;CARCASSONNE;43.215333;2.295500;128;201712;68.5;1;31;;13.5;1;18;14;3;2;0;0;0;1022.6;9;31;992.3;9;11;9.5;1;31;;17.6;1;30;2.8;1;2;0;0;0;0;31;31;0;2.9;1;31;;-2.6;1;13;7.5;1;23;0;0;31;31;31;0;0;5;6.6;1;14.9;1;7;31;6.2;1;31;5.9;1;31;0;1.7;1;2;12.5;1;30;49;1;9;31;99;1;11;31;83;9;31;7.7;1;31;28.3;1;20.0;1;290;1;31;24;6;0;30;18.1;1;290;1;31;24;4;0;30;12.1;1;290;1;2;20;6;0;30;4.7;1;31;4997;1;31;4;14;1;13460;1;31;;;0;;;0;;;;;;0;3;;;;;0;1;0;1;;0;0;0;;0;6
11069001;CARCASSONNE;43.215333;2.295500;128;201801;110.2;1;31;;45.7;1;7;16;4;3;1;0;0;1020.7;9;31;1002.6;9;6;12.5;1;31;;19.0;1;5;7.4;1;30;0;0;0;0;31;31;0;6.5;1;31;;-1.3;1;13;13.4;1;3;0;0;26;31;31;0;0;1;6.0;1;13.0;1;5;31;9.5;1;31;9.2;1;31;0;4.3;1;13;15.2;1;3;40;1;1;31;99;1;24;31;84;9;31;9.7;1;31;34.7;1;25.5;1;290;1;17;26;12;0;31;23.3;1;290;1;17;24;10;0;31;15.7;1;290;1;17;21;13;1;31;5.2;1;31;4879;1;31;6;17;2;14278;1;31;;;0;;;0;;;;;;0;0;;;;;0;1;0;1;;0;0;0;;1;2
11069001;CARCASSONNE;43.215333;2.295500;128;201802;44.9;1;28;;12.9;1;14;12;2;1;0;0;0;1015.2;9;28;1002.9;9;28;8.8;1;28;;19.2;1;15;3.7;1;8;0;0;0;0;28;28;0;2.1;1;28;;-5.6;1;28;7.7;1;20;2;0;28;28;28;0;0;8;6.7;1;13.4;1;15;28;5.4;1;28;5.0;1;28;0;-0.8;1;27;12.6;1;16;23;1;27;28;98;1;15;28;77;9;28;6.7;1;28;39.4;1;23.7;1;80;1;28;24;7;0;28;23.0;1;80;1;28;23;6;0;28;15.5;1;90;9;28;16;9;1;28;5.0;1;28;6171;1;28;4;10;3;21899;1;28;;;0;;;0;;;;;;0;3;;;;;0;1;0;1;;0;0;0;;0;3
11069001;CARCASSONNE;43.215333;2.295500;128;201803;64.0;1;31;;15.3;1;19;10;5;2;0;0;0;1006.0;9;31;991.1;9;1;14.0;1;31;;21.4;1;11;5.2;1;20;0;0;0;0;30;31;0;5.2;1;31;;0.5;1;20;12.0;1;11;0;0;29;31;31;0;0;0;8.9;1;13.8;1;3;31;9.6;1;31;9.1;1;31;0;2.9;1;20;16.7;1;11;29;1;11;31;99;1;27;31;76;9;31;8.4;1;31;70.2;1;26.4;1;280;1;12;28;16;0;30;24.9;1;280;1;12;27;13;0;30;16.5;1;300;1;12;24;19;2;30;5.3;1;31;9157;1;31;3;9;4;38544;1;31;;;0;;;0;;;;;;0;1;;;;0;0;1;0;1;;0;0;0;0;4;1
11069001;CARCASSONNE;43.215333;2.295500;128;201804;78.1;1;30;;28.4;1;11;7;4;2;0;0;0;1013.2;9;30;996.3;9;11;19.0;1;30;;27.2;1;24;11.4;1;11;0;2;0;0;20;29;0;9.5;1;30;;4.7;1;30;13.3;1;22;0;0;17;30;30;0;0;0;9.5;1;17.0;1;27;30;14.3;1;30;13.9;1;30;0;10.2;1;11;19.0;1;24;23;1;17;30;98;1;30;30;73;9;30;10.7;1;30;101.5;1;21.0;1;100;1;6;24;10;0;30;19.2;1;110;1;7;24;7;0;30;14.6;1;90;1;7;21;12;0;30;5.0;1;30;10777;1;30;3;12;10;48536;1;30;;;0;;;0;;;;;;0;0;;;;;0;1;0;1;;0;0;0;;3;1
11069001;CARCASSONNE;43.215333;2.295500;128;201805;89.5;1;31;;25.6;1;12;11;5;3;0;0;0;1015.7;9;31;1011.8;9;21;20.8;1;31;;27.7;1;23;11.7;1;14;0;5;0;0;15;30;0;12.3;1;31;;6.1;1;2;17.1;1;27;0;0;8;23;31;0;0;0;8.5;1;19.8;1;11;31;16.6;1;31;15.9;1;31;0;9.7;1;14;21.6;1;26;27;1;11;31;97;1;22;31;76;9;31;13.4;1;31;115.4;1;21.5;1;300;1;13;24;8;0;31;20.1;1;300;1;13;24;5;0;31;13.1;1;290;1;3;19;6;0;31;4.6;1;31;11501;1;31;3;9;5;55617;1;31;;;0;;;0;;;;;;0;0;;;;;0;1;0;1;;0;0;0;;7;1
11069001;CARCASSONNE;43.215333;2.295500;128;201806;33.0;1;30;;14.5;1;12;8;2;1;0;0;0;1015.6;9;30;1009.4;9;30;26.5;1;30;;32.1;1;27;18.3;1;6;0;17;6;0;1;15;1;15.6;1;30;;11.7;1;24;20.2;1;22;0;0;0;15;29;1;0;0;10.9;1;17.7;1;25;30;21.0;1;30;20.7;1;30;3;16.6;1;6;24.4;1;30;24;1;23;30;98;1;8;30;71;9;30;15.9;1;30;157.2;1;18.0;1;310;1;13;25;6;0;29;16.8;1;310;1;13;23;2;0;29;11.6;1;290;1;18;13;5;0;29;4.4;1;29;15490;1;30;0;6;10;68895;1;30;;;0;;;0;;;;;;0;0;;;;0;0;1;0;1;;0;0;0;0;4;1
11069001;CARCASSONNE;43.215333;2.295500;128;201807;68.3;1;31;;17.3;1;15;6;4;4;0;0;0;1015.3;9;31;1009.4;9;1;30.8;1;31;;36.2;1;26;23.2;1;21;0;29;23;1;0;5;14;18.0;1;31;;15.0;1;24;22.1;1;28;0;0;0;1;27;4;0;0;12.8;1;18.7;1;26;31;24.4;1;31;24.2;1;31;19;20.0;1;21;28.2;1;27;22;1;26;31;97;1;19;31;64;9;31;17.4;1;31;192.3;1;27.6;1;240;1;3;25;5;0;31;25.1;1;240;1;3;21;4;0;31;13.7;1;290;9;4;14;5;0;31;3.8;1;31;20701;1;31;0;1;18;78920;1;31;;;0;;;0;;;;;;0;0;;;;;0;1;0;1;;0;0;0;;7;0
11069001;CARCASSONNE;43.215333;2.295500;128;201808;23.5;1;31;;14.1;1;7;4;1;1;0;0;0;1017.5;9;31;1012.2;9;7;30.3;1;31;;35.8;1;3;23.0;1;9;0;29;19;5;0;7;12;17.8;1;31;;12.9;1;27;23.3;1;4;0;0;0;6;26;5;0;0;12.5;1;18.7;1;22;31;24.1;1;31;23.8;1;31;12;19.4;1;25;29.2;1;5;26;1;22;31;96;1;17;31;63;9;31;17.2;1;31;182.8;1;21.9;1;250;1;7;30;4;0;31;20.1;1;250;1;7;26;3;0;31;11.1;1;250;1;7;15;5;0;31;4.5;1;31;19006;1;31;0;2;18;68673;1;31;;;0;;;0;;;;;;0;;;;;;0;1;0;1;;0;0;0;;3;
11069001;CARCASSONNE;43.215333;2.295500;128;201809;12.6;1;30;;5.2;1;5;3;1;0;0;0;0;1020.1;9;30;1013.6;1;4;28.0;1;30;;33.7;1;20;21.8;1;24;0;27;10;0;0;12;2;15.5;1;30;;8.4;1;25;20.1;1;18;0;0;3;12;29;1;0;0;12.6;1;22.5;1;3;30;21.7;1;30;21.0;1;30;0;16.6;1;25;24.9;1;19;14;1;3;30;97;1;28;30;65;9;30;14.9;1;30;133.9;1;17.7;1;80;1;26;24;2;0;30;16.3;1;80;1;26;22;1;0;30;10.9;1;90;1;26;12;2;0;30;4.0;1;30;15537;9;30;0;1;10;52534;9;30;;;0;;;0;;;;;;0;0;;;;;0;9;0;1;;0;0;0;;2;1
11069001;CARCASSONNE;43.215333;2.295500;128;201810;239.5;1;31;;139.8;1;14;11;5;4;2;1;1;1016.0;1;31;998.0;1;29;19.2;1;31;;26.5;1;4;6.7;1;28;0;3;0;0;16;31;0;12.3;1;31;;1.2;1;30;19.3;1;12;0;0;7;24;31;0;0;0;6.9;1;15.6;1;4;31;15.8;1;31;15.2;1;31;0;4.9;1;29;22.4;1;14;23;1;2;31;98;1;26;31;79;1;31;13.6;1;31;72.3;1;21.9;1;300;1;1;25;10;0;31;20.0;1;300;1;1;25;5;0;31;13.5;1;280;1;1;23;13;0;31;5.1;1;31;8110;9;31;4;13;7;28530;9;31;;;0;;;0;;;;;;0;0;;;;;0;9;0;9;;0;0;0;;4;4
11069001;CARCASSONNE;43.215333;2.295500;128;201811;28.5;1;30;;8.0;1;30;6;2;0;0;0;0;1014.9;1;30;1002.3;1;5;15.0;1;30;;20.5;1;12;8.1;1;20;0;0;0;0;29;30;0;7.3;1;30;;0.8;1;28;15.5;1;12;0;0;23;28;30;0;0;0;7.7;1;15.6;1;24;30;11.2;1;30;11.0;1;30;0;5.0;1;20;18.0;1;12;38;1;24;30;99;1;22;30;83;1;30;10.5;1;30;38.9;1;19.5;1;70;1;5;25;6;0;30;17.8;1;90;1;5;23;2;0;30;12.6;1;80;1;12;19;5;0;30;4.3;1;30;5777;9;30;4;12;2;17581;9;30;;;0;;;0;;;;;;0;;;;;;0;9;0;9;;0;0;0;;;4
11069001;CARCASSONNE;43.215333;2.295500;128;201812;43.3;1;31;;18.2;1;16;6;2;2;0;0;0;1025.1;1;31;1009.5;1;13;12.6;1;31;;18.5;1;3;4.3;1;30;0;0;0;0;31;31;0;5.7;1;31;;-0.7;1;27;12.4;1;4;0;0;27;31;31;0;0;1;6.9;1;12.1;1;27;31;9.2;1;31;8.8;1;31;0;2.9;1;30;14.3;1;4;51;1;26;31;99;1;5;31;85;1;31;9.4;1;31;29.6;1;26.0;1;290;1;9;23;7;0;31;23.6;1;290;1;9;20;5;0;31;15.1;1;280;1;9;15;6;1;31;4.0;1;31;5782;9;31;2;14;3;14655;9;31;;;0;;;0;;;;;;0;;;;;0;0;9;0;9;;0;0;0;;;4
11069001;CARCASSONNE;43.215333;2.295500;128;201901;55.3;1;31;;11.7;1;23;11;6;1;0;0;0;1020.7;1;31;997.3;1;31;8.2;1;31;;12.8;1;26;2.5;1;6;0;0;0;0;31;31;0;2.4;1;31;;-1.0;1;19;8.5;1;14;0;0;31;31;31;0;0;4;5.8;1;13.3;1;19;31;5.3;1;31;5.0;1;31;0;1.3;1;6;9.8;1;14;42;1;4;31;98;1;1;31;80;1;31;6.9;1;31;34.4;1;28.9;1;290;1;27;29;17;1;31;24.6;1;290;1;27;28;13;0;31;16.0;1;300;1;27;25;15;2;31;6.2;1;31;4617;9;31;3;19;5;14647;9;31;;;0;;;0;;;;;;0;1;;;;;0;9;0;9;;0;0;0;;0;1
11069001;CARCASSONNE;43.215333;2.295500;128;201902;11.8;1;28;;3.4;1;4;3;0;0;0;0;0;1024.7;1;28;989.5;1;1;14.6;1;28;;25.2;1;27;5.2;1;3;0;1;0;0;24;28;0;3.9;1;28;;-1.2;1;13;9.5;1;18;0;0;28;28;28;0;0;3;10.8;1;22.1;1;27;28;9.2;1;28;8.8;1;28;0;3.7;1;3;14.2;1;27;14;1;27;28;99;1;26;28;77;1;28;8.1;1;28;52.8;1;23.4;1;280;1;3;25;5;0;28;21.4;1;280;1;3;21;5;0;28;14.0;1;280;9;2;18;9;0;28;4.7;1;28;10854;9;28;1;7;13;29290;9;28;;;0;;;0;;;;;;0;0;;;;0;0;9;0;9;;0;0;0;0;0;5
11069001;CARCASSONNE;43.215333;2.295500;128;201903;12.1;1;31;;5.9;1;13;4;1;0;0;0;0;1023.6;1;31;1004.2;1;6;16.9;1;31;;23.4;1;23;12.1;1;19;0;0;0;0;26;31;0;5.1;1;31;;-1.1;1;21;10.5;1;10;0;0;30;31;31;0;0;4;11.8;1;22.4;1;22;31;11.0;1;31;10.6;1;31;0;7.4;1;8;14.0;1;16;22;1;26;31;97;1;22;31;66;1;31;7.9;1;31;94.7;1;22.3;1;80;1;6;28;15;0;31;21.0;1;80;1;6;28;10;0;31;14.4;1;80;1;6;26;14;0;31;5.4;1;31;13235;9;31;1;7;14;46616;9;31;;;0;;;0;;;;;;0;;;;;;0;9;0;9;;0;0;0;;;
11069001;CARCASSONNE;43.215333;2.295500;128;201904;25.9;1;30;;7.3;1;15;7;2;0;0;0;0;1013.5;1;30;997.5;1;23;17.9;1;30;;24.5;1;24;11.5;1;3;0;0;0;0;23;30;0;7.4;1;30;;1.7;1;5;13.0;1;25;0;0;25;30;30;0;0;0;10.5;1;18.0;1;8;30;12.7;1;30;12.1;1;30;0;8.2;1;4;18.0;1;25;19;1;24;30;100;1;1;30;70;1;30;9.1;1;30;104.8;1;22.5;1;80;1;18;30;12;0;30;19.8;1;330;1;25;29;9;0;30;13.8;1;300;1;25;22;12;0;30;5.1;1;30;10322;9;30;1;9;4;49988;9;30;;;0;;;0;;;;;;0;0;;;;0;0;9;0;9;;0;0;0;0;1;2
11069001;CARCASSONNE;43.215333;2.295500;128;201905;75.4;1;31;;24.3;1;17;10;3;3;0;0;0;1016.6;1;31;1005.4;1;17;20.4;1;31;;28.7;1;31;13.8;1;17;0;3;0;0;17;29;0;9.6;1;31;;1.4;1;7;13.9;1;24;0;0;15;31;31;0;0;0;10.7;1;18.3;1;23;31;15.0;1;31;14.8;1;31;0;9.0;1;5;20.6;1;31;19;1;15;31;98;1;8;31;69;1;31;10.8;1;31;129.0;1;20.2;1;290;1;5;30;9;0;31;18.3;1;300;1;5;28;5;0;31;13.0;1;280;1;5;22;12;0;31;5.3;1;31;13055;9;31;2;9;9;61161;9;31;;;0;;;0;;;;;;0;0;;;;0;0;9;0;9;;0;0;0;0;1;0
11069001;CARCASSONNE;43.215333;2.295500;128;201906;35.5;1;30;;10.3;1;19;6;3;1;0;0;0;1015.8;1;30;1010.0;1;4;27.0;1;30;;38.2;1;29;16.8;1;11;0;18;9;3;4;16;7;14.6;1;30;;6.1;1;12;21.3;1;27;0;0;3;16;27;3;0;0;12.4;1;21.8;1;17;30;20.8;1;30;20.5;1;30;6;13.8;1;11;29.3;1;29;19;1;17;30;99;1;16;30;66;1;30;14.8;1;30;176.3;1;20.1;1;90;1;25;29;7;0;30;18.9;1;70;1;24;25;7;0;30;13.4;1;80;1;26;23;11;0;30;5.1;1;30;16925;9;30;0;6;11;71037;9;30;;;0;;;0;;;;;;0;0;;;;;0;9;0;9;;0;0;0;;2;0
11069001;CARCASSONNE;43.215333;2.295500;128;201907;26.1;1;31;;15.7;1;27;5;1;1;0;0;0;1014.9;1;31;1007.6;1;27;31.0;1;31;;37.7;1;22;22.7;1;27;0;29;21;5;0;6;15;18.9;1;31;;12.4;1;29;23.2;1;25;0;0;0;2;22;9;0;0;12.1;1;19.5;1;29;31;25.0;1;31;24.5;1;31;17;20.0;1;27;29.4;1;22;21;1;15;31;97;1;21;31;62;1;31;17.7;1;31;201.0;1;17.5;1;260;1;27;31;3;0;31;16.1;1;70;1;25;28;1;0;31;12.1;1;80;1;25;16;5;0;31;4.6;1;31;18606;9;31;1;4;15;73455;9;31;;;0;;;0;;;;;;0;;;;;;0;9;0;9;;0;0;0;;4;1
11069001;CARCASSONNE;43.215333;2.295500;128;201908;29.4;1;31;;13.7;1;19;4;2;1;0;0;0;1016.8;1;31;1010.8;1;8;30.7;1;31;;36.6;1;4;21.6;1;20;0;28;19;4;0;6;12;17.2;1;31;;12.9;1;14;23.7;1;9;0;0;0;6;25;6;0;0;13.5;1;21.2;1;23;31;24.0;1;31;23.6;1;31;17;18.4;1;20;27.9;1;8;18;1;23;31;97;1;20;31;64;1;31;16.8;1;31;175.1;1;16.9;1;300;1;11;24;1;0;31;15.3;1;300;1;11;23;0;0;31;11.1;1;290;1;11;15;4;0;31;4.0;1;31;18048;9;31;0;3;17;67807;9;31;;;0;;;0;;;;;;0;0;;;;;0;9;0;9;;0;0;0;;2;0
11069001;CARCASSONNE;43.215333;2.295500;128;201909;48.4;1;30;;23.7;1;18;6;3;2;0;0;0;1019.5;1;30;1013.7;1;22;26.3;1;30;;33.7;1;17;16.0;1;10;0;21;5;0;1;19;1;14.5;1;30;;7.8;1;9;20.0;1;1;0;0;1;15;30;1;0;0;11.8;1;20.4;1;13;30;20.4;1;30;19.7;1;30;1;14.4;1;10;24.9;1;17;23;1;4;30;99;1;27;30;67;1;30;14.5;1;30;124.0;1;18.0;1;80;1;20;19;5;0;30;16.6;1;80;1;20;19;1;0;30;11.7;1;80;1;20;14;4;0;30;4.1;1;30;14248;9;30;3;4;10;49449;9;30;;;0;;;0;;;;;;0;0;;;;;0;9;0;9;;0;0;0;;1;0
11069001;CARCASSONNE;43.215333;2.295500;128;201910;130.2;1;31;;94.1;1;22;8;3;2;1;1;0;1016.8;1;31;1006.3;1;19;21.2;1;31;;28.1;1;1;13.5;1;22;0;2;0;0;10;30;0;12.5;1;31;;5.1;1;16;18.6;1;13;0;0;6;25;31;0;0;0;8.7;1;16.5;1;8;31;16.8;1;31;16.2;1;31;0;12.6;1;22;20.7;1;12;35;1;8;31;99;1;29;31;80;1;31;14.3;1;31;70.2;1;18.3;1;80;1;14;24;6;0;31;17.8;1;80;1;14;20;4;0;31;12.1;1;80;1;13;19;9;0;31;4.3;1;31;8640;9;31;2;12;6;30237;9;31;;;0;;;0;;;;;;0;;;;;;0;9;0;9;;0;0;0;;3;2
11069001;CARCASSONNE;43.215333;2.295500;128;201911;72.3;1;30;;10.7;1;3;17;4;2;0;0;0;1008.7;1;30;994.1;1;23;13.6;1;30;;20.8;1;4;6.8;1;14;0;0;0;0;28;30;0;5.6;1;30;;-1.5;1;20;11.5;1;3;0;0;26;30;30;0;0;3;8.0;1;14.2;1;22;30;9.6;1;30;9.1;1;30;0;4.7;1;15;15.5;1;2;45;1;16;30;100;1;30;30;86;1;30;9.6;1;30;34.1;1;24.9;1;270;1;3;28;7;0;30;22.1;1;270;1;3;26;6;0;30;15.7;1;280;1;3;17;6;1;30;3.8;1;30;6124;9;30;2;8;1;18492;9;30;;;0;;;0;;;;;;0;;;;;;0;9;0;9;;0;0;0;;;4
11069001;CARCASSONNE;43.215333;2.295500;128;201912;89.0;1;31;;26.0;1;12;8;7;2;0;0;0;1018.2;1;31;997.0;1;20;13.6;1;31;;19.8;1;24;8.4;1;11;0;0;0;0;31;31;0;6.3;1;31;;0.5;1;11;13.9;1;17;0;0;25;31;31;0;0;0;7.3;1;13.0;1;6;31;9.9;1;31;9.7;1;31;0;4.5;1;11;15.2;1;17;55;1;24;31;100;1;15;31;86;1;31;10.2;1;31;31.3;1;30.5;1;290;1;13;26;14;1;31;28.5;1;290;1;13;22;11;1;31;15.2;1;290;1;13;19;15;1;31;4.8;1;31;6688;9;31;1;11;4;15162;9;31;;;0;;;0;;;;;;0;0;;;;0;0;9;0;9;;0;0;0;0;0;3
11069001;CARCASSONNE;43.215333;2.295500;128;202001;81.3;1;31;;33.7;1;23;4;4;2;1;0;0;1026.5;1;31;1017.9;1;28;11.7;1;31;;18.5;1;31;5.1;1;20;0;0;0;0;31;31;0;4.7;1;31;;-2.1;1;12;9.3;1;15;0;0;31;31;31;0;0;6;7.0;1;12.4;1;6;31;8.2;1;31;8.0;1;31;0;2.5;1;20;13.3;1;31;43;1;19;31;100;1;27;31;85;1;31;8.9;1;31;30.9;1;22.4;1;270;1;17;28;5;0;31;20.6;1;270;1;17;24;3;0;31;12.6;1;90;1;22;16;5;0;31;4.2;1;31;6194;9;31;2;10;2;16568;9;31;;;0;;;0;;;;;;0;0;;;;;0;9;0;9;;0;0;0;;1;5
11069001;CARCASSONNE;43.215333;2.295500;128;202002;22.9;1;29;;9.7;1;27;4;2;0;0;0;0;1025.2;1;29;1009.0;1;29;15.8;1;29;;21.5;1;2;10.2;1;26;0;0;0;0;26;29;0;6.0;1;29;;-1.1;1;6;11.5;1;11;0;0;27;29;29;0;0;1;9.8;1;18.8;1;20;29;10.9;1;29;10.4;1;29;0;5.5;1;6;14.6;1;3;24;1;24;29;100;1;15;29;80;1;29;9.6;1;29;51.9;1;24.2;1;260;1;27;26;8;0;29;21.4;1;260;1;27;23;5;0;29;14.5;1;290;1;4;21;8;0;29;4.6;1;29;8497;9;29;1;7;6;26531;9;29;;;0;;;0;;;;;;0;0;;;;;0;9;0;9;;0;0;0;;0;4
11069001;CARCASSONNE;43.215333;2.295500;128;202003;69.3;1;31;;23.8;1;3;12;4;2;0;0;0;1018.0;1;31;1000.2;1;2;14.8;1;31;;21.1;1;18;7.9;1;26;0;0;0;0;30;31;0;6.4;1;31;;0.4;1;27;11.0;1;16;0;0;28;31;31;0;0;0;8.4;1;16.2;1;28;31;10.6;1;31;10.1;1;31;0;4.3;1;26;14.1;1;22;33;1;28;31;99;1;26;31;78;1;31;9.1;1;31;74.6;1;29.3;1;280;1;2;30;11;2;31;26.4;1;300;1;6;30;7;0;31;17.5;1;280;1;2;27;13;2;31;5.6;1;31;10176;9;31;2;9;5;39387;9;31;;;0;;;0;;;;;;0;1;;;;;0;9;0;9;;0;0;0;;1;2
11069001;CARCASSONNE;43.215333;2.295500;128;202004;97.2;1;30;;29.0;1;21;9;5;4;0;0;0;1016.1;1;30;1007.7;1;20;18.7;1;30;;24.3;1;25;12.5;1;1;0;0;0;0;22;30;0;10.4;1;30;;0.4;1;4;13.8;1;18;0;0;13;30;30;0;0;0;8.3;1;17.9;1;4;30;14.5;1;30;14.0;1;30;0;9.4;1;4;16.8;1;25;24;1;5;30;100;1;27;30;78;1;30;11.8;1;30;96.8;1;21.2;1;110;1;15;24;11;0;30;18.9;1;90;1;5;22;8;0;30;14.0;1;80;1;5;20;10;0;30;5.1;1;30;10148;9;30;7;11;8;47750;9;30;;;0;;;0;;;;;;0;0;;;;;0;9;0;9;;0;0;0;;1;1
11069001;CARCASSONNE;43.215333;2.295500;128;202005;128.7;1;31;;61.9;1;10;6;4;3;2;1;0;1017.3;1;31;1003.3;1;10;23.7;1;31;;31.0;1;22;16.0;1;11;0;13;1;0;7;24;0;13.2;1;31;;8.6;1;25;17.1;1;30;0;0;3;24;31;0;0;0;10.6;1;20.3;1;25;31;18.5;1;31;18.2;1;31;0;14.4;1;11;21.9;1;28;23;1;25;31;98;1;22;31;74;1;31;14.3;1;31;140.5;1;19.8;1;290;1;2;26;8;0;31;17.7;1;80;1;9;25;2;0;31;13.0;1;80;1;9;19;7;0;31;4.7;1;31;16205;9;31;3;8;15;66594;9;31;;;0;;;0;;;;;;0;0;;;;;0;9;0;9;;0;0;0;;0;0
11069001;CARCASSONNE;43.215333;2.295500;128;202006;45.0;1;30;;14.5;1;6;7;4;2;0;0;0;1015.1;1;30;1003.5;1;12;25.3;1;30;;32.1;1;23;19.7;1;7;0;14;5;0;1;18;1;14.7;1;30;;11.2;1;13;19.9;1;29;0;0;0;17;30;0;0;0;10.6;1;18.6;1;23;30;20.0;1;30;19.6;1;30;2;16.2;1;9;24.7;1;28;26;1;23;30;98;1;19;30;71;1;30;15.2;1;30;147.6;1;20.0;1;290;1;4;25;3;0;30;17.5;1;290;1;4;21;2;0;30;12.0;1;280;1;4;14;5;0;30;4.2;1;30;13442;9;30;0;5;6;66502;9;30;;;0;;;0;;;;;;0;0;;;;;0;9;0;9;;0;0;0;;5;0
11069001;CARCASSONNE;43.215333;2.295500;128;202007;6.3;1;31;;3.7;1;23;2;0;0;0;0;0;1017.6;1;31;1012.4;1;1;30.2;1;31;;35.7;1;22;23.3;1;16;0;28;19;1;0;6;11;17.7;1;31;;12.0;1;8;22.1;1;31;0;0;0;5;25;7;0;0;12.4;1;21.3;1;9;31;24.0;1;31;23.7;1;31;15;19.6;1;16;27.8;1;23;20;1;8;31;96;1;21;31;61;1;31;16.7;1;31;198.6;1;18.7;1;290;1;6;27;5;0;31;16.3;1;290;1;6;25;2;0;31;11.3;1;300;1;23;20;5;0;31;4.6;1;31;19979;9;31;0;0;15;76947;9;31;;;0;;;0;;;;;;0;0;;;;;0;9;0;9;;0;0;0;;4;0
11069001;CARCASSONNE;43.215333;2.295500;128;202008;19.9;1;31;;13.3;1;28;4;1;1;0;0;0;1015.0;1;31;1008.0;1;29;30.3;1;31;;38.3;1;8;22.3;1;30;0;27;17;4;0;6;10;17.9;1;31;;11.5;1;25;24.0;1;21;0;0;0;6;22;9;0;0;12.4;1;24.8;1;6;31;24.1;1;31;23.6;1;31;15;18.3;1;30;29.0;1;8;15;1;5;31;96;1;8;31;64;1;31;17.3;1;31;178.9;1;20.2;1;80;1;20;28;4;0;31;18.4;1;80;1;20;23;2;0;31;13.4;1;80;1;20;18;3;0;31;4.8;1;31;16352;9;31;1;3;11;63933;9;31;;;0;;;0;;;;;;0;0;;;;;0;9;0;9;;0;0;0;;1;1
11069001;CARCASSONNE;43.215333;2.295500;128;202009;107.8;1;30;;30.6;1;19;9;7;5;1;0;0;1017.5;1;30;1010.6;1;24;26.4;1;30;;33.8;1;16;13.5;1;27;0;20;9;0;4;16;3;14.3;1;30;;6.4;1;30;20.9;1;19;0;0;5;17;27;3;0;0;12.0;1;21.0;1;13;30;20.3;1;30;19.6;1;30;0;11.2;1;27;26.1;1;19;21;1;12;30;99;1;30;30;70;1;30;14.6;1;30;122.6;1;21.2;1;290;1;25;24;9;0;30;18.8;1;270;1;27;19;4;0;30;11.8;1;280;1;25;13;9;0;30;4.1;1;30;13657;9;30;0;4;10;48084;9;30;;;0;;;0;;;;;;0;0;;;;;0;9;0;9;;0;0;0;;1;0
11069001;CARCASSONNE;43.215333;2.295500;128;202010;41.9;1;31;;12.9;1;2;9;2;1;0;0;0;1016.7;1;31;992.8;1;2;18.1;1;31;;24.7;1;8;12.9;1;16;0;0;0;0;24;31;0;9.5;1;31;;3.0;1;18;16.4;1;21;0;0;19;28;31;0;0;0;8.6;1;17.7;1;30;31;13.8;1;31;13.2;1;31;0;10.1;1;17;18.0;1;8;45;1;5;31;100;1;31;31;83;1;31;12.2;1;31;56.6;1;22.5;1;60;1;20;22;13;0;31;20.3;1;80;1;20;21;5;0;31;13.6;1;80;9;20;21;9;0;31;4.5;1;31;7884;9;31;4;11;5;27442;9;31;;;0;;;0;;;;;;0;0;;;;;0;9;0;9;;0;0;0;;1;4
11069001;CARCASSONNE;43.215333;2.295500;128;202011;34.5;1;30;;11.9;1;27;7;3;1;0;0;0;1023.6;1;30;1010.4;1;28;15.9;1;30;;19.4;1;15;10.2;1;20;0;0;0;0;30;30;0;8.1;1;30;;-1.6;1;23;15.3;1;15;0;0;18;28;30;0;0;2;7.8;1;14.9;1;23;30;12.0;1;30;11.6;1;30;0;5.8;1;22;17.4;1;15;51;1;22;30;100;1;30;30;85;1;30;11.5;1;30;36.7;1;21.7;1;90;1;7;25;5;0;30;20.4;1;90;1;7;23;3;0;30;13.3;1;90;1;7;15;6;0;30;4.4;1;30;7723;9;30;2;9;7;18906;9;30;;;0;;;0;;;;;;0;0;;;;;0;9;0;9;;0;0;0;;0;9
11069001;CARCASSONNE;43.215333;2.295500;128;202012;98.8;1;31;;22.2;1;11;14;7;3;0;0;0;1012.7;1;31;992.8;1;28;10.8;1;31;;16.5;1;19;4.7;1;25;0;0;0;0;31;31;0;4.8;1;31;;-2.1;1;27;10.3;1;19;0;0;30;31;31;0;0;2;6.0;1;12.3;1;31;31;7.8;1;31;7.5;1;31;0;1.8;1;27;13.4;1;19;52;1;31;31;100;1;22;31;87;1;31;8.9;1;31;25.8;1;25.1;1;300;1;26;23;10;0;31;22.8;1;290;1;26;23;7;0;31;16.0;1;300;1;26;19;10;2;31;4.3;1;31;3234;9;31;7;17;0;11130;9;31;;;0;;;0;;;;;;0;0;;;;;0;9;0;9;;0;0;0;;0;8
11069001;CARCASSONNE;43.215333;2.295500;128;202101;59.8;1;31;;12.9;1;30;12;3;2;0;0;0;1016.3;1;31;1002.0;1;22;9.0;1;31;;17.3;1;28;1.1;1;11;0;0;0;0;31;31;0;2.7;1;31;;-5.7;1;7;12.3;1;28;1;0;30;31;31;0;0;7;6.4;1;14.2;1;19;31;5.9;1;31;5.5;1;31;0;-1.5;1;7;14.8;1;28;47;1;26;31;99;1;27;31;83;1;31;7.6;1;31;31.7;1;26.9;1;270;1;22;27;11;0;31;25.5;1;270;1;22;22;6;0;31;15.0;1;280;1;22;19;10;1;31;5.0;1;31;5267;9;31;4;15;3;16332;9;31;;;0;;;0;;;;;;0;4;;;;;0;9;0;9;;0;0;0;;1;1
11069001;CARCASSONNE;43.215333;2.295500;128;202102;40.6;1;28;;11.7;1;1;7;4;1;0;0;0;1018.3;1;28;999.4;1;8;13.8;1;28;;20.6;1;2;7.7;1;14;0;0;0;0;27;28;0;8.2;1;28;;2.2;1;14;12.3;1;24;0;0;15;28;28;0;0;0;5.6;1;15.8;1;17;28;11.0;1;28;10.5;1;28;0;5.0;1;14;15.4;1;2;50;1;2;28;99;1;23;28;86;1;28;10.8;1;28;38.5;1;21.7;1;70;1;21;26;13;0;28;20.0;1;70;1;20;26;8;0;28;13.9;1;80;1;20;22;13;0;28;5.7;1;28;4639;9;28;5;13;2;18546;9;28;;;0;;;0;;;;;;0;0;;;;;0;9;0;9;;0;0;0;;0;0
11069001;CARCASSONNE;43.215333;2.295500;128;202103;9.4;1;31;;1.8;1;13;6;0;0;0;0;0;1023.9;1;31;1016.7;1;19;15.4;1;31;;21.9;1;11;9.3;1;19;0;0;0;0;27;31;0;6.0;1;31;;-0.6;1;24;10.0;1;12;0;0;31;31;31;0;0;2;9.5;1;21.8;1;24;31;10.7;1;31;10.2;1;31;0;6.5;1;20;14.4;1;30;28;1;24;31;100;1;30;31;72;1;31;8.5;1;31;83.9;1;24.6;1;310;1;14;26;15;0;31;22.4;1;310;1;14;25;9;0;31;13.8;1;290;1;22;21;17;0;31;5.5;1;31;11657;9;31;3;8;7;42264;9;31;;;0;;;0;;;;;;0;0;;;;;0;9;0;9;;0;0;0;;0;3
11069001;CARCASSONNE;43.215333;2.295500;128;202104;23.3;1;30;;6.9;1;30;7;1;0;0;0;0;1017.0;1;30;1006.3;1;27;17.8;1;30;;24.0;1;23;12.8;1;11;0;0;0;0;23;30;0;6.7;1;30;;-0.9;1;8;12.1;1;26;0;0;21;30;30;0;0;3;11.1;1;19.5;1;23;30;12.3;1;30;11.9;1;30;0;7.7;1;16;16.6;1;2;19;1;19;30;99;1;29;30;66;1;30;8.6;1;30;106.9;1;23.0;1;80;1;9;28;11;0;30;20.7;1;80;1;9;26;4;0;30;15.2;1;80;1;9;19;11;1;30;5.0;1;30;12661;9;30;4;6;10;52063;9;30;;;0;;;0;;;;;;0;0;;;;;0;9;0;9;;0;0;0;;0;0
11069001;CARCASSONNE;43.215333;2.295500;128;202105;33.9;1;31;;6.9;1;12;9;2;0;0;0;0;1016.9;1;31;1007.5;1;9;21.8;1;31;;28.4;1;30;15.4;1;1;0;5;0;0;9;28;0;9.5;1;31;;3.5;1;3;16.9;1;30;0;0;21;29;31;0;0;0;12.2;1;19.9;1;4;31;15.6;1;31;15.3;1;31;0;12.2;1;1;22.7;1;30;20;1;20;31;100;1;11;31;70;1;31;11.2;1;31;131.0;1;26.2;1;310;1;12;26;13;0;31;23.1;1;310;1;12;20;6;0;31;14.5;1;310;1;12;19;12;0;31;4.4;1;31;13655;9;31;0;6;6;63669;9;31;;;0;;;0;;;;;;0;0;;;;;0;9;0;9;;0;0;0;;2;1
11069001;CARCASSONNE;43.215333;2.295500;128;202106;63.1;1;30;;29.5;1;17;5;3;2;0;0;0;1017.1;1;30;1007.0;1;20;27.2;1;30;;34.7;1;14;19.6;1;2;0;20;8;0;1;14;3;16.3;1;30;;13.3;1;26;21.2;1;19;0;0;0;10;27;3;0;0;10.9;1;19.0;1;14;30;21.7;1;30;21.3;1;30;5;17.2;1;2;26.6;1;15;26;1;13;30;98;1;21;30;71;1;30;16.7;1;30;158.9;1;23.1;1;280;1;21;29;6;0;30;21.2;1;280;1;21;29;2;0;30;13.4;1;270;1;21;16;8;0;30;4.7;1;30;14990;9;30;1;7;9;65491;9;30;;;0;;;0;;;;;;0;0;;;;;0;9;0;9;;0;0;0;;5;0
11069001;CARCASSONNE;43.215333;2.295500;128;202107;30.4;1;31;;7.1;1;4;7;2;0;0;0;0;1015.9;1;31;1011.0;1;23;28.6;1;31;;35.7;1;20;19.1;1;31;0;25;13;2;1;11;8;16.5;1;31;;11.7;1;1;21.4;1;23;0;0;0;10;30;1;0;0;12.1;1;20.7;1;27;31;22.6;1;31;22.3;1;31;9;16.4;1;31;26.8;1;22;18;1;27;31;98;1;5;31;68;1;31;16.8;1;31;170.4;1;18.0;1;290;1;12;26;8;0;31;16.8;1;290;1;12;25;1;0;31;11.6;1;280;1;12;17;5;0;31;4.4;1;31;15931;9;31;1;4;12;68052;9;31;;;0;;;0;;;;;;0;0;;;;;0;9;0;9;;0;0;0;;2;0
11069001;CARCASSONNE;43.215333;2.295500;128;202108;16.4;1;31;;11.5;1;3;2;1;1;0;0;0;1016.6;1;31;1010.0;1;7;29.4;1;31;;37.1;1;12;24.9;1;6;0;30;11;3;0;8;7;16.2;1;31;;10.8;1;30;22.0;1;15;0;0;0;11;28;3;0;0;13.2;1;19.8;1;10;31;22.8;1;31;22.4;1;31;7;19.8;1;1;28.5;1;12;25;1;28;31;98;1;14;31;62;1;31;15.8;1;31;171.5;1;17.3;1;280;1;16;28;2;0;31;16.0;1;280;1;16;19;1;0;31;10.8;1;290;1;16;13;2;0;31;4.1;1;31;18876;9;31;0;1;17;68060;9;31;;;0;;;0;;;;;;0;0;;;;;0;9;0;9;;0;0;0;;1;0
11069001;CARCASSONNE;43.215333;2.295500;128;202109;94.8;1;30;;57.0;1;8;12;5;1;1;1;0;1018.1;1;30;1012.4;1;14;26.1;1;30;;32.8;1;5;16.7;1;21;0;22;3;0;1;17;1;16.3;1;30;;9.7;1;22;22.5;1;14;0;0;1;10;27;3;0;0;9.8;1;19.5;1;5;30;21.2;1;30;20.4;1;30;1;14.8;1;21;25.5;1;7;33;1;5;30;99;1;27;30;78;1;30;17.9;1;30;103.7;1;17.6;1;80;1;8;23;4;0;30;16.3;1;80;1;8;20;2;0;30;11.3;1;80;1;8;16;4;0;30;4.1;1;30;10517;9;30;0;7;5;42605;9;30;;;0;;;0;;;;;;0;0;;;;;0;9;0;9;;0;0;0;;5;1
11069001;CARCASSONNE;43.215333;2.295500;128;202110;27.5;1;31;;17.1;1;3;4;1;1;0;0;0;1019.8;1;31;1005.6;1;30;20.3;1;31;;24.9;1;1;17.5;1;21;0;0;0;0;16;31;0;10.0;1;31;;2.7;1;24;17.2;1;20;0;0;18;28;31;0;0;0;10.4;1;18.8;1;1;31;15.2;1;31;14.7;1;31;0;11.7;1;24;20.6;1;20;31;1;14;31;99;1;27;31;78;1;31;12.2;1;31;72.9;1;18.4;1;90;1;2;25;3;0;31;17.0;1;90;1;2;23;1;0;31;11.8;1;80;1;2;16;4;0;31;4.1;1;31;11614;9;31;1;7;10;34424;9;31;;;0;;;0;;;;;;0;0;;;;;0;9;0;9;;0;0;0;;0;2
11069001;CARCASSONNE;43.215333;2.295500;128;202111;135.6;1;30;;44.2;1;23;14;3;3;2;0;0;1017.8;1;30;1000.7;1;27;12.0;1;30;;18.0;1;2;5.2;1;29;0;0;0;0;30;30;0;6.3;1;30;;0.3;1;19;11.9;1;1;0;0;28;30;30;0;0;0;5.7;1;15.0;1;19;30;9.1;1;30;8.7;1;30;0;3.4;1;29;14.5;1;1;49;1;2;30;100;1;23;30;85;1;30;9.4;1;30;32.9;1;20.9;1;320;1;8;25;7;0;30;18.9;1;280;1;28;21;6;0;30;12.9;1;300;1;8;15;7;0;30;4.5;1;30;5001;9;30;6;15;2;16473;9;30;;;0;;;0;;;;;;0;0;;;;;0;9;0;9;;0;0;0;;1;3
11069001;CARCASSONNE;43.215333;2.295500;128;202112;85.6;1;31;;26.2;1;9;10;6;3;0;0;0;1018.8;1;31;1006.1;1;25;12.7;1;31;;19.6;1;31;8.0;1;5;0;0;0;0;31;31;0;4.2;1;31;;-0.8;1;14;13.7;1;29;0;0;29;31;31;0;0;5;8.5;1;17.1;1;14;31;8.4;1;31;7.9;1;31;0;4.5;1;21;15.6;1;29;54;1;20;31;100;1;31;31;87;1;31;9.1;1;31;26.9;1;23.6;1;280;1;8;23;8;0;31;21.5;1;280;1;8;19;7;0;31;13.8;1;280;1;8;17;8;0;31;4.0;1;31;7333;9;31;3;11;10;15511;9;31;;;0;;;0;;;;;;0;0;;;;;0;9;0;9;;0;0;0;;0;9
11069001;CARCASSONNE;43.215333;2.295500;128;202201;63.5;1;31;;41.0;1;9;6;3;1;1;0;0;1028.3;1;31;1010.5;1;4;9.3;1;31;;16.0;1;3;2.5;1;18;0;0;0;0;31;31;0;1.2;1;31;;-5.2;1;23;7.6;1;10;1;0;31;31;31;0;0;13;8.1;1;16.3;1;23;31;5.3;1;31;4.8;1;31;0;-0.4;1;13;10.5;1;3;33;1;15;31;100;1;18;31;85;1;31;7.2;1;31;28.8;1;22.0;1;270;9;31;23;8;0;31;19.9;1;270;1;31;23;5;0;31;13.4;1;290;1;31;19;9;0;31;4.6;1;31;9170;9;31;4;9;10;20540;9;31;;;0;;;0;;;;;;0;0;;;;;0;9;0;9;;0;0;0;;0;9
11069001;CARCASSONNE;43.215333;2.295500;128;202202;12.8;1;28;;2.4;1;14;6;0;0;0;0;0;1025.7;1;28;1014.5;1;14;14.3;1;28;;19.8;1;18;9.7;1;1;0;0;0;0;28;28;0;5.1;1;28;;-2.2;1;26;11.5;1;17;0;0;27;28;28;0;0;2;9.2;1;16.1;1;27;28;9.7;1;28;9.3;1;28;0;5.8;1;26;13.8;1;17;22;1;26;28;100;1;18;28;77;1;28;8.6;1;28;51.3;1;23.9;1;280;1;21;24;8;0;28;21.4;1;280;1;21;23;6;0;28;15.4;1;280;1;21;21;11;1;28;5.1;1;28;8505;9;28;0;4;6;26416;9;28;;;0;;;0;;;;;;0;0;;;;;0;9;0;9;;0;0;0;;0;3
11069001;CARCASSONNE;43.215333;2.295500;128;202203;61.3;1;31;;18.7;1;12;11;4;2;0;0;0;1020.4;1;31;1001.8;1;31;14.6;1;31;;20.8;1;27;10.3;1;4;0;0;0;0;29;31;0;7.7;1;31;;-1.2;1;7;11.7;1;16;0;0;26;31;31;0;0;1;6.9;1;15.4;1;27;31;11.1;1;31;10.6;1;31;0;6.1;1;7;14.3;1;28;31;1;27;31;100;1;13;31;80;1;31;9.8;1;31;66.1;1;22.5;1;110;1;21;30;14;0;31;19.6;1;80;1;15;28;6;0;31;12.9;1;80;1;11;25;17;0;31;5.7;1;31;6834;9;31;7;17;2;30335;9;31;;;0;;;0;;;;;;0;0;;;;;0;9;0;9;;0;0;0;;0;0
11069001;CARCASSONNE;43.215333;2.295500;128;202204;77.3;1;30;;34.5;1;23;7;3;2;1;0;0;1014.9;1;30;996.2;1;23;17.8;1;30;;24.4;1;26;7.0;1;2;0;0;0;0;18;30;0;7.9;1;30;;-0.3;1;4;14.7;1;30;0;0;18;30;30;0;0;2;9.8;1;19.4;1;26;30;12.9;1;30;12.4;1;30;0;3.9;1;2;19.3;1;29;30;1;26;30;99;1;28;30;75;1;30;10.4;1;30;96.7;1;27.4;1;250;1;23;27;9;0;30;23.4;1;250;1;23;26;8;0;30;15.2;1;80;1;11;22;9;1;30;5.3;1;30;11240;9;30;3;9;7;48105;9;30;;;0;;;0;;;;;;0;2;;;;;0;9;0;9;;0;0;0;;1;1
11069001;CARCASSONNE;43.215333;2.295500;128;202205;9.0;1;31;;2.4;1;4;4;0;0;0;0;0;1018.0;1;31;1007.9;1;29;25.2;1;31;;32.7;1;18;18.4;1;24;0;16;2;0;1;18;1;13.4;1;31;;9.2;1;30;19.4;1;19;0;0;4;22;31;0;0;0;11.9;1;18.7;1;9;31;19.3;1;31;19.0;1;31;1;15.9;1;6;24.7;1;18;23;1;29;31;99;1;17;31;69;1;31;14.2;1;31;154.6;1;19.6;1;90;1;19;27;6;0;31;18.2;1;80;1;20;25;2;0;31;12.5;1;80;1;20;21;7;0;31;4.6;1;31;16613;9;31;0;3;11;69293;9;31;;;0;;;0;;;;;;0;0;;;;;0;9;0;9;;0;0;0;;0;1
11069001;CARCASSONNE;43.215333;2.295500;128;202206;40.2;1;30;;26.5;1;23;4;2;1;0;0;0;1015.4;1;30;1008.8;1;19;29.5;1;30;;40.7;1;17;20.6;1;27;0;25;14;4;0;9;10;17.2;1;30;;12.3;1;29;22.1;1;19;0;0;0;6;27;3;0;0;12.3;1;23.6;1;11;30;23.3;1;30;22.9;1;30;11;18.0;1;27;29.5;1;17;15;1;17;30;98;1;7;30;67;1;30;17.2;1;30;170.8;1;22.2;1;80;1;19;27;5;0;30;20.4;1;80;1;19;26;4;0;30;13.9;1;80;1;19;18;8;0;30;4.5;1;30;15211;9;30;0;7;10;66907;9;30;;;0;;;0;;;;;;0;0;;;;;0;9;0;9;;0;0;0;;7;0
11069001;CARCASSONNE;43.215333;2.295500;128;202207;15.7;1;31;;4.8;1;29;5;0;0;0;0;0;1018.3;1;31;1013.9;1;28;32.8;1;31;;39.2;1;16;25.6;1;1;0;31;24;11;0;1;15;18.1;1;31;;10.5;1;2;23.1;1;19;0;0;0;3;25;8;0;0;14.7;1;21.8;1;16;31;25.5;1;31;25.4;1;31;21;19.6;1;1;29.7;1;14;14;1;16;31;97;1;29;31;55;1;31;16.2;1;31;225.1;1;19.5;1;70;1;19;28;5;0;31;17.0;1;70;1;19;25;2;0;31;11.4;1;80;1;19;13;3;0;31;4.5;1;31;23066;9;31;0;0;22;81616;9;31;;;0;;;0;;;;;;0;0;;;;;0;9;0;9;;0;0;0;;5;0
11069001;CARCASSONNE;43.215333;2.295500;128;202208;11.7;1;31;;6.5;1;29;2;1;0;0;0;0;1014.3;1;31;1007.4;1;16;33.2;1;31;;40.6;1;12;23.9;1;17;0;30;26;12;0;2;23;19.1;1;31;;13.7;1;9;23.8;1;11;0;0;0;2;15;16;0;0;14.1;1;23.6;1;9;31;26.2;1;31;25.6;1;31;24;20.7;1;17;32.0;1;12;11;1;8;31;98;1;30;31;59;1;31;17.8;1;31;192.3;1;19.6;1;260;1;29;29;4;0;31;17.8;1;70;1;16;26;2;0;31;11.8;1;80;1;16;13;3;0;31;4.2;1;31;17573;9;31;0;1;15;65283;9;31;;;0;;;0;;;;;;0;0;;;;;0;9;0;9;;0;0;0;;4;0
11069001;CARCASSONNE;43.215333;2.295500;128;202209;39.0;1;30;;7.3;1;2;10;3;0;0;0;0;1014.4;1;30;1004.9;1;29;26.6;1;30;;32.8;1;6;19.0;1;30;0;21;6;0;3;14;2;15.2;1;30;;6.4;1;19;23.8;1;6;0;0;3;17;27;3;0;0;11.4;1;22.1;1;19;30;20.9;1;30;20.1;1;30;5;15.1;1;30;28.3;1;6;15;1;19;30;98;1;15;30;68;1;30;15.6;1;30;123.2;1;19.5;1;310;1;28;23;4;0;30;17.6;1;80;1;5;22;3;0;30;12.2;1;80;1;5;17;7;0;30;4.4;1;30;12858;9;30;0;3;8;47374;9;30;;;0;;;0;;;;;;0;0;;;;;0;9;0;9;;0;0;0;;3;0
11069001;CARCASSONNE;43.215333;2.295500;128;202210;5.2;1;31;;1.6;1;31;2;0;0;0;0;0;1020.0;1;31;1011.6;1;21;24.1;1;31;;27.5;1;24;21.7;1;29;0;7;0;0;0;30;0;15.1;1;31;;8.7;1;1;20.0;1;17;0;0;3;14;31;1;0;0;9.1;1;17.9;1;4;31;19.6;1;31;19.0;1;31;0;16.6;1;7;22.7;1;24;31;1;4;31;100;1;15;31;81;1;31;16.9;1;31;77.8;1;19.3;1;90;1;16;23;4;0;31;16.8;1;90;1;16;22;2;0;31;12.9;1;80;1;31;20;8;0;31;4.6;1;31;8710;9;31;0;8;5;31417;9;31;;;0;;;0;;;;;;0;0;;;;;0;9;0;9;;0;0;0;;0;1
11069001;CARCASSONNE;43.215333;2.295500;128;202211;75.3;1;30;;16.7;1;21;13;5;3;0;0;0;1017.6;1;30;1005.3;1;17;16.5;1;30;;23.0;1;2;9.0;1;30;0;0;0;0;23;30;0;8.6;1;30;;1.6;1;6;15.5;1;8;0;0;21;28;30;0;0;0;7.9;1;18.6;1;6;30;12.5;1;30;11.9;1;30;0;6.5;1;30;18.3;1;2;32;1;2;30;100;1;25;30;83;1;30;11.3;1;30;41.6;1;21.8;1;260;1;3;27;8;0;30;18.5;1;290;1;4;24;6;0;30;11.9;1;280;9;17;18;8;0;30;4.1;1;30;7004;9;30;1;13;6;19440;9;30;;;0;;;0;;;;;;0;0;;;;;0;9;0;9;;0;0;0;;0;1
11069001;CARCASSONNE;43.215333;2.295500;128;202212;17.0;1;31;;5.8;1;12;4;1;0;0;0;0;1015.6;1;31;997.8;1;15;12.6;1;31;;21.0;1;23;5.0;1;10;0;0;0;0;30;31;0;5.3;1;31;;-4.2;1;11;12.4;1;20;0;0;26;31;31;0;0;5;7.2;1;14.9;1;5;31;9.0;1;31;8.8;1;31;0;0.8;1;11;15.6;1;23;41;1;11;31;100;1;28;31;86;1;31;9.6;1;31;24.0;1;18.9;1;290;1;10;18;3;0;31;16.9;1;290;1;10;13;2;0;31;11.6;1;290;1;10;6;2;0;31;3.2;1;31;5603;9;31;7;12;3;13670;9;31;;;0;;;0;;;;;;0;0;;;;;0;9;0;9;;0;0;0;;0;4
11069001;CARCASSONNE;43.215333;2.295500;128;202301;82.4;1;31;;26.9;1;16;9;5;3;0;0;0;1022.3;1;31;993.0;1;17;9.4;1;31;;15.6;1;5;0.7;1;22;0;0;0;0;31;31;0;3.4;1;31;;-0.6;1;23;13.1;1;1;0;0;29;31;31;0;0;4;6.0;1;12.2;1;14;31;6.4;1;31;6.0;1;31;0;0.2;1;22;14.0;1;1;48;1;18;31;100;1;15;31;84;1;31;7.9;1;31;30.4;1;21.6;1;270;1;17;26;11;0;31;19.5;1;280;1;9;24;7;0;31;13.7;1;290;1;22;20;10;0;31;4.9;1;31;4729;9;31;4;16;4;13832;9;31;;;0;;;0;;;;;;0;6;;;;;0;9;2;9;19;2;0;0;;1;2
11069001;CARCASSONNE;43.215333;2.295500;128;202302;17.3;1;28;;12.7;1;7;2;1;1;0;0;0;1027.0;1;28;1005.9;1;25;12.6;1;28;;20.9;1;18;3.9;1;27;0;0;0;0;27;28;0;2.6;1;28;;-4.7;1;11;9.1;1;15;0;0;28;28;28;0;0;7;10.0;1;19.3;1;18;28;7.6;1;28;7.1;1;28;0;1.5;1;27;12.1;1;19;28;1;26;28;100;1;23;28;76;1;28;7.5;1;28;44.8;1;21.9;1;300;1;26;23;5;0;28;19.5;1;300;1;26;22;1;0;28;13.5;1;300;1;26;16;6;0;28;4.3;1;28;9410;9;28;2;7;11;26085;9;28;;;0;;;0;;;;;;0;1;;;;;0;9;0;9;;0;0;0;;0;3
11069001;CARCASSONNE;43.215333;2.295500;128;202303;47.0;1;31;;12.1;1;13;10;2;2;0;0;0;1016.8;1;31;1007.3;1;8;16.2;1;31;;23.1;1;30;8.0;1;2;0;0;0;0;28;31;0;6.3;1;31;;-2.8;1;7;12.5;1;24;0;0;24;31;31;0;0;4;9.9;1;20.0;1;22;31;11.2;1;31;10.7;1;31;0;3.3;1;1;17.5;1;30;36;1;28;31;99;1;31;31;76;1;31;9.6;1;31;75.7;1;27.9;1;300;1;10;29;8;0;31;25.9;1;300;1;10;26;7;0;31;16.4;1;290;1;10;23;8;2;31;5.0;1;31;10094;9;31;2;8;6;39111;9;31;;;0;;;0;;;;;;0;0;;;;;0;9;0;9;;0;0;0;;1;3
11069001;CARCASSONNE;43.215333;2.295500;128;202304;40.0;1;30;;11.1;1;29;10;2;1;0;0;0;1016.6;1;30;1008.2;1;21;19.6;1;30;;26.4;1;27;13.0;1;13;0;2;0;0;16;30;0;8.0;1;30;;0.9;1;9;14.4;1;30;0;0;21;30;30;0;0;0;11.6;1;23.4;1;9;30;13.8;1;30;13.2;1;30;0;8.9;1;13;20.3;1;27;12;1;9;30;99;1;23;30;71;1;30;10.2;1;30;104.5;1;23.8;1;270;1;14;26;13;0;30;21.8;1;290;1;1;26;8;0;30;14.5;1;290;1;15;19;13;0;30;4.8;1;30;11377;9;30;0;5;6;51514;9;30;;;0;;;0;;;;;;0;0;;;;;0;9;0;9;;0;0;0;;0;1
11069001;CARCASSONNE;43.215333;2.295500;128;202305;98.0;1;31;;20.0;1;31;12;7;4;0;0;0;1017.4;1;31;1012.8;1;28;22.3;1;31;;29.8;1;27;15.2;1;13;0;9;0;0;11;27;0;11.8;1;31;;6.7;1;3;15.6;1;30;0;0;6;29;31;0;0;0;10.5;1;19.8;1;27;31;17.1;1;31;16.3;1;31;0;12.8;1;13;22.1;1;30;25;1;28;31;99;1;27;31;75;1;31;13.0;1;31;125.7;1;18.9;1;270;1;14;28;6;0;31;17.5;1;270;1;14;26;2;0;31;11.7;1;290;1;16;17;7;0;31;4.3;1;31;12376;9;31;0;7;5;59895;9;31;;;0;;;0;;;;;;0;0;;;;;0;9;0;9;;0;0;0;;8;1
11069001;CARCASSONNE;43.215333;2.295500;128;202306;117.9;1;30;;56.9;1;13;7;3;3;2;1;0;1015.1;1;30;1009.3;1;9;28.0;1;30;;33.7;1;25;23.9;1;30;0;28;4;0;0;11;1;17.1;1;30;;12.6;1;2;20.9;1;20;0;0;0;6;26;4;0;0;10.9;1;19.2;1;25;30;22.5;1;30;22.0;1;30;3;20.4;1;30;24.7;1;24;30;1;25;30;99;1;10;30;72;1;30;17.9;1;30;156.4;1;18.8;1;50;1;8;26;3;0;30;16.5;1;50;1;8;24;1;0;30;12.2;1;70;1;8;13;3;0;30;4.1;1;30;14386;9;30;0;4;5;66625;9;30;;;0;;;0;;;;;;0;0;;;;;0;9;0;9;;0;0;0;;6;0
11069001;CARCASSONNE;43.215333;2.295500;128;202307;31.6;1;31;;13.7;1;27;6;2;1;0;0;0;1016.3;1;31;1011.7;1;24;29.6;1;31;;36.2;1;10;23.4;1;25;0;29;14;1;0;6;6;18.0;1;31;;13.4;1;14;22.1;1;18;0;0;0;3;25;7;0;0;11.6;1;19.4;1;27;31;23.8;1;31;23.5;1;31;10;20.0;1;1;29.2;1;10;31;1;27;31;99;1;29;31;68;1;31;18.7;1;31;180.2;1;35.1;1;320;1;29;27;7;1;31;30.8;1;320;1;29;25;3;1;31;11.8;1;80;1;7;15;8;0;31;4.5;1;31;17977;9;31;0;3;11;72197;9;31;;;0;;;0;;;;;;0;0;;;;;0;9;0;9;;0;0;0;;5;0
11069001;CARCASSONNE;43.215333;2.295500;128;202308;19.7;1;31;;15.9;1;26;3;1;1;0;0;0;1016.1;1;31;1010.6;1;2;31.0;1;31;;43.2;1;23;21.0;1;27;0;28;16;9;0;9;13;18.0;1;31;;10.1;1;8;23.5;1;21;0;0;0;6;22;9;0;0;13.0;1;24.6;1;9;31;24.5;1;31;24.0;1;31;17;17.8;1;27;33.0;1;23;14;1;23;31;97;1;16;31;62;1;31;17.4;1;31;174.8;1;20.9;1;290;1;28;25;12;0;31;18.3;1;80;1;14;22;6;0;31;12.7;1;80;1;14;17;11;0;31;4.6;1;31;15854;9;31;0;5;13;62037;9;31;;;0;;;0;;;;;;0;0;;;;;0;9;0;9;;0;0;0;;0;0
11069001;CARCASSONNE;43.215333;2.295500;128;202309;23.2;1;30;;8.3;1;12;5;2;0;0;0;0;1016.7;1;30;1005.8;1;21;28.8;1;30;;32.6;1;29;23.1;1;22;0;28;11;0;0;8;3;15.9;1;30;;7.7;1;24;22.2;1;17;0;0;2;10;28;2;0;0;12.9;1;23.7;1;25;30;22.4;1;30;21.5;1;30;2;17.6;1;23;25.4;1;5;4;1;24;30;99;1;29;30;69;1;30;16.3;1;30;139.0;1;21.3;1;80;1;4;27;10;0;30;20.5;1;80;1;4;24;6;0;30;14.1;1;80;1;4;20;12;0;30;4.6;1;30;15114;9;30;0;5;16;50043;9;30;;;0;;;0;;;;;;0;0;;;;;0;9;0;9;;0;0;0;;2;1
11069001;CARCASSONNE;43.215333;2.295500;128;202310;16.8;1;31;;5.4;1;19;5;1;0;0;0;0;1013.5;1;31;990.7;1;19;24.6;1;31;;31.9;1;10;18.7;1;29;0;14;5;0;3;22;0;12.2;1;31;;6.3;1;28;20.2;1;3;0;0;12;21;30;1;0;0;12.4;1;24.5;1;7;31;18.4;1;31;17.6;1;31;0;13.1;1;22;23.4;1;3;13;1;7;31;99;1;31;31;73;1;31;13.6;1;31;83.8;1;20.0;1;90;1;23;23;5;0;31;17.9;1;90;1;23;22;2;0;31;12.5;1;80;1;23;12;4;0;31;3.5;1;31;11056;9;31;3;8;10;33790;9;31;;;0;;;0;;;;;;0;0;;;;;0;9;0;9;;0;0;0;;0;1
11069001;CARCASSONNE;43.215333;2.295500;128;202311;67.9;1;30;;12.7;1;11;12;5;3;0;0;0;1015.2;1;30;994.3;1;4;15.7;1;30;;25.2;1;13;9.6;1;23;0;2;0;0;26;30;0;6.8;1;30;;-2.0;1;26;11.3;1;17;0;0;25;30;30;0;0;2;8.9;1;18.5;1;13;30;11.2;1;30;10.7;1;30;0;4.1;1;26;18.2;1;14;36;1;13;30;100;1;19;30;82;1;30;10.1;1;30;39.0;1;22.9;1;300;1;3;26;13;0;30;20.7;1;300;1;3;21;7;0;30;11.8;1;270;1;3;18;11;0;30;3.8;1;30;7224;9;30;1;13;8;19208;9;30;;;0;;;0;;;;;;0;0;;;;;0;9;0;9;;0;0;0;;0;0
11069001;CARCASSONNE;43.215333;2.295500;128;202312;44.5;1;31;;17.5;1;7;11;1;1;0;0;0;1022.2;1;31;999.7;1;1;12.6;1;31;;19.4;1;11;7.4;1;2;0;0;0;0;31;31;0;5.1;1;31;;-2.9;1;18;10.7;1;22;0;0;29;31;31;0;0;5;7.6;1;17.7;1;18;31;8.8;1;31;8.4;1;31;0;4.1;1;7;13.5;1;11;28;1;18;31;100;1;27;31;84;1;31;9.0;1;31;30.4;1;21.9;1;270;9;21;28;9;0;31;20.5;1;270;1;22;25;6;0;31;12.8;1;270;1;13;16;7;0;31;4.2;1;31;6854;9;31;4;11;7;15361;9;31;;;0;;;0;;;;;;0;0;;;;;0;9;0;9;;0;0;0;;0;4
11069001;CARCASSONNE;43.215333;2.295500;128;202401;33.1;1;31;;12.7;1;15;9;2;1;0;0;0;1022.1;1;31;998.1;1;17;11.7;1;31;;20.4;1;25;3.6;1;19;0;0;0;0;30;31;0;4.1;1;31;;-4.2;1;20;11.0;1;29;0;0;28;31;31;0;0;7;7.6;1;15.8;1;14;31;7.9;1;31;7.6;1;31;0;1.2;1;10;13.5;1;16;30;1;20;31;100;1;27;31;85;1;31;8.8;1;31;30.8;1;21.4;1;290;1;18;21;4;0;31;19.4;1;290;1;18;18;2;0;31;13.2;1;280;9;18;10;3;0;31;4.0;1;31;6306;9;31;6;14;3;16238;9;31;;;0;;;0;;;;;;0;0;;;;;0;9;0;9;;0;0;0;;0;5
11069001;CARCASSONNE;43.215333;2.295500;128;202402;59.4;1;29;;13.5;1;25;10;6;1;0;0;0;1018.6;1;29;991.2;1;9;14.1;1;29;;21.2;1;14;8.6;1;27;0;0;0;0;28;29;0;5.8;1;29;;0.6;1;25;10.9;1;16;0;0;28;29;29;0;0;0;8.3;1;18.6;1;14;29;10.0;1;29;9.3;1;29;0;4.7;1;25;12.6;1;17;40;1;8;29;100;1;26;29;81;1;29;9.2;1;29;46.3;1;23.2;1;280;1;27;28;8;0;29;19.6;1;260;1;12;26;8;0;29;13.9;1;300;1;28;18;10;0;29;4.8;1;29;7501;9;29;3;9;5;23333;9;29;;;0;;;0;;;;;;0;0;;;;;0;9;0;9;;0;0;0;;0;1
11069001;CARCASSONNE;43.215333;2.295500;128;202403;41.0;1;31;;9.2;1;9;8;4;0;0;0;0;1010.4;1;31;992.0;1;26;17.4;1;31;;26.4;1;22;9.8;1;3;0;1;0;0;21;31;0;7.1;1;31;;1.0;1;10;12.8;1;21;0;0;27;31;31;0;0;0;10.3;1;19.2;1;13;31;12.2;1;31;11.7;1;31;0;6.2;1;3;18.1;1;22;29;1;31;31;100;1;10;31;75;1;31;9.7;1;31;83.3;1;22.0;1;290;1;3;25;14;0;31;19.5;1;290;1;3;24;10;0;31;12.7;1;80;1;25;21;15;0;31;4.9;1;31;10359;9;31;3;8;4;40868;9;31;;;0;;;0;;;;;;0;0;;;;;0;9;0;9;;0;0;0;;1;0
11069001;CARCASSONNE;43.215333;2.295500;128;202404;49.3;1;30;;11.1;1;29;9;5;1;0;0;0;1018.3;1;30;1003.3;1;27;18.8;1;30;;31.3;1;13;13.0;1;29;0;3;2;0;22;28;0;8.1;1;30;;1.8;1;19;13.8;1;6;0;0;20;30;30;0;0;0;10.7;1;23.8;1;13;30;13.4;1;30;13.1;1;30;0;8.6;1;24;19.4;1;14;18;1;19;30;99;1;3;30;70;1;30;10.0;1;30;103.2;1;24.7;1;100;1;27;25;17;0;30;20.5;1;100;1;27;25;15;0;30;13.7;1;90;1;27;21;16;0;30;5.4;1;30;11267;9;30;4;9;8;50127;9;30;;;0;;;0;;;;;;0;0;;;;;0;9;0;9;;0;0;0;;1;1
11069001;CARCASSONNE;43.215333;2.295500;128;202405;76.6;1;31;;20.1;1;17;10;5;3;0;0;0;1015.1;1;31;1007.8;1;1;21.4;1;31;;26.3;1;9;13.2;1;1;0;4;0;0;7;31;0;11.0;1;31;;2.9;1;3;15.7;1;30;0;0;12;29;31;0;0;0;10.4;1;18.2;1;3;31;16.2;1;31;15.8;1;31;0;10.7;1;1;20.0;1;11;30;1;9;31;99;1;17;31;75;1;31;12.5;1;31;123.9;1;19.9;1;270;1;2;28;5;0;31;17.6;1;270;1;2;26;3;0;31;11.9;1;80;1;13;15;4;0;31;4.2;1;31;12238;9;31;1;7;4;62252;9;31;;;0;;;0;;;;;;0;0;;;;;0;9;0;9;;0;0;0;;2;0
11069001;CARCASSONNE;43.215333;2.295500;128;202406;25.6;1;30;;13.8;1;29;6;1;1;0;0;0;1015.0;1;30;1009.1;1;9;26.8;1;30;;36.6;1;27;21.5;1;9;0;17;7;1;0;15;3;15.5;1;30;;9.7;1;13;22.6;1;28;0;0;1;16;29;1;0;0;11.4;1;19.8;1;16;30;21.2;1;30;20.6;1;30;3;18.4;1;15;28.4;1;28;19;1;13;30;98;1;29;30;70;1;30;16.0;1;30;157.9;1;19.1;1;80;1;18;28;4;0;30;17.7;1;80;1;18;23;2;0;30;13.0;1;80;1;18;17;6;0;30;4.7;1;30;14875;9;30;1;6;9;66721;9;30;;;0;;;0;;;;;;0;0;;;;;0;9;0;9;;0;0;0;;1;0
11069001;CARCASSONNE;43.215333;2.295500;128;202407;18.8;1;31;;8.1;1;6;3;2;0;0;0;0;1015.5;1;31;1008.4;1;20;30.5;1;31;;39.8;1;30;20.2;1;6;0;27;18;6;0;9;13;17.8;1;31;;12.5;1;8;21.9;1;31;0;0;0;5;25;7;0;0;12.7;1;22.0;1;30;31;24.1;1;31;24.0;1;31;16;18.7;1;2;30.2;1;31;19;1;30;31;97;1;8;31;64;1;31;17.8;1;31;194.3;1;21.4;1;250;1;30;28;8;0;31;18.5;1;280;1;21;27;3;0;31;11.6;1;300;1;21;21;7;0;31;4.6;1;31;19149;9;31;1;2;17;75339;9;31;;;0;;;0;;;;;;0;0;;;;;0;9;0;9;;0;0;0;;3;0
11069001;CARCASSONNE;43.215333;2.295500;128;202408;25.8;1;31;;13.3;1;24;2;2;2;0;0;0;1015.6;1;31;1010.8;1;13;31.0;1;31;;39.3;1;10;21.5;1;14;0;30;20;2;0;4;13;19.0;1;31;;11.6;1;27;24.0;1;12;0;0;0;3;18;13;0;0;12.0;1;21.8;1;27;31;25.0;1;31;24.5;1;31;19;20.4;1;14;29.8;1;10;15;1;10;31;97;1;30;31;64;1;31;18.5;1;31;185.1;1;18.1;1;70;1;24;30;5;0;31;15.7;1;80;1;24;29;0;0;31;11.4;1;80;1;24;15;3;0;31;4.7;1;31;18007;9;31;1;2;15;67324;9;31;;;0;;;0;;;;;;0;0;;;;;0;9;0;9;;0;0;0;;4;0
11069001;CARCASSONNE;43.215333;2.295500;128;202409;26.3;1;30;;5.4;1;4;7;1;0;0;0;0;1016.1;1;30;1006.9;1;6;24.2;1;30;;32.3;1;2;18.6;1;27;0;8;2;0;2;25;1;13.9;1;30;;2.5;1;29;20.9;1;7;0;0;4;19;28;2;0;0;10.3;1;21.1;1;29;30;19.1;1;30;18.2;1;30;0;13.1;1;29;25.7;1;7;30;1;29;30;99;1;25;30;73;1;30;14.7;1;30;109.1;1;18.9;1;80;1;6;26;13;0;30;16.6;1;80;1;6;24;2;0;30;11.7;1;80;1;6;19;10;0;30;4.8;1;30;10676;9;30;0;8;5;43266;9;30;;;0;;;0;;;;;;0;0;;;;;0;9;0;9;;0;0;0;;1;1
11069001;CARCASSONNE;43.215333;2.295500;128;202410;57.2;1;31;;14.2;1;17;11;4;1;0;0;0;1016.2;1;31;998.6;1;9;20.8;1;31;;26.3;1;16;14.6;1;26;0;2;0;0;11;31;0;13.1;1;31;;5.4;1;5;18.2;1;16;0;0;3;24;31;0;0;0;7.7;1;17.7;1;5;31;17.0;1;31;16.4;1;31;0;13.6;1;18;22.3;1;16;31;1;5;31;99;1;13;31;84;1;31;15.2;1;31;60.8;1;18.7;1;260;1;18;25;8;0;31;16.8;1;90;1;9;21;2;0;31;11.6;1;90;1;9;19;4;0;31;4.3;1;31;6593;9;31;5;14;4;25169;9;31;;;0;;;0;;;;;;0;0;;;;;0;9;0;9;;0;0;0;;2;0
11069001;CARCASSONNE;43.215333;2.295500;128;202411;25.9;1;30;;13.1;1;21;6;1;1;0;0;0;1022.1;1;30;1006.0;1;21;15.9;1;30;;21.2;1;1;9.4;1;22;0;0;0;0;28;30;0;7.9;1;30;;-1.1;1;15;16.7;1;5;0;0;19;29;30;0;0;2;8.1;1;16.7;1;28;30;11.9;1;30;11.4;1;30;0;5.4;1;23;17.3;1;5;42;1;27;30;99;1;30;30;85;1;30;11.4;1;30;35.1;1;22.0;1;290;1;22;22;5;0;30;19.9;1;290;1;22;19;5;0;30;13.2;1;300;9;21;12;5;0;30;3.9;1;30;7527;9;30;2;11;8;18558;9;30;;;0;;;0;;;;;;0;0;;;;;0;9;0;9;;0;0;0;;1;4
11069001;CARCASSONNE;43.215333;2.295500;128;202412;38.0;1;31;;7.6;1;22;10;3;0;0;0;0;1026.3;1;31;1013.9;1;8;11.2;1;31;;15.7;1;1;4.7;1;30;0;0;0;0;31;31;0;4.0;1;31;;-3.1;1;28;9.6;1;22;0;0;31;31;31;0;0;5;7.1;1;17.4;1;28;31;7.6;1;31;7.2;1;31;0;1.9;1;30;12.2;1;22;41;1;27;31;99;1;31;31;85;1;31;8.5;1;31;27.9;1;25.0;1;320;1;22;23;10;0;31;23.1;1;280;1;22;19;6;0;31;15.6;1;290;1;22;16;8;1;31;4.3;1;31;6564;9;31;2;14;7;15122;9;31;;;0;;;0;;;;;;0;0;;;;;0;9;0;9;;0;0;0;;0;5
11140001;FERRALS-LES-CORBIERES;43.147167;2.732500;65;199501;25.2;1;31;;7.9;1;5;9;1;0;0;0;0;;;0;;;;11.2;1;31;;19.0;1;25;4.5;1;4;0;0;0;0;31;31;0;4.7;1;31;;-4.5;1;5;10.0;1;29;0;0;31;31;31;0;0;3;6.5;1;13.5;1;16;31;8.0;1;31;;;0;;2.0;1;5;13.3;1;29;;;;0;;;;0;;;0;;;;40.8;1;;;;;;;;;0;;;;;;;;;;;;;;;;;;0;;;0;;;0;;;;;;0;;;0;;;0;;;;;;0;;;;;;;;;;;;;;;0;0
11140001;FERRALS-LES-CORBIERES;43.147167;2.732500;65;199502;17.0;1;28;;3.7;1;9;5;0;0;0;0;0;;;0;;;;14.9;1;28;;21.5;1;15;9.0;1;22;0;0;0;0;27;28;0;7.2;1;28;;1.5;1;1;13.0;1;25;0;0;22;28;28;0;0;0;7.7;1;14.5;1;20;28;11.0;1;28;;;0;;6.5;1;27;17.0;1;15;;;;0;;;;0;;;0;;;;49.4;1;;;;;;;;;0;;;;;;;;;;;;;;;;;;0;;;0;;;0;;;;;;0;;;0;;;0;;;;;;0;;;;;;;;;;;;;;;0;0
11140001;FERRALS-LES-CORBIERES;43.147167;2.732500;65;199503;18.6;1;31;;5.2;1;5;6;1;0;0;0;0;;;0;;;;14.5;1;31;;22.5;1;19;7.5;1;4;0;0;0;0;29;31;0;5.6;1;31;;-0.5;1;1;12.0;1;18;0;0;29;31;31;0;0;2;8.9;1;20.0;1;24;31;10.0;1;31;;;0;;5.5;1;4;14.5;1;19;;;;0;;;;0;;;0;;;;86.8;1;;;;;;;;;0;;;;;;;;;;;;;;;;;;0;;;0;;;0;;;;;;0;;;0;;;0;;;;;;0;;;;;;;;;;;;;;;0;0
11140001;FERRALS-LES-CORBIERES;43.147167;2.732500;65;199504;16.3;1;30;;13.5;1;24;2;1;1;0;0;0;;;0;;;;18.8;1;30;;26.0;1;12;10.5;1;25;0;2;0;0;20;30;0;9.0;1;30;;3.5;1;22;13.5;1;8;0;0;20;30;30;0;0;0;9.8;1;18.5;1;12;30;13.9;1;30;;;0;;9.0;1;25;19.0;1;2;;;;0;;;;0;;;0;;;;113.7;1;;;;;;;;;0;;;;;;;;;;;;;;;;;;0;;;0;;;0;;;;;;0;;;0;;;0;;;;;;0;;;;;;;;;;;;;;;0;0
11140001;FERRALS-LES-CORBIERES;43.147167;2.732500;65;199505;41.0;1;31;;10.6;1;25;6;5;1;0;0;0;;;0;;;;21.8;1;31;;30.0;1;8;14.5;1;13;0;5;1;0;11;29;0;11.6;1;31;;6.0;1;15;17.0;1;10;0;0;9;29;31;0;0;0;10.2;1;20.5;1;8;31;16.7;1;31;;;0;;10.3;1;15;21.8;1;9;;;;0;;;;0;;;0;;;;139.3;1;;;;;;;;;0;;;;;;;;;;;;;;;;;;0;;;0;;;0;;;;;;0;;;0;;;0;;;;;;0;;;;;;;;;;;;;;;0;0
11140001;FERRALS-LES-CORBIERES;43.147167;2.732500;65;199506;23.8;1;30;;18.2;1;29;3;1;1;0;0;0;;;0;;;;25.6;1;30;;31.0;1;19;18.5;1;1;0;17;3;0;3;20;0;15.4;1;30;;11.0;1;6;20.5;1;29;0;0;0;15;29;2;0;0;10.2;1;18.0;1;26;30;20.5;1;30;;;0;;15.5;1;11;25.0;1;29;;;;0;;;;0;;;0;;;;168.9;1;;;;;;;;;0;;;;;;;;;;;;;;;;;;0;;;0;;;0;;;;;;0;;;0;;;0;;;;;;0;;;;;;;;;;;;;;;0;0
11140001;FERRALS-LES-CORBIERES;43.147167;2.732500;65;199507;30.0;1;31;;14.7;1;2;2;2;2;0;0;0;;;0;;;;29.8;1;31;;35.5;1;24;22.0;1;4;0;30;16;1;0;5;9;20.2;1;31;;16.0;1;5;24.0;1;31;0;0;0;0;16;17;0;0;9.5;1;16.5;1;24;31;25.0;1;31;;;0;;19.0;1;4;28.5;1;30;;;;0;;;;0;;;0;;;;190.8;1;;;;;;;;;0;;;;;;;;;;;;;;;;;;0;;;0;;;0;;;;;;0;;;0;;;0;;;;;;0;;;;;;;;;;;;;;;2;1
11140001;FERRALS-LES-CORBIERES;43.147167;2.732500;65;199508;16.9;1;31;;5.9;1;23;4;1;0;0;0;0;;;0;;;;29.0;1;31;;35.0;1;3;24.0;1;28;0;29;13;1;0;9;6;19.5;1;31;;13.5;1;31;23.0;1;4;0;0;0;2;21;12;0;0;9.5;1;16.0;1;3;31;24.3;1;31;;;0;;19.0;1;31;27.8;1;4;;;;0;;;;0;;;0;;;;179.8;1;;;;;;;;;0;;;;;;;;;;;;;;;;;;0;;;0;;;0;;;;;;0;;;0;;;0;;;;;;0;;;;;;;;;;;;;;;5;0
11140001;FERRALS-LES-CORBIERES;43.147167;2.732500;65;199509;48.6;1;30;;30.6;1;18;5;3;1;1;0;0;;;0;;;;22.5;1;30;;30.0;1;7;18.0;1;25;0;8;1;0;8;27;0;14.8;1;30;;8.5;1;30;19.5;1;7;0;0;1;20;30;0;0;0;7.7;1;12.5;1;30;30;18.7;1;30;;;0;;14.8;1;30;24.8;1;7;;;;0;;;;0;;;0;;;;114.0;1;;;;;;;;;0;;;;;;;;;;;;;;;;;;0;;;0;;;0;;;;;;0;;;0;;;0;;;;;;0;;;;;;;;;;;;;;;0;0
11140001;FERRALS-LES-CORBIERES;43.147167;2.732500;65;199510;37.0;1;31;;18.2;1;14;2;2;2;0;0;0;;;0;;;;21.8;1;31;;25.5;1;1;17.5;1;21;0;1;0;0;7;31;0;15.0;1;31;;8.5;1;22;18.5;1;3;0;0;2;15;31;0;0;0;6.9;1;12.5;1;31;31;18.4;1;31;;;0;;13.8;1;22;21.3;1;1;;;;0;;;;0;;;0;;;;59.5;1;;;;;;;;;0;;;;;;;;;;;;;;;;;;0;;;0;;;0;;;;;;0;;;0;;;0;;;;;;0;;;;;;;;;;;;;;;0;2
11140001;FERRALS-LES-CORBIERES;43.147167;2.732500;65;199511;123.3;1;30;;58.0;1;25;7;4;3;1;1;0;;;0;;;;15.6;1;30;;22.5;1;7;9.5;1;22;0;0;0;0;27;30;0;7.8;1;30;;-2.5;1;6;17.0;1;12;0;0;22;28;30;0;0;2;7.8;1;18.5;1;6;30;11.7;1;30;;;0;;5.5;1;28;19.3;1;12;;;;0;;;;0;;;0;;;;49.6;1;;;;;;;;;0;;;;;;;;;;;;;;;;;;0;;;0;;;0;;;;;;0;;;0;;;0;;;;;;0;;;;;;;;;;;;;;;0;0
11140001;FERRALS-LES-CORBIERES;43.147167;2.732500;65;199512;151.6;1;31;;41.0;1;16;11;7;5;1;0;0;;;0;;;;12.0;1;31;;19.0;1;24;1.5;1;14;0;0;0;0;31;31;0;5.6;1;31;;-4.5;1;15;12.0;1;25;0;0;28;31;31;0;0;3;6.4;1;17.5;1;15;31;8.8;1;31;;;0;;0.5;1;14;15.0;1;25;;;;0;;;;0;;;0;;;;27.4;1;;;;;;;;;0;;;;;;;;;;;;;;;;;;0;;;0;;;0;;;;;;0;;;0;;;0;;;;;;0;;;;;;;;;;;;;;;0;0
11140001;FERRALS-LES-CORBIERES;43.147167;2.732500;65;199601;222.0;1;31;;40.0;1;28;15;8;7;4;0;0;;;0;;;;12.9;1;31;;15.0;1;15;9.0;1;4;0;0;0;0;31;31;0;8.1;1;31;;1.0;1;4;13.5;1;15;0;0;24;31;31;0;0;0;4.8;1;10.5;1;11;31;10.5;1;31;;;0;;5.0;1;4;14.3;1;15;;;;0;;;;0;;;0;;;;28.4;1;;;;;;;;;0;;;;;;;;;;;;;;;;;;0;;;0;;;0;;;;;;0;;;0;;;0;;;;;;0;;;;;;;;;;;;;;;0;0
11140001;FERRALS-LES-CORBIERES;43.147167;2.732500;65;199602;122.0;1;29;;50.2;1;1;11;4;4;1;1;0;;;0;;;;10.1;1;29;;16.0;1;25;1.0;1;21;0;0;0;0;29;29;0;3.9;1;29;;-3.0;1;22;8.5;1;26;0;0;29;29;29;0;0;5;6.2;1;11.0;1;29;29;7.0;1;29;;;0;;0.0;1;21;11.5;1;26;;;;0;;;;0;;;0;;;;50.8;1;;;;;;;;;0;;;;;;;;;;;;;;;;;;0;;;0;;;0;;;;;;0;;;0;;;0;;;;;;0;3;;;;;;;;;;;;;;0;0
11140001;FERRALS-LES-CORBIERES;43.147167;2.732500;65;199603;58.5;1;31;;17.7;1;15;6;4;3;0;0;0;;;0;;;;13.3;1;31;;20.0;1;22;7.5;1;6;0;0;0;0;31;31;0;6.8;1;31;;2.0;1;19;11.5;1;27;0;0;26;31;31;0;0;0;6.5;1;14.5;1;22;31;10.1;1;31;;;0;;5.8;1;6;14.0;1;25;;;;0;;;;0;;;0;;;;79.1;1;;;;;;;;;0;;;;;;;;;;;;;;;;;;0;;;0;;;0;;;;;;0;;;0;;;0;;;;;;0;;;;;;;;;;;;;;;0;1
11140001;FERRALS-LES-CORBIERES;43.147167;2.732500;65;199604;52.7;1;30;;19.3;1;28;8;4;1;0;0;0;;;0;;;;17.7;1;30;;23.5;1;12;9.0;1;3;0;0;0;0;24;30;0;9.7;1;30;;0.5;1;5;15.0;1;11;0;0;15;30;30;0;0;0;8.0;1;15.0;1;10;30;13.7;1;30;;;0;;6.0;1;3;17.8;1;11;;;;0;;;;0;;;0;;;;107.6;1;;;;;;;;;0;;;;;;;;;;;;;;;;;;0;;;0;;;0;;;;;;0;;;0;;;0;;;;;;0;;;;;;;;;;;;;;;0;0
11140001;FERRALS-LES-CORBIERES;43.147167;2.732500;65;199605;49.4;1;31;;13.8;1;18;7;3;2;0;0;0;;;0;;;;21.0;1;31;;30.5;1;29;15.5;1;1;0;5;1;0;17;28;0;12.4;1;31;;6.5;1;3;18.5;1;26;0;0;7;26;31;0;0;0;8.7;1;15.0;1;31;31;16.7;1;31;;;0;;12.3;1;2;23.0;1;29;;;;0;;;;0;;;0;;;;144.9;1;;;;;;;;;0;;;;;;;;;;;;;;;;;;0;;;0;;;0;;;;;;0;;;0;;;0;;;;;;0;;;;;;;;;;;;;;;5;1
11140001;FERRALS-LES-CORBIERES;43.147167;2.732500;65;199606;31.8;1;30;;20.0;1;1;4;2;1;0;0;0;;;0;;;;26.8;1;30;;33.0;1;11;16.5;1;2;0;21;10;0;3;12;3;16.6;1;30;;11.5;1;2;21.5;1;13;0;0;0;11;26;5;0;0;10.1;1;16.5;1;11;30;21.7;1;30;;;0;;14.0;1;2;26.5;1;12;;;;0;;;;0;;;0;;;;166.3;1;;;;;;;;;0;;;;;;;;;;;;;;;;;;0;;;0;;;0;;;;;;0;;;0;;;0;;;;;;0;;;;;;;;;;;;;;;0;0
11140001;FERRALS-LES-CORBIERES;43.147167;2.732500;65;199607;20.1;1;31;;9.0;1;27;5;1;0;0;0;0;;;0;;;;29.0;1;31;;35.0;1;16;22.0;1;2;0;25;14;2;0;14;11;19.3;1;31;;14.0;1;3;24.0;1;25;0;0;0;4;20;16;0;0;9.6;1;15.0;1;29;31;24.1;1;31;;;0;;18.5;1;8;29.0;1;25;;;;0;;;;0;;;0;;;;184.9;1;;;;;;;;;0;;;;;;;;;;;;;;;;;;0;;;0;;;0;;;;;;0;;;0;;;0;;;;;;0;;;;;;;;;;;;;;;0;0
11140001;FERRALS-LES-CORBIERES;43.147167;2.732500;65;199608;80.6;1;31;;23.0;1;21;8;6;3;0;0;0;;;0;;;;26.9;1;31;;33.5;1;18;22.0;1;27;0;21;6;0;0;18;4;17.9;1;31;;14.5;1;28;22.5;1;10;0;0;0;2;28;5;0;0;9.0;1;16.5;1;18;31;22.4;1;31;;;0;;18.5;1;28;26.0;1;20;;;;0;;;;0;;;0;;;;146.1;1;;;;;;;;;0;;;;;;;;;;;;;;;;;;0;;;0;;;0;;;;;;0;;;0;;;0;;;;;;0;;;;;;;;;;;;;;;5;0
11140001;FERRALS-LES-CORBIERES;43.147167;2.732500;65;199609;40.2;1;30;;20.1;1;17;5;3;1;0;0;0;;;0;;;;22.8;1;30;;28.5;1;5;17.0;1;17;0;10;0;0;7;28;0;13.6;1;30;;9.0;1;16;18.5;1;6;0;0;4;21;30;0;0;0;9.2;1;16.5;1;29;30;18.2;1;30;;;0;;15.3;1;30;22.8;1;6;;;;0;;;;0;;;0;;;;115.9;1;;;;;;;;;0;;;;;;;;;;;;;;;;;;0;;;0;;;0;;;;;;0;;;0;;;0;;;;;;0;;;;;;;;;;;;;;;0;0
11140001;FERRALS-LES-CORBIERES;43.147167;2.732500;65;199610;117.5;1;31;;102.0;1;14;4;2;2;1;1;1;;;0;;;;19.0;1;31;;26.0;1;22;13.0;1;6;0;2;0;0;22;31;0;12.5;1;31;;4.5;1;31;17.0;1;21;0;0;5;24;31;0;0;0;6.5;1;14.5;1;18;31;15.8;1;31;;;0;;11.3;1;6;20.8;1;22;;;;0;;;;0;;;0;;;;66.4;1;;;;;;;;;0;;;;;;;;;0;;;;;;;;;0;;;0;;;0;;;;;;0;;;0;;;0;;;;;;0;;;;;;;;;;;;;;0;0;0
11140001;FERRALS-LES-CORBIERES;43.147167;2.732500;65;199611;97.6;1;30;;18.8;1;12;9;7;4;0;0;0;;;0;;;;14.0;1;30;;22.0;1;2;6.5;1;17;0;0;0;0;27;30;0;8.1;1;30;;1.5;1;25;15.0;1;2;0;0;21;30;30;0;0;0;5.8;1;12.5;1;25;30;11.1;1;30;;;0;;5.0;1;17;18.5;1;2;;;;0;;;;0;;;0;;;;40.7;1;;;;;;;;;0;;;;;;;;;;;;;;;;;;0;;;0;;;0;;;;;;0;;;0;;;0;;;;;;0;;;;;;;;;;;;;;;0;0
11140001;FERRALS-LES-CORBIERES;43.147167;2.732500;65;199612;248.3;1;31;;95.0;1;7;11;7;6;2;2;0;;;0;;;;10.8;1;31;;16.5;1;4;1.0;1;26;0;0;0;0;31;31;0;6.2;1;31;;-4.5;1;29;12.5;1;19;0;0;25;31;31;0;0;5;4.6;1;12.0;1;4;31;8.5;1;31;;;0;;-1.3;1;31;13.5;1;6;;;;0;;;;0;;;0;;;;25.7;1;;;;;;;;;0;;;;;;;;;;;;;;;;;;0;;;0;;;0;;;;;;0;;;0;;;0;;;;;;0;;;;;;;;;;;;;;;2;3
11140001;FERRALS-LES-CORBIERES;43.147167;2.732500;65;199701;73.8;1;31;;22.0;1;24;10;6;2;0;0;0;;;0;;;;10.5;1;31;;15.0;1;25;3.5;1;1;0;0;0;0;31;31;0;5.2;1;31;;-3.0;1;1;12.0;1;23;0;0;27;31;31;0;0;2;5.3;1;11.5;1;13;31;7.8;1;31;;;0;;0.3;1;1;12.8;1;24;;;;0;;;;0;;;0;;;;31.3;1;;;;;;;;;0;;;;;;;;;0;;;;;;;;;0;;;0;;;0;;;;;;0;;;0;;;0;;;;;;0;1;;;;;;;;;;;;;0;0;1
11140001;FERRALS-LES-CORBIERES;43.147167;2.732500;65;199702;8.4;1;28;;4.0;1;14;3;0;0;0;0;0;;;0;;;;15.0;1;28;;18.5;1;6;10.0;1;3;0;0;0;0;28;28;0;6.3;1;28;;-1.0;1;10;12.0;1;12;0;0;27;28;28;0;0;1;8.7;1;15.5;1;28;28;10.6;1;28;;;0;;5.3;1;10;14.8;1;12;;;;0;;;;0;;;0;;;;52.8;1;;;;;;;;;0;;;;;;;;;0;;;;;;;;;0;;;0;;;0;;;;;;0;;;0;;;0;;;;;;0;;;;;;;;;;;;;;0;0;0
11140001;FERRALS-LES-CORBIERES;43.147167;2.732500;65;199703;0.0;1;31;;0.0;1;;0;0;0;0;0;0;;;0;;;;19.6;1;31;;25.5;1;17;15.0;1;1;0;1;0;0;19;31;0;8.6;1;31;;2.5;1;10;16.0;1;18;0;0;20;30;31;0;0;0;10.9;1;19.0;1;11;31;14.1;1;31;;;0;;10.8;1;1;19.8;1;18;;;;0;;;;0;;;0;;;;113.4;1;;;;;;;;;0;;;;;;;;;;;;;;;;;;0;;;0;;;0;;;;;;0;;;0;;;0;;;;;;0;;;;;;;;;;;;;;;0;0
11140001;FERRALS-LES-CORBIERES;43.147167;2.732500;65;199704;18.1;1;30;;12.1;1;19;5;1;1;0;0;0;;;0;;;;20.2;1;30;;25.5;1;11;12.5;1;19;0;2;0;0;13;30;0;8.8;1;30;;4.5;1;24;14.0;1;29;0;0;20;30;30;0;0;0;11.4;1;20.0;1;11;30;14.5;1;30;;;0;;10.8;1;21;17.5;1;16;;;;0;;;;0;;;0;;;;132.9;1;;;;;;;;;0;;;;;;;;;;;;;;;;;;0;;;0;;;0;;;;;;0;;;0;;;0;;;;;;0;;;;;;;;;;;;;;;0;0
11140001;FERRALS-LES-CORBIERES;43.147167;2.732500;65;199705;49.3;1;31;;27.3;1;12;6;3;1;0;0;0;;;0;;;;22.6;1;31;;33.0;1;28;14.5;1;7;0;10;2;0;9;26;2;13.0;1;31;;5.5;1;8;17.5;1;29;0;0;5;23;31;0;0;0;9.7;1;19.0;1;27;31;17.8;1;31;;;0;;10.3;1;8;25.3;1;28;;;;0;;;;0;;;0;;;;128.8;1;;;;;;;;;0;;;;;;;;;;;;;;;;;;0;;;0;;;0;;;;;;0;;;0;;;0;;;;;;0;;;;;;;;;;;;;;;0;0
11140001;FERRALS-LES-CORBIERES;43.147167;2.732500;65;199706;185.3;1;30;;115.2;1;1;5;4;3;2;1;1;;;0;;;;24.4;1;30;;30.0;1;8;18.5;1;1;0;13;2;0;4;23;0;16.4;1;30;;11.5;1;28;22.5;1;13;0;0;0;8;29;2;0;0;8.0;1;15.0;1;25;30;20.4;1;30;;;0;;15.8;1;29;25.5;1;13;;;;0;;;;0;;;0;;;;131.7;1;;;;;;;;;0;;;;;;;;;;;;;;;;;;0;;;0;;;0;;;;;;0;;;0;;;0;;;;;;0;;;;;;;;;;;;;;;0;0
11140001;FERRALS-LES-CORBIERES;43.147167;2.732500;65;199707;9.5;1;31;;4.6;1;2;3;0;0;0;0;0;;;0;;;;28.2;1;31;;35.0;1;28;21.5;1;5;0;24;13;2;0;14;5;18.6;1;31;;14.0;1;8;24.0;1;30;0;0;0;5;22;11;0;0;9.6;1;15.5;1;8;31;23.4;1;31;;;0;;18.0;1;3;28.5;1;30;;;;0;;;;0;;;0;;;;184.1;1;;;;;;;;;0;;;;;;;;;;;;;;;;;;0;;;0;;;0;;;;;;0;;;0;;;0;;;;;;0;;;;;;;;;;;;;;;0;0
11140001;FERRALS-LES-CORBIERES;43.147167;2.732500;65;199708;97.1;1;31;;58.0;1;10;7;3;2;1;1;0;;;0;;;;29.9;1;31;;35.0;1;14;22.5;1;11;0;27;17;1;0;5;11;19.8;1;31;;14.0;1;29;23.5;1;4;0;0;0;2;17;17;0;0;10.1;1;17.0;1;30;31;24.8;1;31;;;0;;19.0;1;28;28.8;1;14;;;;0;;;;0;;;0;;;;144.2;1;;;;;;;;;0;;;;;;;;;;;;;;;;;;0;;;0;;;0;;;;;;0;;;0;;;0;;;;;;0;;;;;;;;;;;;;;;3;0
11140001;FERRALS-LES-CORBIERES;43.147167;2.732500;65;199709;32.2;1;30;;32.0;1;1;1;1;1;1;0;0;;;0;;;;27.1;1;30;;31.0;1;4;22.0;1;13;0;27;1;0;0;14;0;15.7;1;30;;10.0;1;15;21.5;1;1;0;0;1;13;28;5;0;0;11.4;1;17.5;1;19;30;21.4;1;30;;;0;;17.5;1;15;24.8;1;10;;;;0;;;;0;;;0;;;;110.0;1;;;;;;;;;0;;;;;;;;;;;;;;;;;;0;;;0;;;0;;;;;;0;;;0;;;0;;;;;;0;;;;;;;;;;;;;;;1;0
11140001;FERRALS-LES-CORBIERES;43.147167;2.732500;65;199710;40.2;1;31;;28.0;1;23;5;1;1;0;0;0;;;0;;;;21.4;1;31;;30.5;1;1;11.5;1;30;0;10;2;0;18;25;0;13.7;1;31;;2.0;1;27;21.0;1;6;0;0;8;14;30;2;0;0;7.8;1;18.0;1;27;31;17.5;1;31;;;0;;9.0;1;30;24.8;1;2;;;;0;;;;0;;;0;;;;75.4;1;;;;;;;;;0;;;;;;;;;;;;;;;;;;0;;;0;;;0;;;;;;0;;;0;;;0;;;;;;0;;;;;;;;;;;;;;;0;0
11140001;FERRALS-LES-CORBIERES;43.147167;2.732500;65;199711;116.4;1;30;;68.0;1;26;8;4;2;1;1;0;;;0;;;;15.9;1;30;;22.5;1;6;11.0;1;12;0;0;0;0;27;30;0;8.5;1;30;;1.5;1;1;16.0;1;4;0;0;22;29;30;0;0;0;7.4;1;13.0;1;15;30;12.2;1;30;;;0;;7.8;1;24;18.5;1;6;;;;0;;;;0;;;0;;;;37.0;1;;;;;;;;;0;;;;;;;;;;;;;;;;;;0;;;0;;;0;;;;;;0;;;0;;;0;;;;;;0;;;;;;;;;;;;;;;0;0
11140001;FERRALS-LES-CORBIERES;43.147167;2.732500;65;199712;52.8;1;31;;33.0;1;16;9;2;1;1;0;0;;;0;;;;12.4;1;31;;21.0;1;11;4.5;1;4;0;0;0;0;30;31;0;6.1;1;31;;-1.5;1;7;13.0;1;18;0;0;28;31;31;0;0;2;6.3;1;12.5;1;8;31;9.2;1;31;;;0;;2.8;1;4;15.5;1;11;;;;0;;;;0;;;0;;;;38.0;1;;;;;;;;;0;;;;;;;;;;;;;;;;;;0;;;0;;;0;;;;;;0;;;0;;;0;;;;;;0;;;;;;;;;;;;;;;0;0
11140001;FERRALS-LES-CORBIERES;43.147167;2.732500;65;199801;19.3;1;31;;5.5;1;28;7;1;0;0;0;0;;;0;;;;11.5;1;31;;18.5;1;3;4.0;1;25;0;0;0;0;31;31;0;5.4;1;31;;-4.0;1;23;13.0;1;12;0;0;27;31;31;0;0;2;6.1;1;13.5;1;7;31;8.5;1;31;;;0;;2.3;1;23;15.0;1;13;;;;0;;;;0;;;0;;;;39.6;1;;;;;;;;;0;;;;;;;;;;;;;;;;;;0;;;0;;;0;;;;;;0;;;0;;;0;;;;;;0;;;;;;;;;;;;;;;0;0
11140001;FERRALS-LES-CORBIERES;43.147167;2.732500;65;199802;29.9;1;28;;15.4;1;2;3;2;2;0;0;0;;;0;;;;14.4;1;28;;25.0;1;15;7.0;1;3;0;1;0;0;26;28;0;5.5;1;28;;-1.5;1;7;11.0;1;17;0;0;27;28;28;0;0;2;8.9;1;23.5;1;15;28;10.0;1;28;;;0;;5.5;1;6;14.8;1;27;;;;0;;;;0;;;0;;;;52.9;1;;;;;;;;;0;;;;;;;;;;;;;;;;;;0;;;0;;;0;;;;;;0;;;0;;;0;;;;;;0;;;;;;;;;;;;;;;0;2
11140001;FERRALS-LES-CORBIERES;43.147167;2.732500;65;199803;33.4;1;31;;16.4;1;11;4;3;1;0;0;0;;;0;;;;16.3;1;31;;23.0;1;27;9.5;1;12;0;0;0;0;27;31;0;7.8;1;31;;2.0;1;3;13.0;1;8;0;0;24;31;31;0;0;0;8.5;1;17.0;1;6;31;12.1;1;31;;;0;;6.8;1;13;16.5;1;18;;;;0;;;;0;;;0;;;;99.7;1;;;;;;;;;0;;;;;;;;;;;;;;;;;;0;;;0;;;0;;;;;;0;;;0;;;0;;;;;;0;;;;;;;;;;;;;;;0;0
11140001;FERRALS-LES-CORBIERES;43.147167;2.732500;65;199804;50.4;1;30;;23.4;1;26;7;3;1;0;0;0;;;0;;;;17.2;1;30;;26.5;1;25;10.5;1;13;0;1;0;0;27;30;0;8.1;1;30;;0.5;1;14;14.0;1;26;0;0;23;30;30;0;0;0;9.2;1;14.0;1;20;30;12.7;1;30;;;0;;7.0;1;14;19.8;1;25;;;;0;;;;0;;;0;;;;100.8;1;;;;;;;;;0;;;;;;;;;;;;;;;;;;0;;;0;;;0;;;;;;0;;;0;;;0;;;;;;0;;;;;;;;;;;;;;;2;0
11140001;FERRALS-LES-CORBIERES;43.147167;2.732500;65;199805;14.0;1;31;;10.5;1;30;4;1;1;0;0;0;;;0;;;;23.1;1;31;;31.0;1;14;13.5;1;4;0;12;1;0;7;28;0;13.5;1;31;;7.5;1;7;18.0;1;22;0;0;5;24;31;0;0;0;9.6;1;18.5;1;14;31;18.3;1;31;;;0;;12.0;1;4;22.3;1;22;;;;0;;;;0;;;0;;;;162.0;1;;;;;;;;;0;;;;;;;;;;;;;;;;;;0;;;0;;;0;;;;;;0;;;0;;;0;;;;;;0;;;;;;;;;;;;;;;2;0
11140001;FERRALS-LES-CORBIERES;43.147167;2.732500;65;199806;24.2;1;30;;9.5;1;3;4;2;0;0;0;0;;;0;;;;26.1;1;30;;33.5;1;9;16.0;1;11;0;20;6;0;2;19;5;16.5;1;30;;10.0;1;11;20.5;1;30;0;0;1;10;28;4;0;0;9.6;1;19.0;1;18;30;21.3;1;30;;;0;;13.0;1;11;26.0;1;29;;;;0;;;;0;;;0;;;;171.1;1;;;;;;;;;0;;;;;;;;;;;;;;;;;;0;;;0;;;0;;;;;;0;;;0;;;0;;;;;;0;;;;;;;;;;;;;;;1;0
11140001;FERRALS-LES-CORBIERES;43.147167;2.732500;65;199807;21.7;1;31;;17.0;1;1;3;1;1;0;0;0;;;0;;;;28.1;1;31;;35.0;1;6;21.0;1;7;0;26;9;2;0;12;4;18.6;1;31;;14.0;1;16;21.5;1;26;0;0;0;2;28;9;0;0;9.5;1;16.0;1;23;31;23.3;1;31;;;0;;19.5;1;7;27.3;1;6;;;;0;;;;0;;;0;;;;215.0;1;;;;;;;;;0;;;;;;;;;;;;;;;;;;0;;;0;;;0;;;;;;0;;;0;;;0;;;;;;0;;;;;;;;;;;;;;;3;0
11140001;FERRALS-LES-CORBIERES;43.147167;2.732500;65;199808;24.4;1;31;;16.0;1;3;3;2;1;0;0;0;;;0;;;;29.5;1;31;;36.0;1;10;20.5;1;1;0;27;14;4;0;11;12;18.8;1;31;;11.5;1;30;23.0;1;17;0;0;0;4;22;14;0;0;10.7;1;18.0;1;10;31;24.2;1;31;;;0;;18.0;1;2;29.0;1;17;;;;0;;;;0;;;0;;;;193.1;1;;;;;;;;;0;;;;;;;;;;;;;;;;;;0;;;0;;;0;;;;;;0;;;0;;;0;;;;;;0;;;;;;;;;;;;;;;0;1
11140001;FERRALS-LES-CORBIERES;43.147167;2.732500;65;199809;38.4;1;30;;11.3;1;23;7;2;1;0;0;0;;;0;;;;23.7;1;30;;29.0;1;6;18.5;1;12;0;11;0;0;4;27;0;15.2;1;30;;9.5;1;20;21.0;1;10;0;0;2;18;29;2;0;0;8.5;1;16.5;1;18;30;19.4;1;30;;;0;;15.8;1;14;23.3;1;3;;;;0;;;;0;;;0;;;;106.4;1;;;;;;;;;0;;;;;;;;;;;;;;;;;;0;;;0;;;0;;;;;;0;;;0;;;0;;;;;;0;;;;;;;;;;;;;;;0;0
11140001;FERRALS-LES-CORBIERES;43.147167;2.732500;65;199810;29.3;1;31;;8.3;1;6;7;4;0;0;0;0;;;0;;;;19.3;1;31;;24.0;1;15;14.5;1;8;0;0;0;0;21;31;0;11.8;1;31;;4.0;1;21;16.0;1;12;0;0;4;30;31;0;0;0;7.5;1;15.0;1;21;31;15.6;1;31;;;0;;11.5;1;21;18.8;1;24;;;;0;;;;0;;;0;;;;79.0;1;;;;;;;;;0;;;;;;;;;;;;;;;;;;0;;;0;;;0;;;;;;0;;;0;;;0;;;;;;0;;;;;;;;;;;;;;;0;0
11140001;FERRALS-LES-CORBIERES;43.147167;2.732500;65;199811;29.4;1;30;;9.1;1;12;8;2;0;0;0;0;;;0;;;;12.6;1;30;;21.5;1;9;5.0;1;22;0;0;0;0;28;30;0;5.9;1;30;;-5.5;1;22;13.5;1;2;1;0;25;30;30;0;0;4;6.7;1;15.5;1;7;30;9.3;1;30;;;0;;-0.3;1;22;17.3;1;2;;;;0;;;;0;;;0;;;;48.3;1;;;;;;;;;0;;;;;;;;;;;;;;;;;;0;;;0;;;0;;;;;;0;;;0;;;0;;;;;;0;;;;;;;;;;;;;;;0;0
11140001;FERRALS-LES-CORBIERES;43.147167;2.732500;65;199812;71.5;1;31;;43.0;1;30;5;4;1;1;0;0;;;0;;;;10.9;1;31;;17.5;1;15;4.5;1;3;0;0;0;0;31;31;0;4.2;1;31;;-3.0;1;23;12.5;1;13;0;0;28;31;31;0;0;3;6.6;1;12.5;1;14;31;7.5;1;31;;;0;;2.0;1;23;14.8;1;13;;;;0;;;;0;;;0;;;;35.6;1;;;;;;;;;0;;;;;;;;;;;;;;;;;;0;;;0;;;0;;;;;;0;;;0;;;0;;;;;;0;;;;;;;;;;;;;;;0;0
11140001;FERRALS-LES-CORBIERES;43.147167;2.732500;65;199901;50.6;1;31;;19.7;1;1;6;4;2;0;0;0;;;0;;;;12.0;1;31;;19.5;1;4;3.5;1;11;0;0;0;0;31;31;0;5.5;1;31;;-1.5;1;31;11.5;1;8;0;0;29;31;31;0;0;1;6.5;1;15.5;1;25;31;8.7;1;31;;;0;;1.0;1;31;14.3;1;4;;;;0;;;;0;;;0;;;;39.8;1;;;;;;;;;0;;;;;;;;;0;;;;;;;;;0;;;0;;;0;;;;;;0;;;0;;;0;;;;;;0;;;;;;;;;;;;;;0;0;0
11140001;FERRALS-LES-CORBIERES;43.147167;2.732500;65;199902;5.3;1;28;;2.6;1;23;2;0;0;0;0;0;;;0;;;;10.4;1;28;;17.0;1;21;3.5;1;1;0;0;0;0;28;28;0;4.9;1;28;;-2.5;1;14;12.0;1;21;0;0;26;28;28;0;0;4;5.5;1;13.0;1;25;28;7.7;1;28;;;0;;0.5;1;14;14.5;1;21;;;;0;;;;0;;;0;;;;56.7;1;;;;;;;;;0;;;;;;;;;;;;;;;;;;0;;;0;;;0;;;;;;0;;;0;;;0;;;;;;0;;;;;;;;;;;;;;;0;0
11140001;FERRALS-LES-CORBIERES;43.147167;2.732500;65;199903;13.2;1;31;;3.8;1;24;5;0;0;0;0;0;;;0;;;;15.2;1;31;;22.5;1;30;9.5;1;5;0;0;0;0;30;31;0;7.8;1;31;;2.0;1;8;12.0;1;16;0;0;25;31;31;0;0;0;7.4;1;14.5;1;31;31;11.5;1;31;;;0;;6.8;1;7;15.5;1;30;;;;0;;;;0;;;0;;;;85.6;1;;;;;;;;;0;;;;;;;;;;;;;;;;;;0;;;0;;;0;;;;;;0;;;0;;;0;;;;;;0;;;;;;;;;;;;;;;0;0
11140001;FERRALS-LES-CORBIERES;43.147167;2.732500;65;199904;68.8;1;30;;24.3;1;25;12;5;1;0;0;0;;;0;;;;18.1;1;30;;26.0;1;5;9.0;1;15;0;2;0;0;23;30;0;9.9;1;30;;4.5;1;15;16.0;1;5;0;0;18;29;30;0;0;0;8.2;1;15.5;1;6;30;14.0;1;30;;;0;;6.8;1;15;21.0;1;5;;;;0;;;;0;;;0;;;;108.5;1;;;;;;;;;0;;;;;;;;;;;;;;;;;;0;;;0;;;0;;;;;;0;;;0;;;0;;;;;;0;;;;;;;;;;;;;;;1;0
11140001;FERRALS-LES-CORBIERES;43.147167;2.732500;65;199905;105.5;1;31;;38.0;1;3;9;3;3;2;0;0;;;0;;;;21.7;1;31;;28.5;1;13;15.0;1;17;0;7;0;0;10;29;0;13.8;1;31;;10.0;1;18;18.0;1;30;0;0;2;26;31;0;0;0;7.9;1;15.5;1;25;31;17.7;1;31;;;0;;14.3;1;21;21.5;1;13;;;;0;;;;0;;;0;;;;112.0;1;;;;;;;;;0;;;;;;;;;;;;;;;;;;0;;;0;;;0;;;;;;0;;;0;;;0;;;;;;0;;;;;;;;;;;;;;;0;2
11140001;FERRALS-LES-CORBIERES;43.147167;2.732500;65;199906;34.8;1;30;;20.0;1;26;5;2;1;0;0;0;;;0;;;;25.7;1;30;;30.5;1;16;19.5;1;26;0;21;1;0;1;22;0;15.2;1;30;;10.5;1;23;19.0;1;30;0;0;0;13;30;0;0;0;10.4;1;18.0;1;23;30;20.5;1;30;;;0;;16.0;1;7;23.3;1;18;;;;0;;;;0;;;0;;;;174.6;1;;;;;;;;;0;;;;;;;;;;;;;;;;;;0;;;0;;;0;;;;;;0;;;0;;;0;;;;;;0;;;;;;;;;;;;;;;2;0
11140001;FERRALS-LES-CORBIERES;43.147167;2.732500;65;199907;6.1;1;31;;2.4;1;31;3;0;0;0;0;0;;;0;;;;29.4;1;31;;34.5;1;1;25.5;1;22;0;31;16;0;0;7;3;18.2;1;31;;12.5;1;25;22.0;1;31;0;0;0;2;27;5;0;0;11.3;1;18.5;1;24;31;23.8;1;31;;;0;;21.3;1;25;25.5;1;21;;;;0;;;;0;;;0;;;;200.8;1;;;;;;;;;0;;;;;;;;;;;;;;;;;;0;;;0;;;0;;;;;;0;;;0;;;0;;;;;;0;;;;;;;;;;;;;;;2;0
11140001;FERRALS-LES-CORBIERES;43.147167;2.732500;65;199908;69.7;1;31;;18.2;1;4;6;5;3;0;0;0;;;0;;;;28.7;1;31;;33.0;1;22;23.5;1;7;0;30;9;0;0;5;3;18.4;1;31;;14.5;1;14;23.0;1;6;0;0;0;2;25;8;0;0;10.3;1;17.5;1;22;31;23.6;1;31;;;0;;19.8;1;7;26.8;1;28;;;;0;;;;0;;;0;;;;150.2;1;;;;;;;;;0;;;;;;;;;;;;;;;;;;0;;;0;;;0;;;;;;0;;;0;;;0;;;;;;0;;;;;;;;;;;;;;;7;0
11140001;FERRALS-LES-CORBIERES;43.147167;2.732500;65;199909;37.9;1;30;;23.0;1;14;4;2;1;0;0;0;;;0;;;;26.2;1;30;;35.5;1;2;22.0;1;15;0;17;6;1;0;20;2;15.4;1;30;;9.0;1;21;19.9;1;24;0;0;2;10;30;0;0;0;10.8;1;21.5;1;2;30;20.8;1;30;;;0;;16.0;1;21;24.8;1;2;;;;0;;;;0;;;0;;;;114.3;1;;;;;;;;;0;;;;;;;;;;;;;;;;;;0;;;0;;;0;;;;;;0;;;0;;;0;;;;;;0;;;;;;;;;;;;;;;3;0
11140001;FERRALS-LES-CORBIERES;43.147167;2.732500;65;199910;57.2;1;31;;45.2;1;17;5;2;1;1;0;0;;;0;;;;20.2;1;31;;24.0;1;15;16.0;1;13;0;0;0;0;17;31;0;11.3;1;31;;2.0;1;6;16.5;1;30;0;0;9;27;31;0;0;0;8.9;1;17.5;1;6;31;15.8;1;31;;;0;;10.8;1;6;20.0;1;15;;;;0;;;;0;;;0;;;;69.9;1;;;;;;;;;0;;;;;;;;;;;;;;;;;;0;;;0;;;0;;;;;;0;;;0;;;0;;;;;;0;;;;;;;;;;;;;;;1;1
11140001;FERRALS-LES-CORBIERES;43.147167;2.732500;65;199911;515.2;1;30;;450.0;1;12;4;3;2;2;2;1;;;0;;;;12.3;1;30;;20.5;1;2;2.5;1;21;0;0;0;0;29;30;0;5.7;1;30;;-2.0;1;26;15.0;1;2;0;0;27;30;30;0;0;1;6.7;1;14.0;1;5;30;9.0;1;30;;;0;;1.5;1;21;17.8;1;2;;;;0;;;;0;;;0;;;;46.7;1;;;;;;;;;0;;;;;;;;;;;;;;;;;;0;;;0;;;0;;;;;;0;;;0;;;0;;;;;;0;;;;;;;;;;;;;;;2;0
11140001;FERRALS-LES-CORBIERES;43.147167;2.732500;65;199912;32.2;1;31;;10.8;1;28;7;2;2;0;0;0;;;0;;;;10.7;1;31;;17.5;1;26;4.0;1;16;0;0;0;0;31;31;0;4.6;1;31;;-3.5;1;21;11.5;1;19;0;0;29;31;31;0;0;3;6.2;1;16.0;1;7;31;7.7;1;31;;;0;;2.0;1;22;12.3;1;26;;;;0;;;;0;;;0;;;;41.6;1;;;;;;;;;0;;;;;;;;;;;;;;;;;;0;;;0;;;0;;;;;;0;;;0;;;0;;;;;;0;;;;;;;;;;;;;;;0;0
11140001;FERRALS-LES-CORBIERES;43.147167;2.732500;65;200001;52.0;1;31;;34.5;1;14;5;3;1;1;0;0;;;0;;;;9.2;1;31;;17.5;1;31;4.5;1;21;0;0;0;0;31;31;0;3.9;1;31;;-5.0;1;13;11.0;1;30;1;0;30;31;31;0;0;4;5.3;1;11.0;1;5;31;6.5;1;31;;;0;;0.0;1;13;13.8;1;31;;;;0;;;;0;;;0;;;;36.0;1;;;;;;;;;0;;;;;;;;;;;;;;;;;;0;;;0;;;0;;;;;;0;;;0;;;0;;;;;;0;1;;;;;;;;;;;;;;0;1
11140001;FERRALS-LES-CORBIERES;43.147167;2.732500;65;200002;16.8;1;29;;7.9;1;17;3;2;0;0;0;0;;;0;;;;13.8;1;29;;21.5;1;25;10.0;1;12;0;0;0;0;28;29;0;6.6;1;29;;0.0;1;21;12.0;1;11;0;0;23;29;29;0;0;2;7.2;1;18.5;1;25;29;10.2;1;29;;;0;;6.3;1;22;13.8;1;8;;;;0;;;;0;;;0;;;;58.5;1;;;;;;;;;0;;;;;;;;;;;;;;;;;;0;;;0;;;0;;;;;;0;;;0;;;0;;;;;;0;;;;;;;;;;;;;;;0;0
11140001;FERRALS-LES-CORBIERES;43.147167;2.732500;65;200003;32.5;1;31;;12.0;1;26;5;3;1;0;0;0;;;0;;;;16.0;1;31;;25.0;1;11;10.5;1;27;0;1;0;0;27;31;0;7.1;1;31;;-1.0;1;6;12.5;1;10;0;0;26;31;31;0;0;2;8.9;1;17.5;1;3;31;11.5;1;31;;;0;;6.3;1;6;18.5;1;11;;;;0;;;;0;;;0;;;;104.4;1;;;;;;;;;0;;;;;;;;;;;;;;;;;;0;;;0;;;0;;;;;;0;;;0;;;0;;;;;;0;;;;;;;;;;;;;;;0;0
11140001;FERRALS-LES-CORBIERES;43.147167;2.732500;65;200004;64.0;1;30;;23.4;1;27;8;4;2;0;0;0;;;0;;;;17.5;1;30;;24.5;1;21;10.5;1;9;0;0;0;0;24;30;0;8.6;1;30;;3.0;1;7;14.0;1;22;0;0;25;30;30;0;0;0;8.9;1;16.0;1;21;30;13.0;1;30;;;0;;9.3;1;6;17.3;1;3;;;;0;;;;0;;;0;;;;100.8;1;;;;;;;;;0;;;;;;;;;;;;;;;;;;0;;;0;;;0;;;;;;0;;;0;;;0;;;;;;0;;;;;;;;;;;;;;;0;0
11140001;FERRALS-LES-CORBIERES;43.147167;2.732500;65;200005;42.5;1;31;;16.5;1;10;7;2;2;0;0;0;;;0;;;;23.1;1;31;;29.0;1;24;18.0;1;10;0;11;0;0;7;28;0;13.2;1;31;;8.5;1;3;18.0;1;30;0;0;4;24;31;0;0;0;9.9;1;18.5;1;2;31;18.2;1;31;;;0;;16.0;1;19;22.5;1;30;;;;0;;;;0;;;0;;;;138.9;1;;;;;;;;;0;;;;;;;;;;;;;;;;;;0;;;0;;;0;;;;;;0;;;0;;;0;;;;;;0;;;;;;;;;;;;;;;2;0
11140001;FERRALS-LES-CORBIERES;43.147167;2.732500;65;200006;106.3;1;30;;53.3;1;10;4;4;3;2;1;0;;;0;;;;25.2;1;30;;31.5;1;16;16.0;1;10;0;17;3;0;4;21;0;16.1;1;30;;10.5;1;8;20.0;1;16;0;0;0;10;30;1;0;0;9.1;1;16.0;1;1;30;20.7;1;30;;;0;;14.3;1;11;25.8;1;16;;;;0;;;;0;;;0;;;;161.1;1;;;;;;;;;0;;;;;;;;;;;;;;;;;;0;;;0;;;0;;;;;;0;;;0;;;0;;;;;;0;;;;;;;;;;;;;;;2;0
11140001;FERRALS-LES-CORBIERES;43.147167;2.732500;65;200007;12.3;1;31;;7.8;1;25;4;1;0;0;0;0;;;0;;;;26.7;1;31;;32.5;1;19;21.0;1;10;0;21;8;0;0;19;3;16.4;1;31;;11.0;1;17;21.5;1;3;0;0;0;9;28;6;0;0;10.3;1;18.0;1;31;31;21.5;1;31;;;0;;16.8;1;12;26.0;1;3;;;;0;;;;0;;;0;;;;176.3;1;;;;;;;;;0;;;;;;;;;;;;;;;;;;0;;;0;;;0;;;;;;0;;;0;;;0;;;;;;0;;;;;;;;;;;;;;;2;0
11140001;FERRALS-LES-CORBIERES;43.147167;2.732500;65;200008;25.3;1;31;;15.4;1;30;4;2;1;0;0;0;;;0;;;;28.5;1;31;;35.0;1;14;21.5;1;3;0;27;9;1;0;10;6;18.7;1;31;;13.0;1;22;23.5;1;15;0;0;0;3;20;14;0;0;9.8;1;16.5;1;22;31;23.6;1;31;;;0;;19.3;1;4;28.5;1;14;;;;0;;;;0;;;0;;;;168.0;1;;;;;;;;;0;;;;;;;;;;;;;;;;;;0;;;0;;;0;;;;;;0;;;0;;;0;;;;;;0;;;;;;;;;;;;;;;5;0
11140001;FERRALS-LES-CORBIERES;43.147167;2.732500;65;200009;17.0;1;30;;7.2;1;12;4;1;0;0;0;0;;;0;;;;25.1;1;30;;30.0;1;22;17.0;1;20;0;19;2;0;3;24;0;15.4;1;30;;10.5;1;21;19.0;1;8;0;0;0;12;30;0;0;0;9.7;1;19.0;1;22;30;20.3;1;30;;;0;;15.5;1;20;24.0;1;8;;;;0;;;;0;;;0;;;;125.6;1;;;;;;;;;0;;;;;;;;;;;;;;;;;;0;;;0;;;0;;;;;;0;;;0;;;0;;;;;;0;;;;;;;;;;;;;;;2;4
11140001;FERRALS-LES-CORBIERES;43.147167;2.732500;65;200010;93.9;1;31;;30.0;1;14;8;4;4;1;0;0;;;0;;;;18.4;1;31;;24.0;1;4;12.5;1;15;0;0;0;0;24;31;0;12.1;1;31;;7.0;1;18;16.0;1;21;0;0;8;27;31;0;0;0;6.3;1;14.5;1;18;31;15.2;1;31;;;0;;11.5;1;15;19.3;1;4;;;;0;;;;0;;;0;;;;77.9;1;;;;;;;;;0;;;;;;;;;;;;;;;;;;0;;;0;;;0;;;;;;0;;;0;;;0;;;;;;0;;;;;;;;;;;;;;;0;2
11140001;FERRALS-LES-CORBIERES;43.147167;2.732500;65;200011;81.2;1;30;;55.0;1;29;9;3;1;1;1;0;;;0;;;;14.4;1;30;;21.0;1;12;10.5;1;20;0;0;0;0;29;30;0;7.3;1;30;;0.0;1;11;13.5;1;29;0;0;28;30;30;0;0;1;7.1;1;16.5;1;11;30;10.8;1;30;;;0;;8.3;1;16;14.5;1;29;;;;0;;;;0;;;0;;;;46.7;1;;;;;;;;;0;;;;;;;;;;;;;;;;;;0;;;0;;;0;;;;;;0;;;0;;;0;;;;;;0;;;;;;;;;;;;;;;1;0
11140001;FERRALS-LES-CORBIERES;43.147167;2.732500;65;200012;73.1;1;31;;29.0;1;23;8;5;3;0;0;0;;;0;;;;13.3;1;31;;18.0;1;2;6.0;1;30;0;0;0;0;31;31;0;7.9;1;31;;1.5;1;4;13.0;1;1;0;0;24;31;31;0;0;0;5.4;1;12.0;1;4;31;10.6;1;31;;;0;;5.0;1;31;15.5;1;7;;;;0;;;;0;;;0;;;;35.0;1;;;;;;;;;0;;;;;;;;;;;;;;;;;;0;;;0;;;0;;;;;;0;;;0;;;0;;;;;;0;;;;;;;;;;;;;;;0;1
11140001;FERRALS-LES-CORBIERES;43.147167;2.732500;65;200101;129.0;1;31;;34.4;1;16;9;5;4;2;0;0;;;0;;;;11.0;1;31;;15.5;1;2;4.5;1;16;0;0;0;0;31;31;0;5.5;1;31;;-1.0;1;1;11.5;1;12;0;0;29;31;31;0;0;3;5.4;1;11.5;1;1;31;8.2;1;31;;;0;;3.3;1;9;12.8;1;24;;;;0;;;;0;;;0;;;;33.1;1;;;;;;;;;0;;;;;;;;;;;;;;;;;;0;;;0;;;0;;;;;;0;;;0;;;0;;;;;;0;;;;;;;;;;;;;;;0;1
11140001;FERRALS-LES-CORBIERES;43.147167;2.732500;65;200102;11.9;1;28;;6.0;1;8;4;1;0;0;0;0;;;0;;;;12.4;1;28;;18.5;1;11;6.5;1;28;0;0;0;0;28;28;0;5.1;1;28;;-3.5;1;27;10.0;1;11;0;0;28;28;28;0;0;2;7.3;1;13.5;1;27;28;8.7;1;28;;;0;;3.3;1;27;14.3;1;11;;;;0;;;;0;;;0;;;;61.4;1;;;;;;;;;0;;;;;;;;;;;;;;;;;;0;;;0;;;0;;;;;;0;;;0;;;0;;;;;;0;1;;;;;;;;;;;;;;0;1
11140001;FERRALS-LES-CORBIERES;43.147167;2.732500;65;200103;60.2;1;31;;18.0;1;7;10;4;2;0;0;0;;;0;;;;17.5;1;31;;21.5;1;20;10.0;1;2;0;0;0;0;25;31;0;9.0;1;31;;3.0;1;2;12.0;1;11;0;0;23;31;31;0;0;0;8.5;1;12.5;1;26;31;13.3;1;31;;;0;;6.5;1;2;16.5;1;20;;;;0;;;;0;;;0;;;;81.5;1;;;;;;;;;0;;;;;;;;;;;;;;;;;;0;;;0;;;0;;;;;;0;;;0;;;0;;;;;;0;;;;;;;;;;;;;;;1;0
11140001;FERRALS-LES-CORBIERES;43.147167;2.732500;65;200104;61.6;1;30;;13.0;1;30;8;6;3;0;0;0;;;0;;;;17.0;1;30;;23.0;1;6;9.0;1;21;0;0;0;0;25;30;0;8.7;1;30;;4.5;1;22;14.5;1;6;0;0;23;30;30;0;0;0;8.3;1;15.5;1;27;30;12.9;1;30;;;0;;6.8;1;21;18.8;1;6;;;;0;;;;0;;;0;;;;120.1;1;;;;;;;;;0;;;;;;;;;;;;;;;;;;0;;;0;;;0;;;;;;0;;;0;;;0;;;;;;0;;;;;;;;;;;;;;;2;0
11140001;FERRALS-LES-CORBIERES;43.147167;2.732500;65;200105;21.0;1;31;;7.5;1;2;5;2;0;0;0;0;;;0;;;;22.9;1;31;;35.5;1;29;12.5;1;5;0;11;4;2;11;26;3;13.0;1;31;;4.0;1;1;19.0;1;31;0;0;7;22;31;0;0;0;9.9;1;19.0;1;28;31;18.0;1;31;;;0;;10.3;1;6;26.5;1;29;;;;0;;;;0;;;0;;;;142.3;1;;;;;;;;;0;;;;;;;;;;;;;;;;;;0;;;0;;;0;;;;;;0;;;0;;;0;;;;;;0;;;;;;;;;;;;;;;2;0
11140001;FERRALS-LES-CORBIERES;43.147167;2.732500;65;200106;58.9;1;30;;40.1;1;15;3;2;2;1;0;0;;;0;;;;27.5;1;30;;34.5;1;29;20.0;1;9;0;22;9;0;2;14;6;15.5;1;30;;9.0;1;4;20.0;1;24;0;0;3;11;30;1;0;0;12.0;1;20.5;1;21;30;21.5;1;30;;;0;;17.8;1;12;26.5;1;24;;;;0;;;;0;;;0;;;;188.3;1;;;;;;;;;0;;;;;;;;;;;;;;;;;;0;;;0;;;0;;;;;;0;;;0;;;0;;;;;;0;;;;;;;;;;;;;;;1;0
11140001;FERRALS-LES-CORBIERES;43.147167;2.732500;65;200107;65.2;1;31;;30.0;1;14;5;2;2;1;0;0;;;0;;;;29.4;1;31;;37.5;1;30;21.0;1;15;0;27;16;3;0;10;9;17.8;1;31;;11.5;1;21;22.0;1;30;0;0;0;6;23;9;0;0;11.7;1;20.0;1;21;31;23.6;1;31;;;0;;17.3;1;15;29.8;1;30;;;;0;;;;0;;;0;;;;190.8;1;;;;;;;;;0;;;;;;;;;;;;;;;;;;0;;;0;;;0;;;;;;0;;;0;;;0;;;;;;0;;;;;;;;;;;;;;;3;0
11140001;FERRALS-LES-CORBIERES;43.147167;2.732500;65;200108;2.0;1;31;;1.2;1;30;1;0;0;0;0;0;;;0;;;;29.6;1;31;;37.0;1;27;24.5;1;3;0;30;12;3;0;11;9;18.6;1;31;;12.0;1;12;22.5;1;26;0;0;0;3;22;13;0;0;11.0;1;20.5;1;23;31;24.1;1;31;;;0;;21.0;1;14;28.8;1;27;;;;0;;;;0;;;0;;;;174.0;1;;;;;;;;;0;;;;;;;;;;;;;;;;;;0;;;0;;;0;;;;;;0;;;0;;;0;;;;;;0;;;;;;;;;;;;;;;1;0
11140001;FERRALS-LES-CORBIERES;43.147167;2.732500;65;200109;50.7;1;30;;35.0;1;22;5;2;1;1;0;0;;;0;;;;22.9;1;30;;29.0;1;3;19.0;1;29;0;6;0;0;5;28;0;13.9;1;30;;7.0;1;19;19.5;1;4;0;0;4;19;30;0;0;0;9.0;1;17.5;1;3;30;18.4;1;30;;;0;;13.8;1;18;21.5;1;4;;;;0;;;;0;;;0;;;;133.6;1;;;;;;;;;0;;;;;;;;;0;;;;;;;;;0;;;0;;;0;;;;;;0;;;0;;;0;;;;;;0;;;;;;;;;;;;;;0;1;0
11140001;FERRALS-LES-CORBIERES;43.147167;2.732500;65;200110;8.0;1;31;;3.5;1;3;3;0;0;0;0;0;;;0;;;;22.2;1;31;;27.5;1;29;18.5;1;5;0;3;0;0;6;30;0;13.4;1;31;;7.0;1;26;19.0;1;3;0;0;6;20;31;0;0;0;8.9;1;16.5;1;30;31;17.8;1;31;;;0;;13.0;1;26;21.8;1;29;;;;0;;;;0;;;0;;;;65.9;1;;;;;;;;;0;;;;;;;;;;;;;;;;;;0;;;0;;;0;;;;;;0;;;0;;;0;;;;;;0;;;;;;;;;;;;;;;1;0
11140001;FERRALS-LES-CORBIERES;43.147167;2.732500;65;200111;55.4;1;30;;16.5;1;16;5;4;3;0;0;0;;;0;;;;12.1;1;30;;19.0;1;4;6.0;1;10;0;0;0;0;30;30;0;6.2;1;30;;1.5;1;12;13.0;1;8;0;0;29;30;30;0;0;0;5.9;1;14.0;1;4;30;9.2;1;30;;;0;;4.3;1;11;15.0;1;8;;;;0;;;;0;;;0;;;;54.7;1;;;;;;;;;0;;;;;;;;;;;;;;;;;;0;;;0;;;0;;;;;;0;;;0;;;0;;;;;;0;;;;;;;;;;;;;;;2;0
11140001;FERRALS-LES-CORBIERES;43.147167;2.732500;65;200112;3.5;1;31;;3.3;1;30;1;0;0;0;0;0;;;0;;;;9.3;1;31;;16.5;1;6;1.0;1;14;0;0;0;0;31;31;0;2.3;1;31;;-6.0;1;22;13.5;1;6;2;0;28;31;31;0;0;14;7.0;1;12.5;1;25;31;5.8;1;31;;;0;;-0.5;1;15;15.0;1;6;;;;0;;;;0;;;0;;;;40.8;1;;;;;;;;;0;;;;;;;;;;;;;;;;;;0;;;0;;;0;;;;;;0;;;0;;;0;;;;;;0;1;;;;;;;;;;;;;;0;1
11140001;FERRALS-LES-CORBIERES;43.147167;2.732500;65;200201;14.1;1;31;;7.7;1;3;5;1;0;0;0;0;;;0;;;;12.4;1;31;;19.0;1;28;8.0;1;5;0;0;0;0;31;31;0;3.5;1;31;;-4.0;1;1;9.5;1;14;0;0;31;31;31;0;0;6;8.9;1;16.0;1;27;31;7.9;1;31;;;0;;2.5;1;1;12.0;1;31;;;;0;;;;0;;;0;;;;41.1;1;;;;;;;;;0;;;;;;;;;;;;;;;;;;0;;;0;;;0;;;;;;0;;;0;;;0;;;;;;0;;;;;;;;;;;;;;;0;0
11140001;FERRALS-LES-CORBIERES;43.147167;2.732500;65;200202;25.6;1;28;;5.2;1;5;9;1;0;0;0;0;;;0;;;;13.7;1;28;;20.5;1;12;5.0;1;15;0;0;0;0;26;28;0;6.4;1;28;;2.5;1;17;11.5;1;10;0;0;26;28;28;0;0;0;7.3;1;16.0;1;26;28;10.0;1;28;;;0;;4.5;1;15;13.8;1;10;;;;0;;;;0;;;0;;;;57.8;1;;;;;;;;;0;;;;;;;;;;;;;;;;;;0;;;0;;;0;;;;;;0;;;0;;;0;;;;;;0;;;;;;;;;;;;;;;0;0
11140001;FERRALS-LES-CORBIERES;43.147167;2.732500;65;200203;35.4;1;31;;27.2;1;5;5;1;1;0;0;0;;;0;;;;16.6;1;31;;26.5;1;21;9.0;1;6;0;1;0;0;26;31;0;7.5;1;31;;0.0;1;4;15.5;1;20;0;0;25;30;31;0;0;1;9.1;1;16.5;1;31;31;12.1;1;31;;;0;;7.0;1;4;18.3;1;21;;;;0;;;;0;;;0;;;;91.5;1;;;;;;;;;0;;;;;;;;;;;;;;;;;;0;;;0;;;0;;;;;;0;;;0;;;0;;;;;;0;;;;;;;;;;;;;;;0;1
11140001;FERRALS-LES-CORBIERES;43.147167;2.732500;65;200204;83.4;1;30;;36.5;1;3;7;3;3;1;0;0;;;0;;;;18.3;1;30;;29.0;1;25;12.0;1;4;0;3;0;0;20;29;0;9.8;1;30;;4.5;1;17;17.0;1;25;0;0;20;29;30;0;0;0;8.5;1;16.5;1;17;30;14.1;1;30;;;0;;9.5;1;4;23.0;1;25;;;;0;;;;0;;;0;;;;118.8;1;;;;;;;;;0;;;;;;;;;;;;;;;;;;0;;;0;;;0;;;;;;0;;;0;;;0;;;;;;0;;;;;;;;;;;;;;;0;0
11140001;FERRALS-LES-CORBIERES;43.147167;2.732500;65;200205;68.3;1;31;;25.0;1;8;8;4;3;0;0;0;;;0;;;;20.9;1;31;;29.5;1;31;14.5;1;10;0;5;0;0;14;28;0;11.2;1;31;;5.5;1;6;14.5;1;29;0;0;9;31;31;0;0;0;9.7;1;16.5;1;31;31;16.0;1;31;;;0;;12.0;1;6;21.3;1;31;;;;0;;;;0;;;0;;;;135.5;1;;;;;;;;;0;;;;;;;;;;;;;;;;;;0;;;0;;;0;;;;;;0;;;0;;;0;;;;;;0;;;;;;;;;;;;;;;0;0
11140001;FERRALS-LES-CORBIERES;43.147167;2.732500;65;200206;34.5;1;30;;12.4;1;5;6;3;1;0;0;0;;;0;;;;27.0;1;30;;36.5;1;22;13.5;1;8;0;21;10;2;4;13;6;15.8;1;30;;10.0;1;6;22.0;1;23;0;0;1;11;27;3;0;0;11.2;1;18.0;1;2;30;21.4;1;30;;;0;;12.3;1;8;29.0;1;22;;;;0;;;;0;;;0;;;;176.7;1;;;;;;;;;0;;;;;;;;;;;;;;;;;;0;;;0;;;0;;;;;;0;;;0;;;0;;;;;;0;;;;;;;;;;;;;;;2;0
11140001;FERRALS-LES-CORBIERES;43.147167;2.732500;65;200207;29.2;1;31;;9.0;1;15;5;3;0;0;0;0;;;0;;;;27.8;1;31;;35.5;1;29;19.0;1;15;0;23;9;3;1;15;7;16.8;1;31;;12.5;1;3;22.0;1;22;0;0;0;8;28;3;0;0;11.0;1;17.5;1;28;31;22.3;1;31;;;0;;17.3;1;15;28.5;1;22;;;;0;;;;0;;;0;;;;190.5;1;;;;;;;;;0;;;;;;;;;;;;;;;;;;0;;;0;;;0;;;;;;0;;;0;;;0;;;;;;0;;;;;;;;;;;;;;;4;0
11140001;FERRALS-LES-CORBIERES;43.147167;2.732500;65;200208;97.8;1;31;;58.2;1;24;8;2;2;1;1;0;;;0;;;;27.0;1;31;;35.5;1;16;21.0;1;25;0;20;7;1;0;15;4;17.3;1;31;;13.5;1;2;20.5;1;16;0;0;0;5;29;4;0;0;9.8;1;17.0;1;15;31;22.2;1;31;;;0;;18.0;1;11;28.0;1;16;;;;0;;;;0;;;0;;;;159.9;1;;;;;;;;;0;;;;;;;;;;;;;;;;;;0;;;0;;;0;;;;;;0;;;0;;;0;;;;;;0;;;;;;;;;;;;;;;4;0
11140001;FERRALS-LES-CORBIERES;43.147167;2.732500;65;200209;10.2;1;30;;4.8;1;21;4;0;0;0;0;0;;;0;;;;23.7;1;30;;28.5;1;15;17.0;1;24;0;12;0;0;3;28;0;14.2;1;30;;6.5;1;29;20.5;1;18;0;0;3;17;28;2;0;0;9.5;1;15.5;1;28;30;18.9;1;30;;;0;;13.5;1;29;24.0;1;19;;;;0;;;;0;;;0;;;;114.7;1;;;;;;;;;0;;;;;;;;;;;;;;;;;;0;;;0;;;0;;;;;;0;;;0;;;0;;;;;;0;;;;;;;;;;;;;;;5;0
11140001;FERRALS-LES-CORBIERES;43.147167;2.732500;65;200210;84.3;1;31;;56.5;1;9;5;2;2;1;1;0;;;0;;;;20.0;1;31;;24.0;1;3;15.5;1;17;0;0;0;0;15;31;0;11.8;1;31;;5.0;1;29;15.5;1;1;0;0;11;27;31;0;0;0;8.2;1;14.5;1;13;31;15.9;1;31;;;0;;11.3;1;29;19.5;1;4;;;;0;;;;0;;;0;;;;73.2;1;;;;;;;;;0;;;;;;;;;;;;;;;;;;0;;;0;;;0;;;;;;0;;;0;;;0;;;;;;0;;;;;;;;;;;;;;;2;0
11140001;FERRALS-LES-CORBIERES;43.147167;2.732500;65;200211;54.9;1;30;;21.7;1;24;8;4;1;0;0;0;;;0;;;;15.3;1;30;;22.0;1;2;11.5;1;29;0;0;0;0;29;30;0;8.4;1;30;;-1.0;1;27;14.5;1;3;0;0;24;30;30;0;0;1;6.9;1;14.5;1;27;30;11.8;1;30;;;0;;6.3;1;27;17.3;1;3;;;;0;;;;0;;;0;;;;44.6;1;;;;;;;;;0;;;;;;;;;;;;;;;;;;0;;;0;;;0;;;;;;0;;;0;;;0;;;;;;0;;;;;;;;;;;;;;;0;0
11140001;FERRALS-LES-CORBIERES;43.147167;2.732500;65;200212;55.2;1;31;;33.0;1;10;5;2;2;1;0;0;;;0;;;;11.9;1;31;;16.5;1;25;7.0;1;7;0;0;0;0;31;31;0;6.7;1;31;;1.5;1;9;10.0;1;23;0;0;31;31;31;0;0;0;5.2;1;11.0;1;25;31;9.3;1;31;;;0;;5.8;1;8;12.0;1;29;;;;0;;;;0;;;0;;;;29.9;1;;;;;;;;;0;;;;;;;;;;;;;;;;;;0;;;0;;;0;;;;;;0;;;0;;;0;;;;;;0;;;;;;;;;;;;;;;0;0
11140001;FERRALS-LES-CORBIERES;43.147167;2.732500;65;200301;23.3;1;31;;9.8;1;6;8;1;0;0;0;0;;;0;;;;8.8;1;31;;17.5;1;3;1.0;1;8;0;0;0;0;31;31;0;2.3;1;31;;-3.0;1;13;10.5;1;28;0;0;30;31;31;0;0;12;6.5;1;12.0;1;2;31;5.6;1;31;;;0;;-0.3;1;12;12.5;1;3;;;;0;;;;0;;;0;;;;41.3;1;;;;;;;;;0;;;;;;;;;;;;;;;;;;0;;;0;;;0;;;;;;0;;;0;;;0;0;9;0;9;;6;2;0;0;0;0;;;;;;;;;0;0;0
11140001;FERRALS-LES-CORBIERES;43.147167;2.732500;65;200302;147.1;1;28;;40.0;1;20;10;7;5;1;0;0;;;0;;;;9.6;1;28;;14.5;1;3;4.0;1;16;0;0;0;0;28;28;0;3.3;1;28;;-3.5;1;7;10.0;1;25;0;0;28;28;28;0;0;7;6.3;1;16.0;1;8;28;6.4;1;28;;;0;;1.3;1;17;11.5;1;3;;;;0;;;;0;;;0;;;;42.3;1;;;;;;;;;0;;;;;;;;;;;;;;;;;;0;;;0;;;0;;;;;;0;;;0;;;0;0;9;0;9;;2;;0;0;0;0;;;;;;;;;0;0;0
11140001;FERRALS-LES-CORBIERES;43.147167;2.732500;65;200303;23.1;1;31;;6.7;1;29;6;2;0;0;0;0;;;0;;;;15.7;1;31;;21.5;1;10;12.0;1;5;0;0;0;0;29;31;0;7.0;1;31;;1.5;1;16;11.5;1;30;0;0;28;31;31;0;0;0;8.7;1;18.0;1;10;31;11.4;1;31;;;0;;7.3;1;16;15.3;1;31;;;;0;;;;0;;;0;;;;75.2;1;;;;;;;;;0;;;;;;;;;;;;;;;;;;0;;;0;;;0;;;;;;0;;;0;;;0;;;;;;0;;;;;;;;;;;;;;;0;0
11140001;FERRALS-LES-CORBIERES;43.147167;2.732500;65;200304;19.9;1;30;;4.6;1;20;6;0;0;0;0;0;;;0;;;;18.1;1;30;;26.0;1;18;11.0;1;3;0;3;0;0;21;30;0;8.8;1;30;;3.0;1;11;15.0;1;29;0;0;20;30;30;0;0;0;9.3;1;18.5;1;24;30;13.5;1;30;;;0;;8.0;1;4;20.0;1;18;;;;0;;;;0;;;0;;;;106.1;1;;;;;;;;;0;;;;;;;;;;;;;;;;;;0;;;0;;;0;;;;;;0;;;0;;;0;;;;;;0;;;;;;;;;;;;;;;0;0
11140001;FERRALS-LES-CORBIERES;43.147167;2.732500;65;200305;46.2;1;31;;19.5;1;16;7;2;1;0;0;0;;;0;;;;22.6;1;31;;32.0;1;31;15.5;1;6;0;10;3;0;11;25;1;12.1;1;31;;6.0;1;15;15.0;1;30;0;0;5;31;31;0;0;0;10.6;1;17.5;1;31;31;17.4;1;31;;;0;;12.3;1;1;23.3;1;31;;;;0;;;;0;;;0;;;;146.5;1;;;;;;;;;0;;;;;;;;;;;;;;;;;;0;;;0;;;0;;;;;;0;;;0;;;0;;;;;;0;;;;;;;;;;;;;;;1;0
11140001;FERRALS-LES-CORBIERES;43.147167;2.732500;65;200306;13.7;1;30;;13.7;1;5;1;1;1;0;0;0;;;0;;;;30.4;1;30;;41.0;1;21;22.5;1;5;0;29;13;4;0;4;8;19.0;1;30;;15.5;1;2;23.0;1;15;0;0;0;0;21;11;0;0;11.4;1;21.0;1;21;30;24.7;1;30;;;0;;20.0;1;5;30.5;1;21;;;;0;;;;0;;;0;;;;188.7;1;;;;;;;;;0;;;;;;;;;;;;;;;;;;0;;;0;;;0;;;;;;0;;;0;;;0;;;;;;0;;;;;;;;;;;;;;;0;0
11140001;FERRALS-LES-CORBIERES;43.147167;2.732500;65;200307;1.8;1;31;;1.8;1;23;1;0;0;0;0;0;;;0;;;;31.7;1;31;;37.5;1;12;26.0;1;2;0;31;20;7;0;3;17;20.0;1;31;;15.5;1;6;23.5;1;27;0;0;0;0;16;16;0;0;11.8;1;19.5;1;18;31;25.8;1;31;;;0;;21.3;1;4;29.5;1;11;;;;0;;;;0;;;0;;;;229.9;1;;;;;;;;;0;;;;;;;;;;;;;;;;;;0;;;0;;;0;;;;;;0;;;0;;;0;;;;;;0;;;;;;;;;;;;;;;1;0
11140001;FERRALS-LES-CORBIERES;43.147167;2.732500;65;200308;19.7;1;31;;13.1;1;24;2;2;1;0;0;0;;;0;;;;34.6;1;31;;42.0;1;13;25.5;1;31;0;31;28;15;0;2;23;20.6;1;31;;17.0;1;19;26.0;1;14;0;0;0;0;17;17;2;0;14.0;1;21.0;1;6;31;27.6;1;31;;;0;;21.8;1;31;33.3;1;12;;;;0;;;;0;;;0;;;;203.2;1;;;;;;;;;0;;;;;;;;;;;;;;;;;;0;;;0;;;0;;;;;;0;;;0;;;0;;;;;;0;;;;;;;;;;;;;;;4;0
11140001;FERRALS-LES-CORBIERES;43.147167;2.732500;65;200309;75.3;1;30;;47.0;1;22;6;3;2;1;0;0;;;0;;;;24.6;1;30;;30.0;1;16;19.5;1;5;0;14;1;0;3;24;0;15.0;1;30;;7.5;1;25;20.5;1;22;0;0;2;14;29;2;0;0;9.6;1;19.5;1;16;30;19.8;1;30;;;0;;15.5;1;25;24.0;1;13;;;;0;;;;0;;;0;;;;115.1;1;;;;;;;;;0;;;;;;;;;;;;;;;;;;0;;;0;;;0;;;;;;0;;;0;;;0;;;;;;0;;;;;;;;;;;;;;;2;0
11140001;FERRALS-LES-CORBIERES;43.147167;2.732500;65;200310;99.3;1;31;;44.1;1;17;11;5;2;1;0;0;;;0;;;;17.4;1;31;;27.0;1;3;7.5;1;26;0;2;0;0;21;31;0;10.6;1;31;;0.0;1;26;20.0;1;1;0;0;15;24;31;2;0;1;6.7;1;13.5;1;11;31;14.0;1;31;;;0;;3.8;1;26;22.8;1;1;;;;0;;;;0;;;0;;;;69.1;1;;;;;;;;;0;;;;;;;;;;;;;;;;;;0;;;0;;;0;;;;;;0;;;0;;;0;;;;;;0;;;;;;;;;;;;;;;1;0
11140001;FERRALS-LES-CORBIERES;43.147167;2.732500;65;200311;79.9;1;30;;45.0;1;15;11;2;2;1;0;0;;;0;;;;15.2;1;30;;20.0;1;4;9.5;1;27;0;0;0;0;30;30;0;8.0;1;30;;1.0;1;7;15.0;1;23;0;0;22;30;30;0;0;0;7.2;1;14.5;1;4;30;11.6;1;30;;;0;;7.5;1;7;16.5;1;23;;;;0;;;;0;;;0;;;;35.2;1;;;;;;;;;0;;;;;;;;;;;;;;;;;;0;;;0;;;0;;;;;;0;;;0;;;0;;;;;;0;;;;;;;;;;;;;;;0;1
11140001;FERRALS-LES-CORBIERES;43.147167;2.732500;65;200312;226.4;1;31;;121.9;1;3;11;6;5;2;1;1;;;0;;;;11.0;1;31;;17.0;1;13;6.0;1;31;0;0;0;0;31;31;0;5.5;1;31;;-0.5;1;17;12.0;1;13;0;0;29;31;31;0;0;1;5.4;1;11.5;1;17;31;8.3;1;31;;;0;;4.3;1;23;14.5;1;13;;;;0;;;;0;;;0;;;;33.3;1;;;;;;;;;0;;;;;;;;;;;;;;;;;;0;;;0;;;0;;;;;;0;;;0;;;0;;;;;;0;1;;;;;;;;;;;;;;2;0
11140001;FERRALS-LES-CORBIERES;43.147167;2.732500;65;200401;71.9;1;31;;16.3;1;9;15;4;2;0;0;0;;;0;;;;;;0;;;;;;;;;;;;;;;;;0;;;;;;;;;;;;;;;;;;;;;0;;;0;;;0;;;;;;;;;;;0;;;;0;;;0;;;0;;;;;;;;;;;0;;;;;;;;;;;;;;;;;;0;;;0;;;0;;;;;;0;;;0;;;0;;;;;;0;;;;;;;;;;;;;;0;0;0
11140001;FERRALS-LES-CORBIERES;43.147167;2.732500;65;200402;92.8;1;29;;80.0;1;20;5;2;1;1;1;0;;;0;;;;;;0;;;;;;;;;;;;;;;;;0;;;;;;;;;;;;;;;;;;;;;0;;;0;;;0;;;;;;;;;;;0;;;;0;;;0;;;0;;;;;;;;;;;0;;;;;;;;;;;;;;;;;;0;;;0;;;0;;;;;;0;;;0;;;0;;;;;;0;;;;;;;;;;;;;;0;0;1
11140001;FERRALS-LES-CORBIERES;43.147167;2.732500;65;200403;72.1;1;31;;18.0;1;29;8;5;4;0;0;0;;;0;;;;;;0;;;;;;;;;;;;;;;;;0;;;;;;;;;;;;;;;;;;;;;0;;;0;;;0;;;;;;;;;;;0;;;;0;;;0;;;0;;;;;;;;;;;0;;;;;;;;;;;;;;;;;;0;;;0;;;0;;;;;;0;;;0;;;0;;;;;;0;;;;;;;;;;;;;;0;0;0
11140001;FERRALS-LES-CORBIERES;43.147167;2.732500;65;200404;110.3;1;30;;50.0;1;16;9;5;4;1;1;0;;;0;;;;;;0;;;;;;;;;;;;;;;;;0;;;;;;;;;;;;;;;;;;;;;0;;;0;;;0;;;;;;;;;;;0;;;;0;;;0;;;0;;;;;;;;;;;0;;;;;;;;;;;;;;;;;;0;;;0;;;0;;;;;;0;;;0;;;0;;;;;;0;;;;;;;;;;;;;;0;2;0
11140001;FERRALS-LES-CORBIERES;43.147167;2.732500;65;200405;48.3;1;31;;24.2;1;3;6;2;2;0;0;0;;;0;;;;;;0;;;;;;;;;;;;;;;;;0;;;;;;;;;;;;;;;;;;;;;0;;;0;;;0;;;;;;;;;;;0;;;;0;;;0;;;0;;;;;;;;;;;0;;;;;;;;;;;;;;;;;;0;;;0;;;0;;;;;;0;;;0;;;0;;;;;;0;;;;;;;;;;;;;;0;2;0
11140001;FERRALS-LES-CORBIERES;43.147167;2.732500;65;200406;13.0;1;30;;12.1;1;11;1;1;1;0;0;0;;;0;;;;;;0;;;;;;;;;;;;;;;;;0;;;;;;;;;;;;;;;;;;;;;0;;;0;;;0;;;;;;;;;;;0;;;;0;;;0;;;0;;;;;;;;;;;0;;;;;;;;;;;;;;;;;;0;;;0;;;0;;;;;;0;;;0;;;0;;;;;;0;;;;;;;;;;;;;;0;1;0
11140001;FERRALS-LES-CORBIERES;43.147167;2.732500;65;200407;3.9;1;31;;2.8;1;6;1;0;0;0;0;0;;;0;;;;;;0;;;;;;;;;;;;;;;;;0;;;;;;;;;;;;;;;;;;;;;0;;;0;;;0;;;;;;;;;;;0;;;;0;;;0;;;0;;;;;;;;;;;0;;;;;;;;;;;;;;;;;;0;;;0;;;0;;;;;;0;;;0;;;0;;;;;;0;;;;;;;;;;;;;;0;0;0
11140001;FERRALS-LES-CORBIERES;43.147167;2.732500;65;200408;47.7;1;31;;15.0;1;3;6;5;1;0;0;0;;;0;;;;;;0;;;;;;;;;;;;;;;;;0;;;;;;;;;;;;;;;;;;;;;0;;;0;;;0;;;;;;;;;;;0;;;;0;;;0;;;0;;;;;;;;;;;0;;;;;;;;;;;;;;;;;;0;;;0;;;0;;;;;;0;;;0;;;0;;;;;;0;;;;;;;;;;;;;;0;6;0
11140001;FERRALS-LES-CORBIERES;43.147167;2.732500;65;200409;43.7;1;30;;38.5;1;14;3;1;1;1;0;0;;;0;;;;;;0;;;;;;;;;;;;;;;;;0;;;;;;;;;;;;;;;;;;;;;0;;;0;;;0;;;;;;;;;;;0;;;;0;;;0;;;0;;;;;;;;;;;0;;;;;;;;;;;;;;;;;;0;;;0;;;0;;;;;;0;;;0;;;0;;;;;;0;;;;;;;;;;;;;;0;2;0
11140001;FERRALS-LES-CORBIERES;43.147167;2.732500;65;200410;63.8;1;31;;29.0;1;30;8;3;2;0;0;0;;;0;;;;;;0;;;;;;;;;;;;;;;;;0;;;;;;;;;;;;;;;;;;;;;0;;;0;;;0;;;;;;;;;;;0;;;;0;;;0;;;0;;;;;;;;;;;0;;;;;;;;;;;;;;;;;;0;;;0;;;0;;;;;;0;;;0;;;0;;;;;;0;;;;;;;;;;;;;;;3;2
11140001;FERRALS-LES-CORBIERES;43.147167;2.732500;65;200411;10.9;1;30;;7.7;1;9;2;1;0;0;0;0;;;0;;;;;;0;;;;;;;;;;;;;;;;;0;;;;;;;;;;;;;;;;;;;;;0;;;0;;;0;;;;;;;;;;;0;;;;0;;;0;;;0;;;;;;;;;;;0;;;;;;;;;;;;;;;;;;0;;;0;;;0;;;;;;0;;;0;;;0;;;;;;0;;;;;;;;;;;;;;;;2
11140001;FERRALS-LES-CORBIERES;43.147167;2.732500;65;200412;75.8;1;31;;33.0;1;7;9;3;3;1;0;0;;;0;;;;;;0;;;;;;;;;;;;;;;;;0;;;;;;;;;;;;;;;;;;;;;0;;;0;;;0;;;;;;;;;;;0;;;;0;;;0;;;0;;;;;;;;;;;0;;;;;;;;;;;;;;;;;;0;;;0;;;0;;;;;;0;;;0;;;0;;;;;;0;;;;;;;;;;;;;;;;2
11140001;FERRALS-LES-CORBIERES;43.147167;2.732500;65;200501;5.0;1;31;;2.2;1;18;2;0;0;0;0;0;;;0;;;;;;0;;;;;;;;;;;;;;;;;0;;;;;;;;;;;;;;;;;;;;;0;;;0;;;0;;;;;;;;;;;0;;;;0;;;0;;;0;;;;;;;;;;;0;;;;;;;;;;;;;;;;;;0;;;0;;;0;;;;;;0;;;0;;;0;;;;;;0;2;;;;;;;;;;;;;;;
11140001;FERRALS-LES-CORBIERES;43.147167;2.732500;65;200502;147.5;1;28;;60.0;1;7;6;3;3;3;1;0;;;0;;;;;;0;;;;;;;;;;;;;;;;;0;;;;;;;;;;;;;;;;;;;;;0;;;0;;;0;;;;;;;;;;;0;;;;0;;;0;;;0;;;;;;;;;;;0;;;;;;;;;;;;;;;;;;0;;;0;;;0;;;;;;0;;;0;;;0;;;;;;0;2;;;;;;;;;;;;;;;
11140001;FERRALS-LES-CORBIERES;43.147167;2.732500;65;200503;29.3;1;31;;8.0;1;21;7;2;0;0;0;0;;;0;;;;;;0;;;;;;;;;;;;;;;;;0;;;;;;;;;;;;;;;;;;;;;0;;;0;;;0;;;;;;;;;;;0;;;;0;;;0;;;0;;;;;;;;;;;0;;;;;;;;;;;;;;;;;;0;;;0;;;0;;;;;;0;;;0;;;0;;;;;;0;1;;;;;;;;;;;;;;;1
11140001;FERRALS-LES-CORBIERES;43.147167;2.732500;65;200504;22.4;1;30;;6.5;1;24;7;1;0;0;0;0;;;0;;;;;;0;;;;;;;;;;;;;;;;;0;;;;;;;;;;;;;;;;;;;;;0;;;0;;;0;;;;;;;;;;;0;;;;0;;;0;;;0;;;;;;;;;;;0;;;;;;;;;;;;;;;;;;0;;;0;;;0;;;;;;0;;;0;;;0;;;;;;0;;;;;;;;;;;;;;;;1
11140001;FERRALS-LES-CORBIERES;43.147167;2.732500;65;200505;39.9;1;31;;17.0;1;17;5;3;2;0;0;0;;;0;;;;;;0;;;;;;;;;;;;;;;;;0;;;;;;;;;;;;;;;;;;;;;0;;;0;;;0;;;;;;;;;;;0;;;;0;;;0;;;0;;;;;;;;;;;0;;;;;;;;;;;;;;;;;;0;;;0;;;0;;;;;;0;;;0;;;0;;;;;;0;;;;;;;;;;;;;;;1;
11140001;FERRALS-LES-CORBIERES;43.147167;2.732500;65;200506;12.8;1;30;;10.5;1;13;2;1;1;0;0;0;;;0;;;;;;0;;;;;;;;;;;;;;;;;0;;;;;;;;;;;;;;;;;;;;;0;;;0;;;0;;;;;;;;;;;0;;;;0;;;0;;;0;;;;;;;;;;;0;;;;;;;;;;;;;;;;;;0;;;0;;;0;;;;;;0;;;0;;;0;;;;;;0;;;;;;;;;;;;;;;1;
11140001;FERRALS-LES-CORBIERES;43.147167;2.732500;65;200507;3.8;1;31;;2.5;1;4;2;0;0;0;0;0;;;0;;;;;;0;;;;;;;;;;;;;;;;;0;;;;;;;;;;;;;;;;;;;;;0;;;0;;;0;;;;;;;;;;;0;;;;0;;;0;;;0;;;;;;;;;;;0;;;;;;;;;;;;;;;;;;0;;;0;;;0;;;;;;0;;;0;;;0;;;;;;0;;;;;;;;;;;;;;;2;
11140001;FERRALS-LES-CORBIERES;43.147167;2.732500;65;200508;39.8;1;31;;29.6;1;10;5;1;1;0;0;0;;;0;;;;;;0;;;;;;;;;;;;;;;;;0;;;;;;;;;;;;;;;;;;;;;0;;;0;;;0;;;;;;;;;;;0;;;;0;;;0;;;0;;;;;;;;;;;0;;;;;;;;;;;;;;;;;;0;;;0;;;0;;;;;;0;;;0;;;0;;;;;;0;;;;;;;;;;;;;;;2;
11140001;FERRALS-LES-CORBIERES;43.147167;2.732500;65;200509;98.0;1;30;;42.1;1;5;7;3;3;1;0;0;;;0;;;;;;0;;;;;;;;;;;;;;;;;0;;;;;;;;;;;;;;;;;;;;;0;;;0;;;0;;;;;;;;;;;0;;;;0;;;0;;;0;;;;;;;;;;;0;;;;;;;;;;;;;;;;;;0;;;0;;;0;;;;;;0;;;0;;;0;;;;;;0;;;;;;;;;;;;;;;2;1
11140001;FERRALS-LES-CORBIERES;43.147167;2.732500;65;200510;172.3;1;31;;74.0;1;13;9;5;3;2;1;0;;;0;;;;;;0;;;;;;;;;;;;;;;;;0;;;;;;;;;;;;;;;;;;;;;0;;;0;;;0;;;;;;;;;;;0;;;;0;;;0;;;0;;;;;;;;;;;0;;;;;;;;;;;;;;;;;;0;;;0;;;0;;;;;;0;;;0;;;0;;;;;;0;;;;;;;;;;;;;;;;
11140001;FERRALS-LES-CORBIERES;43.147167;2.732500;65;200511;218.0;1;30;;116.0;1;14;7;4;3;2;2;1;;;0;;;;;;0;;;;;;;;;;;;;;;;;0;;;;;;;;;;;;;;;;;;;;;0;;;0;;;0;;;;;;;;;;;0;;;;0;;;0;;;0;;;;;;;;;;;0;;;;;;;;;;;;;;;;;;0;;;0;;;0;;;;;;0;;;0;;;0;;;;;;0;;;;;;;;;;;;;;;3;
11140001;FERRALS-LES-CORBIERES;43.147167;2.732500;65;200512;24.7;1;31;;12.2;1;8;5;1;1;0;0;0;;;0;;;;;;0;;;;;;;;;;;;;;;;;0;;;;;;;;;;;;;;;;;;;;;0;;;0;;;0;;;;;;;;;;;0;;;;0;;;0;;;0;;;;;;;;;;;0;;;;;;;;;;;;;;;;;;0;;;0;;;0;;;;;;0;;;0;;;0;;;;;;0;;;;;;;;;;;;;;;;
11140001;FERRALS-LES-CORBIERES;43.147167;2.732500;65;200601;233.0;1;31;;176.0;1;29;11;5;3;1;1;1;;;0;;;;;;0;;;;;;;;;;;;;;;;;0;;;;;;;;;;;;;;;;;;;;;0;;;0;;;0;;;;;;;;;;;0;;;;0;;;0;;;0;;;;;;;;;;;0;;;;;;;;;;;;;;;;;;0;;;0;;;0;;;;;;0;;;0;;;0;7;9;7;9;27;1;1;1;1;0;1;;;;;;;;;;;1
11140001;FERRALS-LES-CORBIERES;43.147167;2.732500;65;200602;6.7;1;28;;2.1;1;15;4;0;0;0;0;0;;;0;;;;;;0;;;;;;;;;;;;;;;;;0;;;;;;;;;;;;;;;;;;;;;0;;;0;;;0;;;;;;;;;;;0;;;;0;;;0;;;0;;;;;;;;;;;0;;;;;;;;;;;;;;;;;;0;;;0;;;0;;;;;;0;;;0;;;0;;;;;;0;;;;;;;;;;;;;;;;1
11140001;FERRALS-LES-CORBIERES;43.147167;2.732500;65;200603;62.4;1;31;;28.1;1;10;7;3;2;0;0;0;;;0;;;;;;0;;;;;;;;;;;;;;;;;0;;;;;;;;;;;;;;;;;;;;;0;;;0;;;0;;;;;;;;;;;0;;;;0;;;0;;;0;;;;;;;;;;;0;;;;;;;;;;;;;;;;;;0;;;0;;;0;;;;;;0;;;0;;;0;;;;;;0;1;;;;;;;;;;;;;;;1
11140001;FERRALS-LES-CORBIERES;43.147167;2.732500;65;200604;9.0;1;30;;4.4;1;15;2;0;0;0;0;0;;;0;;;;;;0;;;;;;;;;;;;;;;;;0;;;;;;;;;;;;;;;;;;;;;0;;;0;;;0;;;;;;;;;;;0;;;;0;;;0;;;0;;;;;;;;;;;0;;;;;;;;;;;;;;;;;;0;;;0;;;0;;;;;;0;;;0;;;0;;;;;;0;;;;;;;;;;;;;;;1;
11140001;FERRALS-LES-CORBIERES;43.147167;2.732500;65;200605;18.2;1;31;;12.2;1;6;4;1;1;0;0;0;;;0;;;;;;0;;;;;;;;;;;;;;;;;0;;;;;;;;;;;;;;;;;;;;;0;;;0;;;0;;;;;;;;;;;0;;;;0;;;0;;;0;;;;;;;;;;;0;;;;;;;;;;;;;;;;;;0;;;0;;;0;;;;;;0;;;0;;;0;;;;;;0;;;;;;;;;;;;;;;2;
11140001;FERRALS-LES-CORBIERES;43.147167;2.732500;65;200606;6.9;1;30;;4.5;1;16;2;0;0;0;0;0;;;0;;;;;;0;;;;;;;;;;;;;;;;;0;;;;;;;;;;;;;;;;;;;;;0;;;0;;;0;;;;;;;;;;;0;;;;0;;;0;;;0;;;;;;;;;;;0;;;;;;;;;;;;;;;;;;0;;;0;;;0;;;;;;0;;;0;;;0;;;;;;0;;;;;;;;;;;;;;;2;
11140001;FERRALS-LES-CORBIERES;43.147167;2.732500;65;200607;13.9;1;31;;12.0;1;19;2;1;1;0;0;0;;;0;;;;;;0;;;;;;;;;;;;;;;;;0;;;;;;;;;;;;;;;;;;;;;0;;;0;;;0;;;;;;;;;;;0;;;;0;;;0;;;0;;;;;;;;;;;0;;;;;;;;;;;;;;;;;;0;;;0;;;0;;;;;;0;;;0;;;0;;;;;;0;;;;;;;;;;;;;;;5;
11140001;FERRALS-LES-CORBIERES;43.147167;2.732500;65;200608;24.1;1;31;;10.7;1;15;4;2;1;0;0;0;;;0;;;;;;0;;;;;;;;;;;;;;;;;0;;;;;;;;;;;;;;;;;;;;;0;;;0;;;0;;;;;;;;;;;0;;;;0;;;0;;;0;;;;;;;;;;;0;;;;;;;;;;;;;;;;;;0;;;0;;;0;;;;;;0;;;0;;;0;;;;;;0;;;;;;;;;;;;;;;1;
11140001;FERRALS-LES-CORBIERES;43.147167;2.732500;65;200609;101.9;1;30;;40.0;1;13;8;4;4;2;0;0;;;0;;;;;;0;;;;;;;;;;;;;;;;;0;;;;;;;;;;;;;;;;;;;;;0;;;0;;;0;;;;;;;;;;;0;;;;0;;;0;;;0;;;;;;;;;;;0;;;;;;;;;;;;;;;;;;0;;;0;;;0;;;;;;0;;;0;;;0;;;;;;0;;;;;;;;;;;;;;;3;1
11140001;FERRALS-LES-CORBIERES;43.147167;2.732500;65;200610;45.2;1;31;;17.0;1;11;6;3;3;0;0;0;;;0;;;;;;0;;;;;;;;;;;;;;;;;0;;;;;;;;;;;;;;;;;;;;;0;;;0;;;0;;;;;;;;;;;0;;;;0;;;0;;;0;;;;;;;;;;;0;;;;;;;;;;;;;;;;;;0;;;0;;;0;;;;;;0;;;0;;;0;;;;;;0;;;;;;;;;;;;;;;2;
11140001;FERRALS-LES-CORBIERES;43.147167;2.732500;65;200611;15.6;1;30;;14.7;1;21;1;1;1;0;0;0;;;0;;;;;;0;;;;;;;;;;;;;;;;;0;;;;;;;;;;;;;;;;;;;;;0;;;0;;;0;;;;;;;;;;;0;;;;0;;;0;;;0;;;;;;;;;;;0;;;;;;;;;;;;;;;;;;0;;;0;;;0;;;;;;0;;;0;;;0;;;;;;0;;;;;;;;;;;;;;;;
11140001;FERRALS-LES-CORBIERES;43.147167;2.732500;65;200612;22.8;1;31;;22.3;1;15;1;1;1;0;0;0;;;0;;;;;;0;;;;;;;;;;;;;;;;;0;;;;;;;;;;;;;;;;;;;;;0;;;0;;;0;;;;;;;;;;;0;;;;0;;;0;;;0;;;;;;;;;;;0;;;;;;;;;;;;;;;;;;0;;;0;;;0;;;;;;0;;;0;;;0;;;;;;0;;;;;;;;;;;;;;;;1
11140001;FERRALS-LES-CORBIERES;43.147167;2.732500;65;200701;8.6;1;31;;4.4;1;22;4;0;0;0;0;0;;;0;;;;;;0;;;;;;;;;;;;;;;;;0;;;;;;;;;;;;;;;;;;;;;0;;;0;;;0;;;;;;;;;;;0;;;;0;;;0;;;0;;;;;;;;;;;0;;;;;;;;;;;;;;;;;;0;;;0;;;0;;;;;;0;;;0;;;0;1;9;1;9;23;1;1;1;0;0;1;1;9;1;9;24;1;0;0;;;
11140001;FERRALS-LES-CORBIERES;43.147167;2.732500;65;200702;134.2;1;28;;80.0;1;17;8;4;3;1;1;0;;;0;;;;;;0;;;;;;;;;;;;;;;;;0;;;;;;;;;;;;;;;;;;;;;0;;;0;;;0;;;;;;;;;;;0;;;;0;;;0;;;0;;;;;;;;;;;0;;;;;;;;;;;;;;;;;;0;;;0;;;0;;;;;;0;;;0;;;0;;;;;;0;;;;;;;;;;;;;;;;
11140001;FERRALS-LES-CORBIERES;43.147167;2.732500;65;200703;25.0;1;31;;7.0;1;19;7;2;0;0;0;0;;;0;;;;;;0;;;;;;;;;;;;;;;;;0;;;;;;;;;;;;;;;;;;;;;0;;;0;;;0;;;;;;;;;;;0;;;;0;;;0;;;0;;;;;;;;;;;0;;;;;;;;;;;;;;;;;;0;;;0;;;0;;;;;;0;;;0;;;0;;;;;;0;1;;;;;;;;;;;;;;;
11140001;FERRALS-LES-CORBIERES;43.147167;2.732500;65;200704;82.0;1;30;;49.2;1;12;5;2;2;1;0;0;;;0;;;;;;0;;;;;;;;;;;;;;;;;0;;;;;;;;;;;;;;;;;;;;;0;;;0;;;0;;;;;;;;;;;0;;;;0;;;0;;;0;;;;;;;;;;;0;;;;;;;;;;;;;;;;;;0;;;0;;;0;;;;;;0;;;0;;;0;;;;;;0;;;;;;;;;;;;;;;3;1
11140001;FERRALS-LES-CORBIERES;43.147167;2.732500;65;200705;52.3;1;31;;18.3;1;1;8;4;1;0;0;0;;;0;;;;;;0;;;;;;;;;;;;;;;;;0;;;;;;;;;;;;;;;;;;;;;0;;;0;;;0;;;;;;;;;;;0;;;;0;;;0;;;0;;;;;;;;;;;0;;;;;;;;;;;;;;;;;;0;;;0;;;0;;;;;;0;;;0;;;0;;;;;;0;;;;;;;;;;;;;;;1;
11140001;FERRALS-LES-CORBIERES;43.147167;2.732500;65;200706;15.2;1;30;;5.9;1;1;3;2;0;0;0;0;;;0;;;;;;0;;;;;;;;;;;;;;;;;0;;;;;;;;;;;;;;;;;;;;;0;;;0;;;0;;;;;;;;;;;0;;;;0;;;0;;;0;;;;;;;;;;;0;;;;;;;;;;;;;;;;;;0;;;0;;;0;;;;;;0;;;0;;;0;;;;;;0;;;;;;;;;;;;;;;1;
11140001;FERRALS-LES-CORBIERES;43.147167;2.732500;65;200707;10.0;1;31;;5.8;1;1;3;1;0;0;0;0;;;0;;;;;;0;;;;;;;;;;;;;;;;;0;;;;;;;;;;;;;;;;;;;;;0;;;0;;;0;;;;;;;;;;;0;;;;0;;;0;;;0;;;;;;;;;;;0;;;;;;;;;;;;;;;;;;0;;;0;;;0;;;;;;0;;;0;;;0;;;;;;0;;;;;;;;;;;;;;;2;
11140001;FERRALS-LES-CORBIERES;43.147167;2.732500;65;200708;13.5;1;31;;4.3;1;6;5;0;0;0;0;0;;;0;;;;;;0;;;;;;;;;;;;;;;;;0;;;;;;;;;;;;;;;;;;;;;0;;;0;;;0;;;;;;;;;;;0;;;;0;;;0;;;0;;;;;;;;;;;0;;;;;;;;;;;;;;;;;;0;;;0;;;0;;;;;;0;;;0;;;0;;;;;;0;;;;;;;;;;;;;;;2;
11140001;FERRALS-LES-CORBIERES;43.147167;2.732500;65;200709;12.5;1;30;;6.2;1;30;4;1;0;0;0;0;;;0;;;;;;0;;;;;;;;;;;;;;;;;0;;;;;;;;;;;;;;;;;;;;;0;;;0;;;0;;;;;;;;;;;0;;;;0;;;0;;;0;;;;;;;;;;;0;;;;;;;;;;;;;;;;;;0;;;0;;;0;;;;;;0;;;0;;;0;;;;;;0;;;;;;;;;;;;;;;;
11140001;FERRALS-LES-CORBIERES;43.147167;2.732500;65;200710;35.8;1;31;;10.0;1;26;8;2;1;0;0;0;;;0;;;;;;0;;;;;;;;;;;;;;;;;0;;;;;;;;;;;;;;;;;;;;;0;;;0;;;0;;;;;;;;;;;0;;;;0;;;0;;;0;;;;;;;;;;;0;;;;;;;;;0;;;;;;;;;0;;;0;;;0;;;;;;0;;;0;;;0;;;;;;0;;;;;;;;;;;;;;;;
11140001;FERRALS-LES-CORBIERES;43.147167;2.732500;65;200711;1.9;1;30;;1.9;1;22;1;0;0;0;0;0;;;0;;;;;;0;;;;;;;;;;;;;;;;;0;;;;;;;;;;;;;;;;;;;;;0;;;0;;;0;;;;;;;;;;;0;;;;0;;;0;;;0;;;;;;;;;;;0;;;;;;;;;0;;;;;;;;;0;;;0;;;0;;;;;;0;;;0;;;0;;;;;;0;;;;;;;;;;;;;;;;
11140001;FERRALS-LES-CORBIERES;43.147167;2.732500;65;200712;52.3;1;31;;17.7;1;21;7;4;2;0;0;0;;;0;;;;;;0;;;;;;;;;;;;;;;;;0;;;;;;;;;;;;;;;;;;;;;0;;;0;;;0;;;;;;;;;;;0;;;;0;;;0;;;0;;;;;;;;;;;0;;;;;;;;;0;;;;;;;;;0;;;0;;;0;;;;;;0;;;0;;;0;;;;;;0;;;;;;;;;;;;;;;;
11140001;FERRALS-LES-CORBIERES;43.147167;2.732500;65;200801;90.2;1;31;;47.2;1;3;8;4;2;1;0;0;;;0;;;;;;0;;;;;;;;;;;;;;;;;0;;;;;;;;;;;;;;;;;;;;;0;;;0;;;0;;;;;;;;;;;0;;;;0;;;0;;;0;;;;;;;;;;;0;;;;;;;;;0;;;;;;;;;0;;;0;;;0;;;;;;0;;;0;;;0;;;;;;0;;;;;;;;;;;;;;;;1
11140001;FERRALS-LES-CORBIERES;43.147167;2.732500;65;200802;13.5;1;29;;3.2;1;25;6;0;0;0;0;0;;;0;;;;;;0;;;;;;;;;;;;;;;;;0;;;;;;;;;;;;;;;;;;;;;0;;;0;;;0;;;;;;;;;;;0;;;;0;;;0;;;0;;;;;;;;;;;0;;;;;;;;;0;;;;;;;;;0;;;0;;;0;;;;;;0;;;0;;;0;;;;;;0;;;;;;;;;;;;;;;;
11140001;FERRALS-LES-CORBIERES;43.147167;2.732500;65;200803;30.8;1;31;;6.6;1;30;10;2;0;0;0;0;;;0;;;;;;0;;;;;;;;;;;;;;;;;0;;;;;;;;;;;;;;;;;;;;;0;;;0;;;0;;;;;;;;;;;0;;;;0;;;0;;;0;;;;;;;;;;;0;;;;;;;;;0;;;;;;;;;0;;;0;;;0;;;;;;0;;;0;;;0;;;;;;0;;;;;;;;;;;;;;1;;1
11140001;FERRALS-LES-CORBIERES;43.147167;2.732500;65;200804;15.8;1;30;;7.5;1;13;5;1;0;0;0;0;;;0;;;;;;0;;;;;;;;;;;;;;;;;0;;;;;;;;;;;;;;;;;;;;;0;;;0;;;0;;;;;;;;;;;0;;;;0;;;0;;;0;;;;;;;;;;;0;;;;;;;;;0;;;;;;;;;0;;;0;;;0;;;;;;0;;;0;;;0;;;;;;0;;;;;;;;;;;;;;;1;
11140001;FERRALS-LES-CORBIERES;43.147167;2.732500;65;200805;95.1;1;31;;28.1;1;27;8;7;4;0;0;0;;;0;;;;;;0;;;;;;;;;;;;;;;;;0;;;;;;;;;;;;;;;;;;;;;0;;;0;;;0;;;;;;;;;;;0;;;;0;;;0;;;0;;;;;;;;;;;0;;;;;;;;;0;;;;;;;;;0;;;0;;;0;;;;;;0;;;0;;;0;;;;;;0;;;;;;;;;;;;;;;3;
11140001;FERRALS-LES-CORBIERES;43.147167;2.732500;65;200806;48.4;1;30;;34.2;1;16;4;2;1;1;0;0;;;0;;;;;;0;;;;;;;;;;;;;;;;;0;;;;;;;;;;;;;;;;;;;;;0;;;0;;;0;;;;;;;;;;;0;;;;0;;;0;;;0;;;;;;;;;;;0;;;;;;;;;0;;;;;;;;;0;;;0;;;0;;;;;;0;;;0;;;0;;;;;;0;;;;;;;;;;;;;;;1;
11140001;FERRALS-LES-CORBIERES;43.147167;2.732500;65;200807;15.9;1;31;;6.2;1;12;4;2;0;0;0;0;;;0;;;;;;0;;;;;;;;;;;;;;;;;0;;;;;;;;;;;;;;;;;;;;;0;;;0;;;0;;;;;;;;;;;0;;;;0;;;0;;;0;;;;;;;;;;;0;;;;;;;;;0;;;;;;;;;0;;;0;;;0;;;;;;0;;;0;;;0;;;;;;0;;;;;;;;;;;;;;;3;
11140001;FERRALS-LES-CORBIERES;43.147167;2.732500;65;200808;5.8;1;31;;4.1;1;5;2;0;0;0;0;0;;;0;;;;;;0;;;;;;;;;;;;;;;;;0;;;;;;;;;;;;;;;;;;;;;0;;;0;;;0;;;;;;;;;;;0;;;;0;;;0;;;0;;;;;;;;;;;0;;;;;;;;;0;;;;;;;;;0;;;0;;;0;;;;;;0;;;0;;;0;;;;;;0;;;;;;;;;;;;;;;3;
11140001;FERRALS-LES-CORBIERES;43.147167;2.732500;65;200809;18.7;1;30;;8.7;1;11;5;1;0;0;0;0;;;0;;;;;;0;;;;;;;;;;;;;;;;;0;;;;;;;;;;;;;;;;;;;;;0;;;0;;;0;;;;;;;;;;;0;;;;0;;;0;;;0;;;;;;;;;;;0;;;;;;;;;0;;;;;;;;;0;;;0;;;0;;;;;;0;;;0;;;0;;;;;;0;;;;;;;;;;;;;;;3;
11140001;FERRALS-LES-CORBIERES;43.147167;2.732500;65;200810;12.6;1;31;;3.3;1;27;7;0;0;0;0;0;;;0;;;;;;0;;;;;;;;;;;;;;;;;0;;;;;;;;;;;;;;;;;;;;;0;;;0;;;0;;;;;;;;;;;0;;;;0;;;0;;;0;;;;;;;;;;;0;;;;;;;;;0;;;;;;;;;0;;;0;;;0;;;;;;0;;;0;;;0;;;;;;0;;;;;;;;;;;;;;;;
11140001;FERRALS-LES-CORBIERES;43.147167;2.732500;65;200811;115.9;1;30;;68.0;1;2;8;5;3;1;1;0;;;0;;;;;;0;;;;;;;;;;;;;;;;;0;;;;;;;;;;;;;;;;;;;;;0;;;0;;;0;;;;;;;;;;;0;;;;0;;;0;;;0;;;;;;;;;;;0;;;;;;;;;0;;;;;;;;;0;;;0;;;0;;;;;;0;;;0;;;0;;;;;;0;;;;;;;;;;;;;;;1;
11140001;FERRALS-LES-CORBIERES;43.147167;2.732500;65;200812;83.2;1;31;;27.2;1;26;11;6;3;0;0;0;;;0;;;;;;0;;;;;;;;;;;;;;;;;0;;;;;;;;;;;;;;;;;;;;;0;;;0;;;0;;;;;;;;;;;0;;;;0;;;0;;;0;;;;;;;;;;;0;;;;;;;;;0;;;;;;;;;0;;;0;;;0;;;;;;0;;;0;;;0;;;;;;0;;;;;;;;;;;;;;;;1
11140001;FERRALS-LES-CORBIERES;43.147167;2.732500;65;200901;114.1;1;31;;45.0;1;9;10;5;4;1;0;0;;;0;;;;;;0;;;;;;;;;;;;;;;;;0;;;;;;;;;;;;;;;;;;;;;0;;;0;;;0;;;;;;;;;;;0;;;;0;;;0;;;0;;;;;;;;;;;0;;;;;;;;;0;;;;;;;;;0;;;0;;;0;;;;;;0;;;0;;;0;3;1;3;1;7;1;2;1;0;0;;3;1;3;1;8;1;0;0;;;1
11140001;FERRALS-LES-CORBIERES;43.147167;2.732500;65;200902;57.9;1;28;;29.0;1;28;5;4;2;0;0;0;;;0;;;;;;0;;;;;;;;;;;;;;;;;0;;;;;;;;;;;;;;;;;;;;;0;;;0;;;0;;;;;;;;;;;0;;;;0;;;0;;;0;;;;;;;;;;;0;;;;;;;;;0;;;;;;;;;0;;;0;;;0;;;;;;0;;;0;;;0;;;;;;0;;;;;;;;;;;;;;;;
11140001;FERRALS-LES-CORBIERES;43.147167;2.732500;65;200903;39.2;1;31;;20.0;1;1;5;3;1;0;0;0;;;0;;;;;;0;;;;;;;;;;;;;;;;;0;;;;;;;;;;;;;;;;;;;;;0;;;0;;;0;;;;;;;;;;;0;;;;0;;;0;;;0;;;;;;;;;;;0;;;;;;;;;0;;;;;;;;;0;;;0;;;0;;;;;;0;;;0;;;0;;;;;;0;;;;;;;;;;;;;;;;
11140001;FERRALS-LES-CORBIERES;43.147167;2.732500;65;200904;143.5;1;30;;29.9;1;12;13;8;5;0;0;0;;;0;;;;;;0;;;;;;;;;;;;;;;;;0;;;;;;;;;;;;;;;;;;;;;0;;;0;;;0;;;;;;;;;;;0;;;;0;;;0;;;0;;;;;;;;;;;0;;;;;;;;;0;;;;;;;;;0;;;0;;;0;;;;;;0;;;0;;;0;;;;;;0;;;;;;;;;;;;;;;2;
11140001;FERRALS-LES-CORBIERES;43.147167;2.732500;65;200905;23.3;1;31;;9.7;1;14;5;2;0;0;0;0;;;0;;;;;;0;;;;;;;;;;;;;;;;;0;;;;;;;;;;;;;;;;;;;;;0;;;0;;;0;;;;;;;;;;;0;;;;0;;;0;;;0;;;;;;;;;;;0;;;;;;;;;0;;;;;;;;;0;;;0;;;0;;;;;;0;;;0;;;0;;;;;;0;;;;;;;;;;;;;;;3;
11140001;FERRALS-LES-CORBIERES;43.147167;2.732500;65;200906;17.5;1;30;;9.2;1;5;4;1;0;0;0;0;;;0;;;;;;0;;;;;;;;;;;;;;;;;0;;;;;;;;;;;;;;;;;;;;;0;;;0;;;0;;;;;;;;;;;0;;;;0;;;0;;;0;;;;;;;;;;;0;;;;;;;;;0;;;;;;;;;0;;;0;;;0;;;;;;0;;;0;;;0;;;;;;0;;;;;;;;;;;;;;;2;
11140001;FERRALS-LES-CORBIERES;43.147167;2.732500;65;200907;9.5;1;31;;3.2;1;14;3;0;0;0;0;0;;;0;;;;;;0;;;;;;;;;;;;;;;;;0;;;;;;;;;;;;;;;;;;;;;0;;;0;;;0;;;;;;;;;;;0;;;;0;;;0;;;0;;;;;;;;;;;0;;;;;;;;;0;;;;;;;;;0;;;0;;;0;;;;;;0;;;0;;;0;;;;;;0;;;;;;;;;;;;;;;7;
11140001;FERRALS-LES-CORBIERES;43.147167;2.732500;65;200908;21.4;1;31;;15.3;1;25;4;1;1;0;0;0;;;0;;;;;;0;;;;;;;;;;;;;;;;;0;;;;;;;;;;;;;;;;;;;;;0;;;0;;;0;;;;;;;;;;;0;;;;0;;;0;;;0;;;;;;;;;;;0;;;;;;;;;0;;;;;;;;;0;;;0;;;0;;;;;;0;;;0;;;0;;;;;;0;;;;;;;;;;;;;;;3;
11140001;FERRALS-LES-CORBIERES;43.147167;2.732500;65;200909;7.6;9;30;;4.5;1;17;2;0;0;0;0;0;;;0;;;;;;0;;;;;;;;;;;;;;;;;0;;;;;;;;;;;;;;;;;;;;;0;;;0;;;0;;;;;;;;;;;0;;;;0;;;0;;;0;;;;;;;;;;;0;;;;;;;;;0;;;;;;;;;0;;;0;;;0;;;;;;0;;;0;;;0;;;;;;0;;;;;;;;;;;;;;;;
11140001;FERRALS-LES-CORBIERES;43.147167;2.732500;65;200910;40.9;1;31;;18.0;1;20;5;3;1;0;0;0;;;0;;;;;;0;;;;;;;;;;;;;;;;;0;;;;;;;;;;;;;;;;;;;;;0;;;0;;;0;;;;;;;;;;;0;;;;0;;;0;;;0;;;;;;;;;;;0;;;;;;;;;0;;;;;;;;;0;;;0;;;0;;;;;;0;;;0;;;0;;;;;;0;;;;;;;;;;;;;;;1;1
11140001;FERRALS-LES-CORBIERES;43.147167;2.732500;65;200911;16.3;1;30;;4.3;1;2;6;0;0;0;0;0;;;0;;;;;;0;;;;;;;;;;;;;;;;;0;;;;;;;;;;;;;;;;;;;;;0;;;0;;;0;;;;;;;;;;;0;;;;0;;;0;;;0;;;;;;;;;;;0;;;;;;;;;0;;;;;;;;;0;;;0;;;0;;;;;;0;;;0;;;0;;;;;;0;;;;;;;;;;;;;;;;
11140001;FERRALS-LES-CORBIERES;43.147167;2.732500;65;200912;27.6;1;31;;10.5;1;31;7;2;1;0;0;0;;;0;;;;;;0;;;;;;;;;;;;;;;;;0;;;;;;;;;;;;;;;;;;;;;0;;;0;;;0;;;;;;;;;;;0;;;;0;;;0;;;0;;;;;;;;;;;0;;;;;;;;;0;;;;;;;;;0;;;0;;;0;;;;;;0;;;0;;;0;;;;;;0;2;;;;;;;;;;;;;;;1
11140001;FERRALS-LES-CORBIERES;43.147167;2.732500;65;201001;93.8;1;31;;61.4;1;14;9;3;2;1;1;0;;;0;;;;;;0;;;;;;;;;;;;;;;;;0;;;;;;;;;;;;;;;;;;;;;0;;;0;;;0;;;;;;;;;;;0;;;;0;;;0;;;0;;;;;;;;;;;0;;;;;;;;;0;;;;;;;;;0;;;0;;;0;;;;;;0;;;0;;;0;;;;;;0;1;;;;;4;1;6;1;7;5;0;0;;;
11140001;FERRALS-LES-CORBIERES;43.147167;2.732500;65;201002;71.4;1;28;;21.7;1;18;10;4;4;0;0;0;;;0;;;;;;0;;;;;;;;;;;;;;;;;0;;;;;;;;;;;;;;;;;;;;;0;;;0;;;0;;;;;;;;;;;0;;;;0;;;0;;;0;;;;;;;;;;;0;;;;;;;;;0;;;;;;;;;0;;;0;;;0;;;;;;0;;;0;;;0;1;1;1;1;11;1;2;1;0;0;;0;1;1;1;11;1;0;0;;;
11140001;FERRALS-LES-CORBIERES;43.147167;2.732500;65;201003;54.6;1;31;;15.0;1;8;9;5;2;0;0;0;;;0;;;;;;0;;;;;;;;;;;;;;;;;0;;;;;;;;;;;;;;;;;;;;;0;;;0;;;0;;;;;;;;;;;0;;;;0;;;0;;;0;;;;;;;;;;;0;;;;;;;;;0;;;;;;;;;0;;;0;;;0;;;;;;0;;;0;;;0;20;1;20;1;8;1;1;1;1;1;;15;1;20;1;9;3;2;0;;1;1
11140001;FERRALS-LES-CORBIERES;43.147167;2.732500;65;201004;8.1;1;30;;2.7;1;23;3;0;0;0;0;0;;;0;;;;;;0;;;;;;;;;;;;;;;;;0;;;;;;;;;;;;;;;;;;;;;0;;;0;;;0;;;;;;;;;;;0;;;;0;;;0;;;0;;;;;;;;;;;0;;;;;;;;;0;;;;;;;;;0;;;0;;;0;;;;;;0;;;0;;;0;;;;;;0;;;;;;;;;;;;;;;;1
11140001;FERRALS-LES-CORBIERES;43.147167;2.732500;65;201005;110.5;1;31;;60.6;1;4;6;3;2;2;1;0;;;0;;;;;;0;;;;;;;;;;;;;;;;;0;;;;;;;;;;;;;;;;;;;;;0;;;0;;;0;;;;;;;;;;;0;;;;0;;;0;;;0;;;;;;;;;;;0;;;;;;;;;0;;;;;;;;;0;;;0;;;0;;;;;;0;;;0;;;0;;;;;;0;;;;;;;;;;;;;;;1;
11140001;FERRALS-LES-CORBIERES;43.147167;2.732500;65;201006;19.8;1;30;;11.2;1;14;4;1;1;0;0;0;;;0;;;;;;0;;;;;;;;;;;;;;;;;0;;;;;;;;;;;;;;;;;;;;;0;;;0;;;0;;;;;;;;;;;0;;;;0;;;0;;;0;;;;;;;;;;;0;;;;;;;;;0;;;;;;;;;0;;;0;;;0;;;;;;0;;;0;;;0;;;;;;0;;;;;;;;;;;;;;;3;
11140001;FERRALS-LES-CORBIERES;43.147167;2.732500;65;201007;10.6;1;31;;10.3;1;22;1;1;1;0;0;0;;;0;;;;;;0;;;;;;;;;;;;;;;;;0;;;;;;;;;;;;;;;;;;;;;0;;;0;;;0;;;;;;;;;;;0;;;;0;;;0;;;0;;;;;;;;;;;0;;;;;;;;;0;;;;;;;;;0;;;0;;;0;;;;;;0;;;0;;;0;;;;;;0;;;;;;;;;;;;;;;2;
11140001;FERRALS-LES-CORBIERES;43.147167;2.732500;65;201008;11.0;1;31;;10.0;1;1;2;1;1;0;0;0;;;0;;;;;;0;;;;;;;;;;;;;;;;;0;;;;;;;;;;;;;;;;;;;;;0;;;0;;;0;;;;;;;;;;;0;;;;0;;;0;;;0;;;;;;;;;;;0;;;;;;;;;0;;;;;;;;;0;;;0;;;0;;;;;;0;;;0;;;0;;;;;;0;;;;;;;;;;;;;;;;
11140001;FERRALS-LES-CORBIERES;43.147167;2.732500;65;201009;31.2;1;30;;10.7;1;17;6;2;2;0;0;0;;;0;;;;;;0;;;;;;;;;;;;;;;;;0;;;;;;;;;;;;;;;;;;;;;0;;;0;;;0;;;;;;;;;;;0;;;;0;;;0;;;0;;;;;;;;;;;0;;;;;;;;;0;;;;;;;;;0;;;0;;;0;;;;;;0;;;0;;;0;;;;;;0;;;;;;;;;;;;;;;2;
11140001;FERRALS-LES-CORBIERES;43.147167;2.732500;65;201010;208.1;1;31;;140.7;1;10;5;4;4;2;1;1;;;0;;;;;;0;;;;;;;;;;;;;;;;;0;;;;;;;;;;;;;;;;;;;;;0;;;0;;;0;;;;;;;;;;;0;;;;0;;;0;;;0;;;;;;;;;;;0;;;;;;;;;0;;;;;;;;;0;;;0;;;0;;;;;;0;;;0;;;0;;;;;;0;;;;;;;;;;;;;;;2;
11140001;FERRALS-LES-CORBIERES;43.147167;2.732500;65;201011;17.3;1;30;;3.4;1;8;8;0;0;0;0;0;;;0;;;;;;0;;;;;;;;;;;;;;;;;0;;;;;;;;;;;;;;;;;;;;;0;;;0;;;0;;;;;;;;;;;0;;;;0;;;0;;;0;;;;;;;;;;;0;;;;;;;;;0;;;;;;;;;0;;;0;;;0;;;;;;0;;;0;;;0;;;;;;0;;;;;;;;;;;;;;;1;
11140001;FERRALS-LES-CORBIERES;43.147167;2.732500;65;201012;5.6;1;31;;2.0;1;22;3;0;0;0;0;0;;;0;;;;;;0;;;;;;;;;;;;;;;;;0;;;;;;;;;;;;;;;;;;;;;0;;;0;;;0;;;;;;;;;;;0;;;;0;;;0;;;0;;;;;;;;;;;0;;;;;;;;;0;;;;;;;;;0;;;0;;;0;;;;;;0;;;0;;;0;;;;;;0;;;;;;;;;;;;;;;;1
11140001;FERRALS-LES-CORBIERES;43.147167;2.732500;65;201101;101.0;1;31;;45.0;1;29;8;2;2;2;0;0;;;0;;;;;;0;;;;;;;;;;;;;;;;;0;;;;;;;;;;;;;;;;;;;;;0;;;0;;;0;;;;;;;;;;;0;;;;0;;;0;;;0;;;;;;;;;;;0;;;;;;;;;0;;;;;;;;;0;;;0;;;0;;;;;;0;;;0;;;0;;;;;;0;;;;;;;;;;;;;;;;
11140001;FERRALS-LES-CORBIERES;43.147167;2.732500;65;201102;28.9;1;28;;17.7;1;17;3;2;1;0;0;0;;;0;;;;;;0;;;;;;;;;;;;;;;;;0;;;;;;;;;;;;;;;;;;;;;0;;;0;;;0;;;;;;;;;;;0;;;;0;;;0;;;0;;;;;;;;;;;0;;;;;;;;;0;;;;;;;;;0;;;0;;;0;;;;;;0;;;0;;;0;;;;;;0;;;;;;;;;;;;;;;;
11140001;FERRALS-LES-CORBIERES;43.147167;2.732500;65;201103;151.4;1;31;;65.0;1;12;6;4;4;2;1;0;;;0;;;;;;0;;;;;;;;;;;;;;;;;0;;;;;;;;;;;;;;;;;;;;;0;;;0;;;0;;;;;;;;;;;0;;;;0;;;0;;;0;;;;;;;;;;;0;;;;;;;;;0;;;;;;;;;0;;;0;;;0;;;;;;0;;;0;;;0;;;;;;0;;;;;;;;;;;;;;;;
11140001;FERRALS-LES-CORBIERES;43.147167;2.732500;65;201104;59.7;1;30;;24.0;1;23;4;3;3;0;0;0;;;0;;;;;;0;;;;;;;;;;;;;;;;;0;;;;;;;;;;;;;;;;;;;;;0;;;0;;;0;;;;;;;;;;;0;;;;0;;;0;;;0;;;;;;;;;;;0;;;;;;;;;0;;;;;;;;;0;;;0;;;0;;;;;;0;;;0;;;0;;;;;;0;;;;;;;;;;;;;;1;1;
11140001;FERRALS-LES-CORBIERES;43.147167;2.732500;65;201105;18.3;1;31;;13.9;1;30;3;1;1;0;0;0;;;0;;;;;;0;;;;;;;;;;;;;;;;;0;;;;;;;;;;;;;;;;;;;;;0;;;0;;;0;;;;;;;;;;;0;;;;0;;;0;;;0;;;;;;;;;;;0;;;;;;;;;0;;;;;;;;;0;;;0;;;0;;;;;;0;;;0;;;0;;;;;;0;;;;;;;;;;;;;;;1;
11140001;FERRALS-LES-CORBIERES;43.147167;2.732500;65;201106;21.2;1;30;;5.7;1;2;6;1;0;0;0;0;;;0;;;;;;0;;;;;;;;;;;;;;;;;0;;;;;;;;;;;;;;;;;;;;;0;;;0;;;0;;;;;;;;;;;0;;;;0;;;0;;;0;;;;;;;;;;;0;;;;;;;;;0;;;;;;;;;0;;;0;;;0;;;;;;0;;;0;;;0;;;;;;0;;;;;;;;;;;;;;;1;
11140001;FERRALS-LES-CORBIERES;43.147167;2.732500;65;201107;20.7;1;31;;16.7;1;12;3;1;1;0;0;0;;;0;;;;;;0;;;;;;;;;;;;;;;;;0;;;;;;;;;;;;;;;;;;;;;0;;;0;;;0;;;;;;;;;;;0;;;;0;;;0;;;0;;;;;;;;;;;0;;;;;;;;;0;;;;;;;;;0;;;0;;;0;;;;;;0;;;0;;;0;;;;;;0;;;;;;;;;;;;;;;2;
11140001;FERRALS-LES-CORBIERES;43.147167;2.732500;65;201108;21.3;1;31;;13.0;1;6;3;2;1;0;0;0;;;0;;;;;;0;;;;;;;;;;;;;;;;;0;;;;;;;;;;;;;;;;;;;;;0;;;0;;;0;;;;;;;;;;;0;;;;0;;;0;;;0;;;;;;;;;;;0;;;;;;;;;0;;;;;;;;;0;;;0;;;0;;;;;;0;;;0;;;0;;;;;;0;;;;;;;;;;;;;;;2;1
11140001;FERRALS-LES-CORBIERES;43.147167;2.732500;65;201109;1.0;1;30;;1.0;1;4;1;0;0;0;0;0;;;0;;;;;;0;;;;;;;;;;;;;;;;;0;;;;;;;;;;;;;;;;;;;;;0;;;0;;;0;;;;;;;;;;;0;;;;0;;;0;;;0;;;;;;;;;;;0;;;;;;;;;0;;;;;;;;;0;;;0;;;0;;;;;;0;;;0;;;0;;;;;;0;;;;;;;;;;;;;;;;
11140001;FERRALS-LES-CORBIERES;43.147167;2.732500;65;201110;170.2;1;31;;106.0;1;27;3;2;2;2;2;1;;;0;;;;;;0;;;;;;;;;;;;;;;;;0;;;;;;;;;;;;;;;;;;;;;0;;;0;;;0;;;;;;;;;;;0;;;;0;;;0;;;0;;;;;;;;;;;0;;;;;;;;;0;;;;;;;;;0;;;0;;;0;;;;;;0;;;0;;;0;;;;;;0;;;;;;;;;;;;;;;;
11140001;FERRALS-LES-CORBIERES;43.147167;2.732500;65;201111;138.2;1;30;;30.0;1;21;10;6;4;2;0;0;;;0;;;;;;0;;;;;;;;;;;;;;;;;0;;;;;;;;;;;;;;;;;;;;;0;;;0;;;0;;;;;;;;;;;0;;;;0;;;0;;;0;;;;;;;;;;;0;;;;;;;;;0;;;;;;;;;0;;;0;;;0;;;;;;0;;;0;;;0;;;;;;0;;;;;;;;;;;;;;;2;3
11140001;FERRALS-LES-CORBIERES;43.147167;2.732500;65;201112;8.3;1;31;;4.0;1;16;3;0;0;0;0;0;;;0;;;;;;0;;;;;;;;;;;;;;;;;0;;;;;;;;;;;;;;;;;;;;;0;;;0;;;0;;;;;;;;;;;0;;;;0;;;0;;;0;;;;;;;;;;;0;;;;;;;;;0;;;;;;;;;0;;;0;;;0;;;;;;0;;;0;;;0;;;;;;0;;;;;;;;;;;;;;;;
11140001;FERRALS-LES-CORBIERES;43.147167;2.732500;65;201201;13.5;1;31;;4.4;1;31;3;0;0;0;0;0;;;0;;;;;;0;;;;;;;;;;;;;;;;;0;;;;;;;;;;;;;;;;;;;;;0;;;0;;;0;;;;;;;;;;;0;;;;0;;;0;;;0;;;;;;;;;;;0;;;;;;;;;0;;;;;;;;;0;;;0;;;0;;;;;;0;;;0;;;0;;;;;;0;;;;;;;;;;;;;;;;
11140001;FERRALS-LES-CORBIERES;43.147167;2.732500;65;201202;1.7;1;29;;1.2;1;19;1;0;0;0;0;0;;;0;;;;;;0;;;;;;;;;;;;;;;;;0;;;;;;;;;;;;;;;;;;;;;0;;;0;;;0;;;;;;;;;;;0;;;;0;;;0;;;0;;;;;;;;;;;0;;;;;;;;;0;;;;;;;;;0;;;0;;;0;;;;;;0;;;0;;;0;1;1;1;1;5;1;1;1;0;0;;1;1;1;1;6;1;0;0;;;
11140001;FERRALS-LES-CORBIERES;43.147167;2.732500;65;201203;28.0;1;31;;15.0;1;22;4;2;1;0;0;0;;;0;;;;;;0;;;;;;;;;;;;;;;;;0;;;;;;;;;;;;;;;;;;;;;0;;;0;;;0;;;;;;;;;;;0;;;;0;;;0;;;0;;;;;;;;;;;0;;;;;;;;;0;;;;;;;;;0;;;0;;;0;;;;;;0;;;0;;;0;;;;;;0;;;;;;;;;;;;;;;;
11140001;FERRALS-LES-CORBIERES;43.147167;2.732500;65;201204;60.0;1;30;;11.5;1;12;16;4;1;0;0;0;;;0;;;;;;0;;;;;;;;;;;;;;;;;0;;;;;;;;;;;;;;;;;;;;;0;;;0;;;0;;;;;;;;;;;0;;;;0;;;0;;;0;;;;;;;;;;;0;;;;;;;;;0;;;;;;;;;0;;;0;;;0;;;;;;0;;;0;;;0;;;;;;0;;;;;;;;;;;;;;1;3;
11140001;FERRALS-LES-CORBIERES;43.147167;2.732500;65;201205;24.0;1;31;;12.0;1;19;5;2;1;0;0;0;;;0;;;;;;0;;;;;;;;;;;;;;;;;0;;;;;;;;;;;;;;;;;;;;;0;;;0;;;0;;;;;;;;;;;0;;;;0;;;0;;;0;;;;;;;;;;;0;;;;;;;;;0;;;;;;;;;0;;;0;;;0;;;;;;0;;;0;;;0;;;;;;0;;;;;;;;;;;;;;;1;
11140001;FERRALS-LES-CORBIERES;43.147167;2.732500;65;201206;37.8;1;30;;18.4;1;7;4;3;2;0;0;0;;;0;;;;;;0;;;;;;;;;;;;;;;;;0;;;;;;;;;;;;;;;;;;;;;0;;;0;;;0;;;;;;;;;;;0;;;;0;;;0;;;0;;;;;;;;;;;0;;;;;;;;;0;;;;;;;;;0;;;0;;;0;;;;;;0;;;0;;;0;;;;;;0;;;;;;;;;;;;;;;2;
11140001;FERRALS-LES-CORBIERES;43.147167;2.732500;65;201207;21.8;1;31;;8.6;1;27;4;2;0;0;0;0;;;0;;;;;;0;;;;;;;;;;;;;;;;;0;;;;;;;;;;;;;;;;;;;;;0;;;0;;;0;;;;;;;;;;;0;;;;0;;;0;;;0;;;;;;;;;;;0;;;;;;;;;0;;;;;;;;;0;;;0;;;0;;;;;;0;;;0;;;0;;;;;;0;;;;;;;;;;;;;;;4;
11140001;FERRALS-LES-CORBIERES;43.147167;2.732500;65;201208;50.5;1;31;;26.0;1;29;5;3;1;0;0;0;;;0;;;;;;0;;;;;;;;;;;;;;;;;0;;;;;;;;;;;;;;;;;;;;;0;;;0;;;0;;;;;;;;;;;0;;;;0;;;0;;;0;;;;;;;;;;;0;;;;;;;;;0;;;;;;;;;0;;;0;;;0;;;;;;0;;;0;;;0;0;1;0;1;;31;;0;0;0;;0;1;0;1;;0;0;0;;6;
11140001;FERRALS-LES-CORBIERES;43.147167;2.732500;65;201209;68.4;1;30;;64.2;1;29;2;1;1;1;1;0;;;0;;;;;;0;;;;;;;;;;;;;;;;;0;;;;;;;;;;;;;;;;;;;;;0;;;0;;;0;;;;;;;;;;;0;;;;0;;;0;;;0;;;;;;;;;;;0;;;;;;;;;0;;;;;;;;;0;;;0;;;0;;;;;;0;;;0;;;0;0;1;0;1;;30;;0;0;0;;0;1;0;1;;0;0;0;;1;
11140001;FERRALS-LES-CORBIERES;43.147167;2.732500;65;201210;229.8;1;31;;112.0;1;20;7;4;4;3;2;1;;;0;;;;;;0;;;;;;;;;;;;;;;;;0;;;;;;;;;;;;;;;;;;;;;0;;;0;;;0;;;;;;;;;;;0;;;;0;;;0;;;0;;;;;;;;;;;0;;;;;;;;;0;;;;;;;;;0;;;0;;;0;;;;;;0;;;0;;;0;0;1;0;1;;31;;0;0;0;;0;1;0;1;;0;0;0;;1;1
11140001;FERRALS-LES-CORBIERES;43.147167;2.732500;65;201211;30.8;1;30;;7.2;1;27;8;3;0;0;0;0;;;0;;;;;;0;;;;;;;;;;;;;;;;;0;;;;;;;;;;;;;;;;;;;;;0;;;0;;;0;;;;;;;;;;;0;;;;0;;;0;;;0;;;;;;;;;;;0;;;;;;;;;0;;;;;;;;;0;;;0;;;0;;;;;;0;;;0;;;0;0;1;0;1;;30;;0;0;0;;0;1;0;1;;0;0;0;;;
11140001;FERRALS-LES-CORBIERES;43.147167;2.732500;65;201212;26.8;1;31;;8.4;1;4;11;1;0;0;0;0;;;0;;;;;;0;;;;;;;;;;;;;;;;;0;;;;;;;;;;;;;;;;;;;;;0;;;0;;;0;;;;;;;;;;;0;;;;0;;;0;;;0;;;;;;;;;;;0;;;;;;;;;0;;;;;;;;;0;;;0;;;0;;;;;;0;;;0;;;0;0;1;0;1;;31;;0;0;0;;0;1;0;1;;0;0;0;;;
11140001;FERRALS-LES-CORBIERES;43.147167;2.732500;65;201301;57.3;1;31;;16.0;1;19;9;3;2;0;0;0;;;0;;;;;;0;;;;;;;;;;;;;;;;;0;;;;;;;;;;;;;;;;;;;;;0;;;0;;;0;;;;;;;;;;;0;;;;0;;;0;;;0;;;;;;;;;;;0;;;;;;;;;0;;;;;;;;;0;;;0;;;0;;;;;;0;;;0;;;0;0;1;0;1;;31;1;0;0;0;;0;1;0;1;;0;0;0;;;
11140001;FERRALS-LES-CORBIERES;43.147167;2.732500;65;201302;27.8;9;28;;9.4;9;1;8;1;0;0;0;0;;;0;;;;;;0;;;;;;;;;;;;;;;;;0;;;;;;;;;;;;;;;;;;;;;0;;;0;;;0;;;;;;;;;;;0;;;;0;;;0;;;0;;;;;;;;;;;0;;;;;;;;;0;;;;;;;;;0;;;0;;;0;;;;;;0;;;0;;;0;0;9;0;9;;28;2;0;0;0;;0;9;0;9;;0;0;0;;;
11140001;FERRALS-LES-CORBIERES;43.147167;2.732500;65;201303;161.7;1;31;;68.1;1;5;14;4;2;2;2;0;;;0;;;;;;0;;;;;;;;;;;;;;;;;0;;;;;;;;;;;;;;;;;;;;;0;;;0;;;0;;;;;;;;;;;0;;;;0;;;0;;;0;;;;;;;;;;;0;;;;;;;;;0;;;;;;;;;0;;;0;;;0;;;;;;0;;;0;;;0;0;1;0;1;;31;;0;0;0;;0;1;0;1;;0;0;0;;1;
11140001;FERRALS-LES-CORBIERES;43.147167;2.732500;65;201304;99.3;1;30;;33.1;1;1;8;5;2;2;0;0;;;0;;;;;;0;;;;;;;;;;;;;;;;;0;;;;;;;;;;;;;;;;;;;;;0;;;0;;;0;;;;;;;;;;;0;;;;0;;;0;;;0;;;;;;;;;;;0;;;;;;;;;0;;;;;;;;;0;;;0;;;0;;;;;;0;;;0;;;0;0;1;0;1;;30;;0;0;0;;0;1;0;1;;0;0;0;;;
11140001;FERRALS-LES-CORBIERES;43.147167;2.732500;65;201305;96.5;1;31;;36.4;1;30;12;5;3;1;0;0;;;0;;;;;;0;;;;;;;;;;;;;;;;;0;;;;;;;;;;;;;;;;;;;;;0;;;0;;;0;;;;;;;;;;;0;;;;0;;;0;;;0;;;;;;;;;;;0;;;;;;;;;0;;;;;;;;;0;;;0;;;0;;;;;;0;;;0;;;0;0;1;0;1;;31;;0;0;0;;0;1;0;1;;0;0;0;;1;
11140001;FERRALS-LES-CORBIERES;43.147167;2.732500;65;201306;10.5;1;30;;7.1;1;8;2;1;0;0;0;0;;;0;;;;;;0;;;;;;;;;;;;;;;;;0;;;;;;;;;;;;;;;;;;;;;0;;;0;;;0;;;;;;;;;;;0;;;;0;;;0;;;0;;;;;;;;;;;0;;;;;;;;;0;;;;;;;;;0;;;0;;;0;;;;;;0;;;0;;;0;0;1;0;1;;30;;0;0;0;;0;1;0;1;;0;0;0;;2;
11140001;FERRALS-LES-CORBIERES;43.147167;2.732500;65;201307;9.6;1;31;;3.2;1;2;4;0;0;0;0;0;;;0;;;;;;0;;;;;;;;;;;;;;;;;0;;;;;;;;;;;;;;;;;;;;;0;;;0;;;0;;;;;;;;;;;0;;;;0;;;0;;;0;;;;;;;;;;;0;;;;;;;;;0;;;;;;;;;0;;;0;;;0;;;;;;0;;;0;;;0;0;1;0;1;;31;;0;0;0;;0;1;0;1;;0;0;0;;3;
11140001;FERRALS-LES-CORBIERES;43.147167;2.732500;65;201308;5.0;1;31;;3.9;1;7;2;0;0;0;0;0;;;0;;;;;;0;;;;;;;;;;;;;;;;;0;;;;;;;;;;;;;;;;;;;;;0;;;0;;;0;;;;;;;;;;;0;;;;0;;;0;;;0;;;;;;;;;;;0;;;;;;;;;0;;;;;;;;;0;;;0;;;0;;;;;;0;;;0;;;0;0;1;0;1;;31;;0;0;0;;0;1;0;1;;0;0;0;;2;
11140001;FERRALS-LES-CORBIERES;43.147167;2.732500;65;201309;41.9;1;30;;16.8;1;14;5;3;3;0;0;0;;;0;;;;;;0;;;;;;;;;;;;;;;;;0;;;;;;;;;;;;;;;;;;;;;0;;;0;;;0;;;;;;;;;;;0;;;;0;;;0;;;0;;;;;;;;;;;0;;;;;;;;;0;;;;;;;;;0;;;0;;;0;;;;;;0;;;0;;;0;0;1;0;1;;30;;0;0;0;;0;1;0;1;;0;0;0;;1;
11140001;FERRALS-LES-CORBIERES;43.147167;2.732500;65;201310;35.3;1;31;;24.0;1;4;4;2;1;0;0;0;;;0;;;;;;0;;;;;;;;;;;;;;;;;0;;;;;;;;;;;;;;;;;;;;;0;;;0;;;0;;;;;;;;;;;0;;;;0;;;0;;;0;;;;;;;;;;;0;;;;;;;;;0;;;;;;;;;0;;;0;;;0;;;;;;0;;;0;;;0;0;1;0;1;;31;;0;0;0;;0;1;0;1;;0;0;0;;1;
11140001;FERRALS-LES-CORBIERES;43.147167;2.732500;65;201311;140.3;1;30;;75.0;1;17;11;3;3;1;1;0;;;0;;;;;;0;;;;;;;;;;;;;;;;;0;;;;;;;;;;;;;;;;;;;;;0;;;0;;;0;;;;;;;;;;;0;;;;0;;;0;;;0;;;;;;;;;;;0;;;;;;;;;0;;;;;;;;;0;;;0;;;0;;;;;;0;;;0;;;0;0;1;0;1;;30;;0;0;0;;0;1;0;1;;0;0;0;;;
11140001;FERRALS-LES-CORBIERES;43.147167;2.732500;65;201312;15.0;1;31;;7.6;1;25;3;2;0;0;0;0;;;0;;;;;;0;;;;;;;;;;;;;;;;;0;;;;;;;;;;;;;;;;;;;;;0;;;0;;;0;;;;;;;;;;;0;;;;0;;;0;;;0;;;;;;;;;;;0;;;;;;;;;0;;;;;;;;;0;;;0;;;0;;;;;;0;;;0;;;0;0;1;0;1;;31;;0;0;0;;0;1;0;1;;0;0;0;;1;1
11140001;FERRALS-LES-CORBIERES;43.147167;2.732500;65;201401;34.8;1;31;;11.0;1;4;11;1;1;0;0;0;;;0;;;;;;0;;;;;;;;;;;;;;;;;0;;;;;;;;;;;;;;;;;;;;;0;;;0;;;0;;;;;;;;;;;0;;;;0;;;0;;;0;;;;;;;;;;;0;;;;;;;;;0;;;;;;;;;0;;;0;;;0;;;;;;0;;;0;;;0;0;1;0;1;;31;;0;0;0;;0;1;0;1;;0;0;0;;;1
11140001;FERRALS-LES-CORBIERES;43.147167;2.732500;65;201402;38.9;1;28;;13.5;1;28;7;2;1;0;0;0;;;0;;;;;;0;;;;;;;;;;;;;;;;;0;;;;;;;;;;;;;;;;;;;;;0;;;0;;;0;;;;;;;;;;;0;;;;0;;;0;;;0;;;;;;;;;;;0;;;;;;;;;0;;;;;;;;;0;;;0;;;0;;;;;;0;;;0;;;0;0;1;0;1;;28;;0;0;0;;0;1;0;1;;0;0;0;;1;
11140001;FERRALS-LES-CORBIERES;43.147167;2.732500;65;201403;27.6;1;31;;7.2;1;23;7;2;0;0;0;0;;;0;;;;;;0;;;;;;;;;;;;;;;;;0;;;;;;;;;;;;;;;;;;;;;0;;;0;;;0;;;;;;;;;;;0;;;;0;;;0;;;0;;;;;;;;;;;0;;;;;;;;;0;;;;;;;;;0;;;0;;;0;;;;;;0;;;0;;;0;0;1;0;1;;31;;0;0;0;;0;1;0;1;;0;0;0;1;;
11140001;FERRALS-LES-CORBIERES;43.147167;2.732500;65;201404;73.8;1;30;;54.0;1;3;6;2;1;1;1;0;;;0;;;;;;0;;;;;;;;;;;;;;;;;0;;;;;;;;;;;;;;;;;;;;;0;;;0;;;0;;;;;;;;;;;0;;;;0;;;0;;;0;;;;;;;;;;;0;;;;;;;;;0;;;;;;;;;0;;;0;;;0;;;;;;0;;;0;;;0;0;1;0;1;;30;;0;0;0;;0;1;0;1;;0;0;0;;;
11140001;FERRALS-LES-CORBIERES;43.147167;2.732500;65;201405;23.3;1;31;;12.4;1;23;4;1;1;0;0;0;;;0;;;;;;0;;;;;;;;;;;;;;;;;0;;;;;;;;;;;;;;;;;;;;;0;;;0;;;0;;;;;;;;;;;0;;;;0;;;0;;;0;;;;;;;;;;;0;;;;;;;;;0;;;;;;;;;0;;;0;;;0;;;;;;0;;;0;;;0;0;1;0;1;;31;;0;0;0;;0;1;0;1;;0;0;0;1;2;
11140001;FERRALS-LES-CORBIERES;43.147167;2.732500;65;201406;12.3;1;30;;11.1;1;24;1;1;1;0;0;0;;;0;;;;;;0;;;;;;;;;;;;;;;;;0;;;;;;;;;;;;;;;;;;;;;0;;;0;;;0;;;;;;;;;;;0;;;;0;;;0;;;0;;;;;;;;;;;0;;;;;;;;;0;;;;;;;;;0;;;0;;;0;;;;;;0;;;0;;;0;0;1;0;1;;30;;0;0;0;;0;1;0;1;;0;0;0;;1;
11140001;FERRALS-LES-CORBIERES;43.147167;2.732500;65;201407;49.0;1;31;;39.6;1;6;4;1;1;1;0;0;;;0;;;;;;0;;;;;;;;;;;;;;;;;0;;;;;;;;;;;;;;;;;;;;;0;;;0;;;0;;;;;;;;;;;0;;;;0;;;0;;;0;;;;;;;;;;;0;;;;;;;;;0;;;;;;;;;0;;;0;;;0;;;;;;0;;;0;;;0;0;1;0;1;;31;;0;0;0;;0;1;0;1;;0;0;0;;3;
11140001;FERRALS-LES-CORBIERES;43.147167;2.732500;65;201408;32.2;1;31;;9.0;1;8;7;3;0;0;0;0;;;0;;;;;;0;;;;;;;;;;;;;;;;;0;;;;;;;;;;;;;;;;;;;;;0;;;0;;;0;;;;;;;;;;;0;;;;0;;;0;;;0;;;;;;;;;;;0;;;;;;;;;0;;;;;;;;;0;;;0;;;0;;;;;;0;;;0;;;0;0;1;0;1;;31;;0;0;0;;0;1;0;1;;0;0;0;;3;
11140001;FERRALS-LES-CORBIERES;43.147167;2.732500;65;201409;108.5;1;30;;60.3;1;28;5;5;4;1;1;0;;;0;;;;;;0;;;;;;;;;;;;;;;;;0;;;;;;;;;;;;;;;;;;;;;0;;;0;;;0;;;;;;;;;;;0;;;;0;;;0;;;0;;;;;;;;;;;0;;;;;;;;;0;;;;;;;;;0;;;0;;;0;;;;;;0;;;0;;;0;0;1;0;1;;30;;0;0;0;;0;1;0;1;;0;0;0;;1;
11140001;FERRALS-LES-CORBIERES;43.147167;2.732500;65;201410;1.4;1;31;;1.4;1;4;1;0;0;0;0;0;;;0;;;;;;0;;;;;;;;;;;;;;;;;0;;;;;;;;;;;;;;;;;;;;;0;;;0;;;0;;;;;;;;;;;0;;;;0;;;0;;;0;;;;;;;;;;;0;;;;;;;;;0;;;;;;;;;0;;;0;;;0;;;;;;0;;;0;;;0;0;1;0;1;;31;;0;0;0;;0;1;0;1;;0;0;0;;;2
11140001;FERRALS-LES-CORBIERES;43.147167;2.732500;65;201411;222.1;1;30;;122.0;1;29;11;6;3;3;1;1;;;0;;;;;;0;;;;;;;;;;;;;;;;;0;;;;;;;;;;;;;;;;;;;;;0;;;0;;;0;;;;;;;;;;;0;;;;0;;;0;;;0;;;;;;;;;;;0;;;;;;;;;0;;;;;;;;;0;;;0;;;0;;;;;;0;;;0;;;0;0;1;0;1;;30;;0;0;0;;0;1;0;1;;0;0;0;;3;
11140001;FERRALS-LES-CORBIERES;43.147167;2.732500;65;201412;31.1;1;31;;21.4;1;27;5;1;1;0;0;0;;;0;;;;;;0;;;;;;;;;;;;;;;;;0;;;;;;;;;;;;;;;;;;;;;0;;;0;;;0;;;;;;;;;;;0;;;;0;;;0;;;0;;;;;;;;;;;0;;;;;;;;;0;;;;;;;;;0;;;0;;;0;;;;;;0;;;0;;;0;0;1;0;1;;31;;0;0;0;;0;1;0;1;;0;0;0;;;
11140001;FERRALS-LES-CORBIERES;43.147167;2.732500;65;201501;14.7;1;31;;8.8;1;29;4;1;0;0;0;0;;;0;;;;;;0;;;;;;;;;;;;;;;;;0;;;;;;;;;;;;;;;;;;;;;0;;;0;;;0;;;;;;;;;;;0;;;;0;;;0;;;0;;;;;;;;;;;0;;;;;;;;;0;;;;;;;;;0;;;0;;;0;;;;;;0;;;0;;;0;0;1;0;1;;31;;0;0;0;;0;1;0;1;;0;0;0;;;1
11140001;FERRALS-LES-CORBIERES;43.147167;2.732500;65;201502;29.3;1;28;;9.4;1;14;9;2;0;0;0;0;;;0;;;;;;0;;;;;;;;;;;;;;;;;0;;;;;;;;;;;;;;;;;;;;;0;;;0;;;0;;;;;;;;;;;0;;;;0;;;0;;;0;;;;;;;;;;;0;;;;;;;;;0;;;;;;;;;0;;;0;;;0;;;;;;0;;;0;;;0;1;1;1;1;3;28;2;1;0;0;;0;1;1;1;4;1;0;0;;;
11140001;FERRALS-LES-CORBIERES;43.147167;2.732500;65;201503;72.8;1;31;;28.0;1;15;6;4;2;0;0;0;;;0;;;;;;0;;;;;;;;;;;;;;;;;0;;;;;;;;;;;;;;;;;;;;;0;;;0;;;0;;;;;;;;;;;0;;;;0;;;0;;;0;;;;;;;;;;;0;;;;;;;;;0;;;;;;;;;0;;;0;;;0;;;;;;0;;;0;;;0;0;1;0;1;;31;;0;0;0;;0;1;0;1;;0;0;0;;1;
11140001;FERRALS-LES-CORBIERES;43.147167;2.732500;65;201504;33.8;1;30;;13.0;1;19;4;3;2;0;0;0;;;0;;;;;;0;;;;;;;;;;;;;;;;;0;;;;;;;;;;;;;;;;;;;;;0;;;0;;;0;;;;;;;;;;;0;;;;0;;;0;;;0;;;;;;;;;;;0;;;;;;;;;0;;;;;;;;;0;;;0;;;0;;;;;;0;;;0;;;0;0;1;0;1;;30;;0;0;0;;0;1;0;1;;0;0;0;;;
11140001;FERRALS-LES-CORBIERES;43.147167;2.732500;65;201505;8.2;1;31;;3.3;1;19;3;0;0;0;0;0;;;0;;;;;;0;;;;;;;;;;;;;;;;;0;;;;;;;;;;;;;;;;;;;;;0;;;0;;;0;;;;;;;;;;;0;;;;0;;;0;;;0;;;;;;;;;;;0;;;;;;;;;0;;;;;;;;;0;;;0;;;0;;;;;;0;;;0;;;0;0;1;0;1;;31;;0;0;0;;0;1;0;1;;0;0;0;;;
11140001;FERRALS-LES-CORBIERES;43.147167;2.732500;65;201506;61.0;1;30;;48.0;1;12;4;2;1;1;0;0;;;0;;;;;;0;;;;;;;;;;;;;;;;;0;;;;;;;;;;;;;;;;;;;;;0;;;0;;;0;;;;;;;;;;;0;;;;0;;;0;;;0;;;;;;;;;;;0;;;;;;;;;0;;;;;;;;;0;;;0;;;0;;;;;;0;;;0;;;0;0;1;0;1;;30;;0;0;0;;0;1;0;1;;0;0;0;;4;
11140001;FERRALS-LES-CORBIERES;43.147167;2.732500;65;201507;14.6;1;31;;14.0;1;31;1;1;1;0;0;0;;;0;;;;;;0;;;;;;;;;;;;;;;;;0;;;;;;;;;;;;;;;;;;;;;0;;;0;;;0;;;;;;;;;;;0;;;;0;;;0;;;0;;;;;;;;;;;0;;;;;;;;;0;;;;;;;;;0;;;0;;;0;;;;;;0;;;0;;;0;0;1;0;1;;31;;0;0;0;;0;1;0;1;;0;0;0;;2;
11140001;FERRALS-LES-CORBIERES;43.147167;2.732500;65;201508;54.2;1;31;;29.2;1;13;4;3;2;0;0;0;;;0;;;;;;0;;;;;;;;;;;;;;;;;0;;;;;;;;;;;;;;;;;;;;;0;;;0;;;0;;;;;;;;;;;0;;;;0;;;0;;;0;;;;;;;;;;;0;;;;;;;;;0;;;;;;;;;0;;;0;;;0;;;;;;0;;;0;;;0;0;1;0;1;;31;;0;0;0;;0;1;0;1;;0;0;0;;3;
11140001;FERRALS-LES-CORBIERES;43.147167;2.732500;65;201509;3.8;1;30;;2.6;1;2;1;0;0;0;0;0;;;0;;;;;;0;;;;;;;;;;;;;;;;;0;;;;;;;;;;;;;;;;;;;;;0;;;0;;;0;;;;;;;;;;;0;;;;0;;;0;;;0;;;;;;;;;;;0;;;;;;;;;0;;;;;;;;;0;;;0;;;0;;;;;;0;;;0;;;0;0;1;0;1;;30;;0;0;0;;0;1;0;1;;0;0;0;;;
11140001;FERRALS-LES-CORBIERES;43.147167;2.732500;65;201510;10.6;1;31;;2.6;1;26;4;0;0;0;0;0;;;0;;;;;;0;;;;;;;;;;;;;;;;;0;;;;;;;;;;;;;;;;;;;;;0;;;0;;;0;;;;;;;;;;;0;;;;0;;;0;;;0;;;;;;;;;;;0;;;;;;;;;0;;;;;;;;;0;;;0;;;0;;;;;;0;;;0;;;0;0;1;0;1;;31;;0;0;0;;0;1;0;1;;0;0;0;;;
11140001;FERRALS-LES-CORBIERES;43.147167;2.732500;65;201511;43.0;1;30;;30.2;1;2;4;2;1;1;0;0;;;0;;;;;;0;;;;;;;;;;;;;;;;;0;;;;;;;;;;;;;;;;;;;;;0;;;0;;;0;;;;;;;;;;;0;;;;0;;;0;;;0;;;;;;;;;;;0;;;;;;;;;0;;;;;;;;;0;;;0;;;0;;;;;;0;;;0;;;0;0;1;0;1;;30;;0;0;0;;0;1;0;1;;0;0;0;;;
11140001;FERRALS-LES-CORBIERES;43.147167;2.732500;65;201512;12.9;1;31;;5.4;1;4;5;1;0;0;0;0;;;0;;;;;;0;;;;;;;;;;;;;;;;;0;;;;;;;;;;;;;;;;;;;;;0;;;0;;;0;;;;;;;;;;;0;;;;0;;;0;;;0;;;;;;;;;;;0;;;;;;;;;0;;;;;;;;;0;;;0;;;0;;;;;;0;;;0;;;0;0;1;0;1;;31;;0;0;0;;0;1;0;1;;0;0;0;;;3
11140001;FERRALS-LES-CORBIERES;43.147167;2.732500;65;201601;24.9;1;31;;7.7;1;18;8;1;0;0;0;0;;;0;;;;;;0;;;;;;;;;;;;;;;;;0;;;;;;;;;;;;;;;;;;;;;0;;;0;;;0;;;;;;;;;;;0;;;;0;;;0;;;0;;;;;;;;;;;0;;;;;;;;;0;;;;;;;;;0;;;0;;;0;;;;;;0;;;0;;;0;4;1;4;1;18;31;1;1;0;0;;0;1;4;1;19;2;0;0;;;
11140001;FERRALS-LES-CORBIERES;43.147167;2.732500;65;201602;69.7;1;29;;30.0;1;27;11;3;3;1;0;0;;;0;;;;;;0;;;;;;;;;;;;;;;;;0;;;;;;;;;;;;;;;;;;;;;0;;;0;;;0;;;;;;;;;;;0;;;;0;;;0;;;0;;;;;;;;;;;0;;;;;;;;;0;;;;;;;;;0;;;0;;;0;;;;;;0;;;0;;;0;0;1;0;1;;29;;0;0;0;;0;1;0;1;;0;0;0;;;
11140001;FERRALS-LES-CORBIERES;43.147167;2.732500;65;201603;61.7;1;31;;33.0;1;17;6;4;1;1;0;0;;;0;;;;;;0;;;;;;;;;;;;;;;;;0;;;;;;;;;;;;;;;;;;;;;0;;;0;;;0;;;;;;;;;;;0;;;;0;;;0;;;0;;;;;;;;;;;0;;;;;;;;;0;;;;;;;;;0;;;0;;;0;;;;;;0;;;0;;;0;0;1;0;1;;31;;0;0;0;;0;1;0;1;;0;0;0;;;1
11140001;FERRALS-LES-CORBIERES;43.147167;2.732500;65;201604;30.8;1;30;;11.0;1;1;7;2;1;0;0;0;;;0;;;;;;0;;;;;;;;;;;;;;;;;0;;;;;;;;;;;;;;;;;;;;;0;;;0;;;0;;;;;;;;;;;0;;;;0;;;0;;;0;;;;;;;;;;;0;;;;;;;;;0;;;;;;;;;0;;;0;;;0;;;;;;0;;;0;;;0;0;1;0;1;;30;;0;0;0;;0;1;0;1;;0;0;0;;;
11140001;FERRALS-LES-CORBIERES;43.147167;2.732500;65;201605;67.3;1;31;;29.2;1;14;10;5;1;0;0;0;;;0;;;;;;0;;;;;;;;;;;;;;;;;0;;;;;;;;;;;;;;;;;;;;;0;;;0;;;0;;;;;;;;;;;0;;;;0;;;0;;;0;;;;;;;;;;;0;;;;;;;;;0;;;;;;;;;0;;;0;;;0;;;;;;0;;;0;;;0;0;1;0;1;;31;;0;0;0;;0;1;0;1;;0;0;0;;1;
11140001;FERRALS-LES-CORBIERES;43.147167;2.732500;65;201606;15.5;1;30;;6.8;1;17;4;1;0;0;0;0;;;0;;;;;;0;;;;;;;;;;;;;;;;;0;;;;;;;;;;;;;;;;;;;;;0;;;0;;;0;;;;;;;;;;;0;;;;0;;;0;;;0;;;;;;;;;;;0;;;;;;;;;0;;;;;;;;;0;;;0;;;0;;;;;;0;;;0;;;0;0;1;0;1;;30;;0;0;0;;0;1;0;1;;0;0;0;;2;
11140001;FERRALS-LES-CORBIERES;43.147167;2.732500;65;201607;8.6;1;31;;7.0;1;22;2;1;0;0;0;0;;;0;;;;;;0;;;;;;;;;;;;;;;;;0;;;;;;;;;;;;;;;;;;;;;0;;;0;;;0;;;;;;;;;;;0;;;;0;;;0;;;0;;;;;;;;;;;0;;;;;;;;;0;;;;;;;;;0;;;0;;;0;;;;;;0;;;0;;;0;0;1;0;1;;31;;0;0;0;;0;1;0;1;;0;0;0;;1;
11140001;FERRALS-LES-CORBIERES;43.147167;2.732500;65;201608;0.8;1;31;;0.8;1;4;0;0;0;0;0;0;;;0;;;;;;0;;;;;;;;;;;;;;;;;0;;;;;;;;;;;;;;;;;;;;;0;;;0;;;0;;;;;;;;;;;0;;;;0;;;0;;;0;;;;;;;;;;;0;;;;;;;;;0;;;;;;;;;0;;;0;;;0;;;;;;0;;;0;;;0;0;1;0;1;;31;;0;0;0;;0;1;0;1;;0;0;0;;1;
11140001;FERRALS-LES-CORBIERES;43.147167;2.732500;65;201609;32.8;1;30;;28.0;1;14;3;1;1;0;0;0;;;0;;;;;;0;;;;;;;;;;;;;;;;;0;;;;;;;;;;;;;;;;;;;;;0;;;0;;;0;;;;;;;;;;;0;;;;0;;;0;;;0;;;;;;;;;;;0;;;;;;;;;0;;;;;;;;;0;;;0;;;0;;;;;;0;;;0;;;0;0;1;0;1;;30;;0;0;0;;0;1;0;1;;0;0;0;;;
11140001;FERRALS-LES-CORBIERES;43.147167;2.732500;65;201610;99.3;1;31;;43.0;1;12;7;3;2;2;0;0;;;0;;;;;;0;;;;;;;;;;;;;;;;;0;;;;;;;;;;;;;;;;;;;;;0;;;0;;;0;;;;;;;;;;;0;;;;0;;;0;;;0;;;;;;;;;;;0;;;;;;;;;0;;;;;;;;;0;;;0;;;0;;;;;;0;;;0;;;0;0;1;0;1;;31;;0;0;0;;0;1;0;1;;0;0;0;;1;
11140001;FERRALS-LES-CORBIERES;43.147167;2.732500;65;201611;56.5;1;30;;30.0;1;23;9;2;1;1;0;0;;;0;;;;;;0;;;;;;;;;;;;;;;;;0;;;;;;;;;;;;;;;;;;;;;0;;;0;;;0;;;;;;;;;;;0;;;;0;;;0;;;0;;;;;;;;;;;0;;;;;;;;;0;;;;;;;;;0;;;0;;;0;;;;;;0;;;0;;;0;0;1;0;1;;30;;0;0;0;;;;;;;;;;;;
11140001;FERRALS-LES-CORBIERES;43.147167;2.732500;65;201612;44.4;1;31;;26.0;1;4;5;3;1;0;0;0;;;0;;;;;;0;;;;;;;;;;;;;;;;;0;;;;;;;;;;;;;;;;;;;;;0;;;0;;;0;;;;;;;;;;;0;;;;0;;;0;;;0;;;;;;;;;;;0;;;;;;;;;0;;;;;;;;;0;;;0;;;0;;;;;;0;;;0;;;0;0;1;0;1;;31;;0;0;0;;;;;;;;;;;;1
11140001;FERRALS-LES-CORBIERES;43.147167;2.732500;65;201701;159.0;1;31;;126.3;1;27;6;2;2;1;1;1;;;0;;;;;;0;;;;;;;;;;;;;;;;;0;;;;;;;;;;;;;;;;;;;;;0;;;0;;;0;;;;;;;;;;;0;;;;0;;;0;;;0;;;;;;;;;;;0;;;;;;;;;0;;;;;;;;;0;;;0;;;0;;;;;;0;;;0;;;0;0;1;0;1;;31;;0;0;0;;0;1;0;1;;0;0;0;;1;
11140001;FERRALS-LES-CORBIERES;43.147167;2.732500;65;201702;136.9;1;28;;75.0;1;13;10;3;2;2;1;0;;;0;;;;;;0;;;;;;;;;;;;;;;;;0;;;;;;;;;;;;;;;;;;;;;0;;;0;;;0;;;;;;;;;;;0;;;;0;;;0;;;0;;;;;;;;;;;0;;;;;;;;;0;;;;;;;;;0;;;0;;;0;;;;;;0;;;0;;;0;0;1;0;1;;28;;0;0;0;;0;1;0;1;;0;0;0;;;
11140001;FERRALS-LES-CORBIERES;43.147167;2.732500;65;201703;113.6;1;31;;50.0;1;24;9;5;3;2;1;0;;;0;;;;;;0;;;;;;;;;;;;;;;;;0;;;;;;;;;;;;;;;;;;;;;0;;;0;;;0;;;;;;;;;;;0;;;;0;;;0;;;0;;;;;;;;;;;0;;;;;;;;;0;;;;;;;;;0;;;0;;;0;;;;;;0;;;0;;;0;0;1;0;1;;31;;0;0;0;;0;1;0;1;;0;0;0;;;1
11140001;FERRALS-LES-CORBIERES;43.147167;2.732500;65;201704;11.5;1;30;;8.1;1;25;3;1;0;0;0;0;;;0;;;;;;0;;;;;;;;;;;;;;;;;0;;;;;;;;;;;;;;;;;;;;;0;;;0;;;0;;;;;;;;;;;0;;;;0;;;0;;;0;;;;;;;;;;;0;;;;;;;;;0;;;;;;;;;0;;;0;;;0;;;;;;0;;;0;;;0;0;1;0;1;;30;;0;0;0;;0;1;0;1;;0;0;0;;;
11140001;FERRALS-LES-CORBIERES;43.147167;2.732500;65;201705;20.5;1;31;;16.1;1;18;3;1;1;0;0;0;;;0;;;;;;0;;;;;;;;;;;;;;;;;0;;;;;;;;;;;;;;;;;;;;;0;;;0;;;0;;;;;;;;;;;0;;;;0;;;0;;;0;;;;;;;;;;;0;;;;;;;;;0;;;;;;;;;0;;;0;;;0;;;;;;0;;;0;;;0;0;1;0;1;;31;;0;0;0;;0;1;0;1;;0;0;0;;;
11140001;FERRALS-LES-CORBIERES;43.147167;2.732500;65;201706;14.0;1;30;;7.1;1;27;3;1;0;0;0;0;;;0;;;;;;0;;;;;;;;;;;;;;;;;0;;;;;;;;;;;;;;;;;;;;;0;;;0;;;0;;;;;;;;;;;0;;;;0;;;0;;;0;;;;;;;;;;;0;;;;;;;;;0;;;;;;;;;0;;;0;;;0;;;;;;0;;;0;;;0;0;1;0;1;;30;;0;0;0;;0;1;0;1;;0;0;0;;;
11140001;FERRALS-LES-CORBIERES;43.147167;2.732500;65;201707;11.5;1;31;;9.0;1;19;3;1;0;0;0;0;;;0;;;;;;0;;;;;;;;;;;;;;;;;0;;;;;;;;;;;;;;;;;;;;;0;;;0;;;0;;;;;;;;;;;0;;;;0;;;0;;;0;;;;;;;;;;;0;;;;;;;;;0;;;;;;;;;0;;;0;;;0;;;;;;0;;;0;;;0;0;1;0;1;;31;;0;0;0;;0;1;0;1;;0;0;0;;2;
11140001;FERRALS-LES-CORBIERES;43.147167;2.732500;65;201708;6.9;1;31;;6.0;1;5;1;1;0;0;0;0;;;0;;;;;;0;;;;;;;;;;;;;;;;;0;;;;;;;;;;;;;;;;;;;;;0;;;0;;;0;;;;;;;;;;;0;;;;0;;;0;;;0;;;;;;;;;;;0;;;;;;;;;0;;;;;;;;;0;;;0;;;0;;;;;;0;;;0;;;0;0;1;0;1;;31;;0;0;0;;0;1;0;1;;0;0;0;;1;
11140001;FERRALS-LES-CORBIERES;43.147167;2.732500;65;201709;15.6;1;30;;5.5;1;30;5;1;0;0;0;0;;;0;;;;;;0;;;;;;;;;;;;;;;;;0;;;;;;;;;;;;;;;;;;;;;0;;;0;;;0;;;;;;;;;;;0;;;;0;;;0;;;0;;;;;;;;;;;0;;;;;;;;;0;;;;;;;;;0;;;0;;;0;;;;;;0;;;0;;;0;0;1;0;1;;30;;0;0;0;;0;1;0;1;;0;0;0;;;
11140001;FERRALS-LES-CORBIERES;43.147167;2.732500;65;201710;63.1;1;31;;51.0;1;19;3;2;1;1;1;0;;;0;;;;;;0;;;;;;;;;;;;;;;;;0;;;;;;;;;;;;;;;;;;;;;0;;;0;;;0;;;;;;;;;;;0;;;;0;;;0;;;0;;;;;;;;;;;0;;;;;;;;;0;;;;;;;;;0;;;0;;;0;;;;;;0;;;0;;;0;0;1;0;1;;31;;0;0;0;;0;1;0;1;;0;0;0;;1;
11140001;FERRALS-LES-CORBIERES;43.147167;2.732500;65;201711;6.3;1;30;;2.1;1;12;3;0;0;0;0;0;;;0;;;;;;0;;;;;;;;;;;;;;;;;0;;;;;;;;;;;;;;;;;;;;;0;;;0;;;0;;;;;;;;;;;0;;;;0;;;0;;;0;;;;;;;;;;;0;;;;;;;;;0;;;;;;;;;0;;;0;;;0;;;;;;0;;;0;;;0;0;1;0;1;;30;;0;0;0;;0;1;0;1;;0;0;0;;;
11140001;FERRALS-LES-CORBIERES;43.147167;2.732500;65;201712;35.9;1;31;;9.4;1;9;10;2;0;0;0;0;;;0;;;;;;0;;;;;;;;;;;;;;;;;0;;;;;;;;;;;;;;;;;;;;;0;;;0;;;0;;;;;;;;;;;0;;;;0;;;0;;;0;;;;;;;;;;;0;;;;;;;;;0;;;;;;;;;0;;;0;;;0;;;;;;0;;;0;;;0;0;1;0;1;;31;;0;0;0;;0;1;0;1;;0;0;0;;;1
11140001;FERRALS-LES-CORBIERES;43.147167;2.732500;65;201801;54.1;1;31;;17.4;1;26;12;2;2;0;0;0;;;0;;;;;;0;;;;;;;;;;;;;;;;;0;;;;;;;;;;;;;;;;;;;;;0;;;0;;;0;;;;;;;;;;;0;;;;0;;;0;;;0;;;;;;;;;;;0;;;;;;;;;0;;;;;;;;;0;;;0;;;0;;;;;;0;;;0;;;0;0;1;0;1;;31;;0;0;0;;0;1;0;1;;0;0;0;;1;1
11140001;FERRALS-LES-CORBIERES;43.147167;2.732500;65;201802;76.2;1;28;;38.4;1;28;7;4;3;1;0;0;;;0;;;;;;0;;;;;;;;;;;;;;;;;0;;;;;;;;;;;;;;;;;;;;;0;;;0;;;0;;;;;;;;;;;0;;;;0;;;0;;;0;;;;;;;;;;;0;;;;;;;;;0;;;;;;;;;0;;;0;;;0;;;;;;0;;;0;;;0;0;1;0;1;;28;1;0;0;0;;0;1;0;1;;0;0;0;;;
11140001;FERRALS-LES-CORBIERES;43.147167;2.732500;65;201803;128.4;1;31;;50.3;1;5;11;5;4;1;1;0;;;0;;;;;;0;;;;;;;;;;;;;;;;;0;;;;;;;;;;;;;;;;;;;;;0;;;0;;;0;;;;;;;;;;;0;;;;0;;;0;;;0;;;;;;;;;;;0;;;;;;;;;0;;;;;;;;;0;;;0;;;0;;;;;;0;;;0;;;0;0;1;0;1;;31;;0;0;0;;0;1;0;1;;0;0;0;1;2;
11140001;FERRALS-LES-CORBIERES;43.147167;2.732500;65;201804;155.7;1;30;;50.0;1;11;9;5;4;2;1;0;;;0;;;;;;0;;;;;;;;;;;;;;;;;0;;;;;;;;;;;;;;;;;;;;;0;;;0;;;0;;;;;;;;;;;0;;;;0;;;0;;;0;;;;;;;;;;;0;;;;;;;;;0;;;;;;;;;0;;;0;;;0;;;;;;0;;;0;;;0;0;1;0;1;;30;;0;0;0;;0;1;0;1;;0;0;0;;1;
11140001;FERRALS-LES-CORBIERES;43.147167;2.732500;65;201805;66.7;1;31;;32.0;1;12;10;3;1;1;0;0;;;0;;;;;;0;;;;;;;;;;;;;;;;;0;;;;;;;;;;;;;;;;;;;;;0;;;0;;;0;;;;;;;;;;;0;;;;0;;;0;;;0;;;;;;;;;;;0;;;;;;;;;0;;;;;;;;;0;;;0;;;0;;;;;;0;;;0;;;0;0;1;0;1;;31;;0;0;0;;0;1;0;1;;0;0;0;;5;
11140001;FERRALS-LES-CORBIERES;43.147167;2.732500;65;201806;42.6;1;30;;16.8;1;5;4;3;2;0;0;0;;;0;;;;;;0;;;;;;;;;;;;;;;;;0;;;;;;;;;;;;;;;;;;;;;0;;;0;;;0;;;;;;;;;;;0;;;;0;;;0;;;0;;;;;;;;;;;0;;;;;;;;;0;;;;;;;;;0;;;0;;;0;;;;;;0;;;0;;;0;0;1;0;1;;30;;0;0;0;;0;1;0;1;;0;0;0;;3;
11140001;FERRALS-LES-CORBIERES;43.147167;2.732500;65;201807;41.7;1;31;;17.7;1;18;5;3;1;0;0;0;;;0;;;;;;0;;;;;;;;;;;;;;;;;0;;;;;;;;;;;;;;;;;;;;;0;;;0;;;0;;;;;;;;;;;0;;;;0;;;0;;;0;;;;;;;;;;;0;;;;;;;;;0;;;;;;;;;0;;;0;;;0;;;;;;0;;;0;;;0;0;1;0;1;;31;;0;0;0;;0;1;0;1;;0;0;0;;6;
11140001;FERRALS-LES-CORBIERES;43.147167;2.732500;65;201808;18.0;1;31;;13.0;1;7;3;1;1;0;0;0;;;0;;;;;;0;;;;;;;;;;;;;;;;;0;;;;;;;;;;;;;;;;;;;;;0;;;0;;;0;;;;;;;;;;;0;;;;0;;;0;;;0;;;;;;;;;;;0;;;;;;;;;0;;;;;;;;;0;;;0;;;0;;;;;;0;;;0;;;0;0;9;0;9;;31;;0;0;0;;0;9;0;9;;0;0;0;;1;
11140001;FERRALS-LES-CORBIERES;43.147167;2.732500;65;201809;1.3;1;30;;0.7;1;5;0;0;0;0;0;0;;;0;;;;;;0;;;;;;;;;;;;;;;;;0;;;;;;;;;;;;;;;;;;;;;0;;;0;;;0;;;;;;;;;;;0;;;;0;;;0;;;0;;;;;;;;;;;0;;;;;;;;;0;;;;;;;;;0;;;0;;;0;;;;;;0;;;0;;;0;0;9;0;9;;30;;0;0;0;;0;9;0;9;;0;0;0;;;
11140001;FERRALS-LES-CORBIERES;43.147167;2.732500;65;201810;321.9;1;31;;118.5;1;14;13;7;5;3;2;2;;;0;;;;;;0;;;;;;;;;;;;;;;;;0;;;;;;;;;;;;;;;;;;;;;0;;;0;;;0;;;;;;;;;;;0;;;;0;;;0;;;0;;;;;;;;;;;0;;;;;;;;;0;;;;;;;;;0;;;0;;;0;;;;;;0;;;0;;;0;0;9;0;9;;31;;0;0;0;;0;9;0;9;;0;0;0;;1;
11140001;FERRALS-LES-CORBIERES;43.147167;2.732500;65;201811;58.6;1;30;;37.0;1;17;8;2;1;1;0;0;;;0;;;;;;0;;;;;;;;;;;;;;;;;0;;;;;;;;;;;;;;;;;;;;;0;;;0;;;0;;;;;;;;;;;0;;;;0;;;0;;;0;;;;;;;;;;;0;;;;;;;;;0;;;;;;;;;0;;;0;;;0;;;;;;0;;;0;;;0;0;9;0;9;;30;;0;0;0;;0;9;0;9;;0;0;0;;1;
11140001;FERRALS-LES-CORBIERES;43.147167;2.732500;65;201812;49.8;1;31;;26.0;1;13;3;2;2;0;0;0;;;0;;;;;;0;;;;;;;;;;;;;;;;;0;;;;;;;;;;;;;;;;;;;;;0;;;0;;;0;;;;;;;;;;;0;;;;0;;;0;;;0;;;;;;;;;;;0;;;;;;;;;0;;;;;;;;;0;;;0;;;0;;;;;;0;;;0;;;0;0;9;0;9;;31;;0;0;0;;0;9;0;9;;0;0;0;;;
11140001;FERRALS-LES-CORBIERES;43.147167;2.732500;65;201901;32.5;1;31;;11.0;1;29;4;3;2;0;0;0;;;0;;;;;;0;;;;;;;;;;;;;;;;;0;;;;;;;;;;;;;;;;;;;;;0;;;0;;;0;;;;;;;;;;;0;;;;0;;;0;;;0;;;;;;;;;;;0;;;;;;;;;0;;;;;;;;;0;;;0;;;0;;;;;;0;;;0;;;0;0;9;0;9;;31;;0;0;0;;0;9;0;9;;0;0;0;;;
11140001;FERRALS-LES-CORBIERES;43.147167;2.732500;65;201902;7.1;1;28;;3.7;1;1;3;0;0;0;0;0;;;0;;;;;;0;;;;;;;;;;;;;;;;;0;;;;;;;;;;;;;;;;;;;;;0;;;0;;;0;;;;;;;;;;;0;;;;0;;;0;;;0;;;;;;;;;;;0;;;;;;;;;0;;;;;;;;;0;;;0;;;0;;;;;;0;;;0;;;0;0;9;0;9;;28;;0;0;0;;0;9;0;9;;0;0;0;;;
11140001;FERRALS-LES-CORBIERES;43.147167;2.732500;65;201903;3.9;1;31;;3.5;1;13;1;0;0;0;0;0;;;0;;;;;;0;;;;;;;;;;;;;;;;;0;;;;;;;;;;;;;;;;;;;;;0;;;0;;;0;;;;;;;;;;;0;;;;0;;;0;;;0;;;;;;;;;;;0;;;;;;;;;0;;;;;;;;;0;;;0;;;0;;;;;;0;;;0;;;0;0;9;0;9;;31;;0;0;0;;0;9;0;9;;0;0;0;;;
11140001;FERRALS-LES-CORBIERES;43.147167;2.732500;65;201904;39.9;1;30;;19.1;1;22;6;3;1;0;0;0;;;0;;;;;;0;;;;;;;;;;;;;;;;;0;;;;;;;;;;;;;;;;;;;;;0;;;0;;;0;;;;;;;;;;;0;;;;0;;;0;;;0;;;;;;;;;;;0;;;;;;;;;0;;;;;;;;;0;;;0;;;0;;;;;;0;;;0;;;0;0;9;0;9;;30;;0;0;0;;0;9;0;9;;0;0;0;;1;
11140001;FERRALS-LES-CORBIERES;43.147167;2.732500;65;201905;42.5;9;31;;21.0;1;17;6;3;1;0;0;0;;;0;;;;;;0;;;;;;;;;;;;;;;;;0;;;;;;;;;;;;;;;;;;;;;0;;;0;;;0;;;;;;;;;;;0;;;;0;;;0;;;0;;;;;;;;;;;0;;;;;;;;;0;;;;;;;;;0;;;0;;;0;;;;;;0;;;0;;;0;0;9;0;9;;31;;0;0;0;;0;9;0;9;;0;0;0;;1;
11140001;FERRALS-LES-CORBIERES;43.147167;2.732500;65;201906;21.9;1;30;;7.0;1;20;6;2;0;0;0;0;;;0;;;;;;0;;;;;;;;;;;;;;;;;0;;;;;;;;;;;;;;;;;;;;;0;;;0;;;0;;;;;;;;;;;0;;;;0;;;0;;;0;;;;;;;;;;;0;;;;;;;;;0;;;;;;;;;0;;;0;;;0;;;;;;0;;;0;;;0;0;9;0;9;;30;;0;0;0;;0;9;0;9;;0;0;0;;2;
11140001;FERRALS-LES-CORBIERES;43.147167;2.732500;65;201907;27.1;1;31;;8.9;1;9;4;3;0;0;0;0;;;0;;;;;;0;;;;;;;;;;;;;;;;;0;;;;;;;;;;;;;;;;;;;;;0;;;0;;;0;;;;;;;;;;;0;;;;0;;;0;;;0;;;;;;;;;;;0;;;;;;;;;0;;;;;;;;;0;;;0;;;0;;;;;;0;;;0;;;0;;;;;;0;;;;;;;;;;;;;;;3;
11140001;FERRALS-LES-CORBIERES;43.147167;2.732500;65;201908;5.1;1;31;;3.5;1;20;2;0;0;0;0;0;;;0;;;;;;0;;;;;;;;;;;;;;;;;0;;;;;;;;;;;;;;;;;;;;;0;;;0;;;0;;;;;;;;;;;0;;;;0;;;0;;;0;;;;;;;;;;;0;;;;;;;;;0;;;;;;;;;0;;;0;;;0;;;;;;0;;;0;;;0;0;9;0;9;;31;;0;0;0;;0;9;0;9;;0;0;0;;1;
11140001;FERRALS-LES-CORBIERES;43.147167;2.732500;65;201909;52.8;1;30;;19.0;1;21;7;5;2;0;0;0;;;0;;;;;;0;;;;;;;;;;;;;;;;;0;;;;;;;;;;;;;;;;;;;;;0;;;0;;;0;;;;;;;;;;;0;;;;0;;;0;;;0;;;;;;;;;;;0;;;;;;;;;0;;;;;;;;;0;;;0;;;0;;;;;;0;;;0;;;0;0;9;0;9;;30;;0;0;0;;0;9;0;9;;0;0;0;;5;
11140001;FERRALS-LES-CORBIERES;43.147167;2.732500;65;201910;158.5;1;31;;143.0;1;22;6;1;1;1;1;1;;;0;;;;;;0;;;;;;;;;;;;;;;;;0;;;;;;;;;;;;;;;;;;;;;0;;;0;;;0;;;;;;;;;;;0;;;;0;;;0;;;0;;;;;;;;;;;0;;;;;;;;;0;;;;;;;;;0;;;0;;;0;;;;;;0;;;0;;;0;0;9;0;9;;31;;0;0;0;;0;9;0;9;;0;0;0;;3;
11140001;FERRALS-LES-CORBIERES;43.147167;2.732500;65;201911;44.9;1;30;;6.5;1;15;11;4;0;0;0;0;;;0;;;;;;0;;;;;;;;;;;;;;;;;0;;;;;;;;;;;;;;;;;;;;;0;;;0;;;0;;;;;;;;;;;0;;;;0;;;0;;;0;;;;;;;;;;;0;;;;;;;;;0;;;;;;;;;0;;;0;;;0;;;;;;0;;;0;;;0;0;9;0;9;;30;;0;0;0;;0;9;0;9;;0;0;0;;;
11140001;FERRALS-LES-CORBIERES;43.147167;2.732500;65;201912;69.8;1;31;;21.0;1;13;9;5;2;0;0;0;;;0;;;;;;0;;;;;;;;;;;;;;;;;0;;;;;;;;;;;;;;;;;;;;;0;;;0;;;0;;;;;;;;;;;0;;;;0;;;0;;;0;;;;;;;;;;;0;;;;;;;;;0;;;;;;;;;0;;;0;;;0;;;;;;0;;;0;;;0;0;9;0;9;;31;;0;0;0;;0;9;0;9;;0;0;0;;;
11140001;FERRALS-LES-CORBIERES;43.147167;2.732500;65;202001;74.1;1;31;;22.0;1;21;5;5;3;0;0;0;;;0;;;;;;0;;;;;;;;;;;;;;;;;0;;;;;;;;;;;;;;;;;;;;;0;;;0;;;0;;;;;;;;;;;0;;;;0;;;0;;;0;;;;;;;;;;;0;;;;;;;;;0;;;;;;;;;0;;;0;;;0;;;;;;0;;;0;;;0;0;9;0;9;;31;;0;0;0;;0;9;0;9;;0;0;0;;2;
11140001;FERRALS-LES-CORBIERES;43.147167;2.732500;65;202002;11.6;1;29;;5.2;1;27;4;1;0;0;0;0;;;0;;;;;;0;;;;;;;;;;;;;;;;;0;;;;;;;;;;;;;;;;;;;;;0;;;0;;;0;;;;;;;;;;;0;;;;0;;;0;;;0;;;;;;;;;;;0;;;;;;;;;0;;;;;;;;;0;;;0;;;0;;;;;;0;;;0;;;0;0;9;0;9;;29;;0;0;0;;0;9;0;9;;0;0;0;;;
11140001;FERRALS-LES-CORBIERES;43.147167;2.732500;65;202003;67.8;1;31;;22.0;1;3;11;3;3;0;0;0;;;0;;;;;;0;;;;;;;;;;;;;;;;;0;;;;;;;;;;;;;;;;;;;;;0;;;0;;;0;;;;;;;;;;;0;;;;0;;;0;;;0;;;;;;;;;;;0;;;;;;;;;0;;;;;;;;;0;;;0;;;0;;;;;;0;;;0;;;0;0;9;0;9;;31;1;0;0;0;;0;9;0;9;;0;0;0;;1;2
11140001;FERRALS-LES-CORBIERES;43.147167;2.732500;65;202004;150.4;1;30;;53.0;1;21;10;6;5;1;1;0;;;0;;;;;;0;;;;;;;;;;;;;;;;;0;;;;;;;;;;;;;;;;;;;;;0;;;0;;;0;;;;;;;;;;;0;;;;0;;;0;;;0;;;;;;;;;;;0;;;;;;;;;0;;;;;;;;;0;;;0;;;0;;;;;;0;;;0;;;0;0;9;0;9;;30;;0;0;0;;0;9;0;9;;0;0;0;;1;
11140001;FERRALS-LES-CORBIERES;43.147167;2.732500;65;202005;123.3;1;31;;71.0;1;10;7;4;2;1;1;0;;;0;;;;;;0;;;;;;;;;;;;;;;;;0;;;;;;;;;;;;;;;;;;;;;0;;;0;;;0;;;;;;;;;;;0;;;;0;;;0;;;0;;;;;;;;;;;0;;;;;;;;;0;;;;;;;;;0;;;0;;;0;;;;;;0;;;0;;;0;0;9;0;9;;31;;0;0;0;;0;9;0;9;;0;0;0;;1;
11140001;FERRALS-LES-CORBIERES;43.147167;2.732500;65;202006;24.0;1;30;;13.5;1;6;5;1;1;0;0;0;;;0;;;;;;0;;;;;;;;;;;;;;;;;0;;;;;;;;;;;;;;;;;;;;;0;;;0;;;0;;;;;;;;;;;0;;;;0;;;0;;;0;;;;;;;;;;;0;;;;;;;;;0;;;;;;;;;0;;;0;;;0;;;;;;0;;;0;;;0;0;9;0;9;;30;;0;0;0;;0;9;0;9;;0;0;0;;3;
11140001;FERRALS-LES-CORBIERES;43.147167;2.732500;65;202007;50.8;1;31;;50.0;1;23;1;1;1;1;1;0;;;0;;;;;;0;;;;;;;;;;;;;;;;;0;;;;;;;;;;;;;;;;;;;;;0;;;0;;;0;;;;;;;;;;;0;;;;0;;;0;;;0;;;;;;;;;;;0;;;;;;;;;0;;;;;;;;;0;;;0;;;0;;;;;;0;;;0;;;0;0;9;0;9;;31;;0;0;0;;0;9;0;9;;0;0;0;;2;
11140001;FERRALS-LES-CORBIERES;43.147167;2.732500;65;202008;38.2;1;31;;38.0;1;28;1;1;1;1;0;0;;;0;;;;;;0;;;;;;;;;;;;;;;;;0;;;;;;;;;;;;;;;;;;;;;0;;;0;;;0;;;;;;;;;;;0;;;;0;;;0;;;0;;;;;;;;;;;0;;;;;;;;;0;;;;;;;;;0;;;0;;;0;;;;;;0;;;0;;;0;0;9;0;9;;31;;0;0;0;;0;9;0;9;;0;0;0;;1;
11140001;FERRALS-LES-CORBIERES;43.147167;2.732500;65;202009;62.8;1;30;;20.5;1;19;7;4;3;0;0;0;;;0;;;;;;0;;;;;;;;;;;;;;;;;0;;;;;;;;;;;;;;;;;;;;;0;;;0;;;0;;;;;;;;;;;0;;;;0;;;0;;;0;;;;;;;;;;;0;;;;;;;;;0;;;;;;;;;0;;;0;;;0;;;;;;0;;;0;;;0;0;9;0;9;;30;;0;0;0;;0;9;0;9;;0;0;0;;3;
11140001;FERRALS-LES-CORBIERES;43.147167;2.732500;65;202010;;;;24.0;;;;;;;;;;;;;;;;;;;;;;;;;;;;;;;;;;;;;;;;;;;;;;;;;;;;;;;;;;;;;;;;;;;;;;;;;;;;;;;;;;;;;;;;;;;;;;;;;;;;;;;;;;;;;;;;;;;;;;;;;;;;;;;;;;;;;;;;;;;;;;;;;;;;;;;;
11140001;FERRALS-LES-CORBIERES;43.147167;2.732500;65;202011;;;;70.0;;;;;;;;;;;;;;;;;;;;;;;;;;;;;;;;;;;;;;;;;;;;;;;;;;;;;;;;;;;;;;;;;;;;;;;;;;;;;;;;;;;;;;;;;;;;;;;;;;;;;;;;;;;;;;;;;;;;;;;;;;;;;;;;;;;;;;;;;;;;;;;;;;;;;;;;
11140001;FERRALS-LES-CORBIERES;43.147167;2.732500;65;202012;57.2;1;31;;15.8;1;10;12;4;1;0;0;0;;;0;;;;;;0;;;;;;;;;;;;;;;;;0;;;;;;;;;;;;;;;;;;;;;0;;;0;;;0;;;;;;;;;;;0;;;;0;;;0;;;0;;;;;;;;;;;0;;;;;;;;;0;;;;;;;;;0;;;0;;;0;;;;;;0;;;0;;;0;0;9;0;9;;31;;0;0;0;;0;9;0;9;;0;0;0;;;
11140001;FERRALS-LES-CORBIERES;43.147167;2.732500;65;202101;39.5;1;31;;10.0;1;31;10;4;1;0;0;0;;;0;;;;;;0;;;;;;;;;;;;;;;;;0;;;;;;;;;;;;;;;;;;;;;0;;;0;;;0;;;;;;;;;;;0;;;;0;;;0;;;0;;;;;;;;;;;0;;;;;;;;;0;;;;;;;;;0;;;0;;;0;;;;;;0;;;0;;;0;0;9;0;9;;31;2;0;0;0;;0;9;0;9;;0;0;0;;;
11140001;FERRALS-LES-CORBIERES;43.147167;2.732500;65;202102;45.3;1;28;;25.0;1;22;7;3;1;0;0;0;;;0;;;;;;0;;;;;;;;;;;;;;;;;0;;;;;;;;;;;;;;;;;;;;;0;;;0;;;0;;;;;;;;;;;0;;;;0;;;0;;;0;;;;;;;;;;;0;;;;;;;;;0;;;;;;;;;0;;;0;;;0;;;;;;0;;;0;;;0;0;9;0;9;;28;;0;0;0;;0;9;0;9;;0;0;0;;;
11140001;FERRALS-LES-CORBIERES;43.147167;2.732500;65;202103;12.5;1;31;;8.6;1;19;2;1;0;0;0;0;;;0;;;;;;0;;;;;;;;;;;;;;;;;0;;;;;;;;;;;;;;;;;;;;;0;;;0;;;0;;;;;;;;;;;0;;;;0;;;0;;;0;;;;;;;;;;;0;;;;;;;;;0;;;;;;;;;0;;;0;;;0;;;;;;0;;;0;;;0;0;9;0;9;;31;;0;0;0;;0;9;0;9;;0;0;0;1;;
11140001;FERRALS-LES-CORBIERES;43.147167;2.732500;65;202104;29.7;1;30;;7.4;1;10;6;4;0;0;0;0;;;0;;;;;;0;;;;;;;;;;;;;;;;;0;;;;;;;;;;;;;;;;;;;;;0;;;0;;;0;;;;;;;;;;;0;;;;0;;;0;;;0;;;;;;;;;;;0;;;;;;;;;0;;;;;;;;;0;;;0;;;0;;;;;;0;;;0;;;0;0;9;0;9;;30;;0;0;0;;0;9;0;9;;0;0;0;;;
11140001;FERRALS-LES-CORBIERES;43.147167;2.732500;65;202105;8.9;1;31;;3.5;1;12;3;0;0;0;0;0;;;0;;;;;;0;;;;;;;;;;;;;;;;;0;;;;;;;;;;;;;;;;;;;;;0;;;0;;;0;;;;;;;;;;;0;;;;0;;;0;;;0;;;;;;;;;;;0;;;;;;;;;0;;;;;;;;;0;;;0;;;0;;;;;;0;;;0;;;0;0;9;0;9;;31;;0;0;0;;0;9;0;9;;0;0;0;;1;
11140001;FERRALS-LES-CORBIERES;43.147167;2.732500;65;202106;25.3;1;30;;10.7;1;1;5;2;1;0;0;0;;;0;;;;;;0;;;;;;;;;;;;;;;;;0;;;;;;;;;;;;;;;;;;;;;0;;;0;;;0;;;;;;;;;;;0;;;;0;;;0;;;0;;;;;;;;;;;0;;;;;;;;;0;;;;;;;;;0;;;0;;;0;;;;;;0;;;0;;;0;0;9;0;9;;30;;0;0;0;;0;9;0;9;;0;0;0;;3;
11140001;FERRALS-LES-CORBIERES;43.147167;2.732500;65;202107;24.9;1;31;;11.0;1;4;5;1;1;0;0;0;;;0;;;;;;0;;;;;;;;;;;;;;;;;0;;;;;;;;;;;;;;;;;;;;;0;;;0;;;0;;;;;;;;;;;0;;;;0;;;0;;;0;;;;;;;;;;;0;;;;;;;;;0;;;;;;;;;0;;;0;;;0;;;;;;0;;;0;;;0;;;;;;0;;;;;;;;;;;;;;;1;
11140001;FERRALS-LES-CORBIERES;43.147167;2.732500;65;202108;13.7;1;31;;11.0;1;4;2;1;1;0;0;0;;;0;;;;;;0;;;;;;;;;;;;;;;;;0;;;;;;;;;;;;;;;;;;;;;0;;;0;;;0;;;;;;;;;;;0;;;;0;;;0;;;0;;;;;;;;;;;0;;;;;;;;;0;;;;;;;;;0;;;0;;;0;;;;;;0;;;0;;;0;0;9;0;9;;31;;0;0;0;;0;9;0;9;;0;0;0;;1;
11140001;FERRALS-LES-CORBIERES;43.147167;2.732500;65;202109;85.2;1;30;;65.0;1;8;6;3;1;1;1;0;;;0;;;;;;0;;;;;;;;;;;;;;;;;0;;;;;;;;;;;;;;;;;;;;;0;;;0;;;0;;;;;;;;;;;0;;;;0;;;0;;;0;;;;;;;;;;;0;;;;;;;;;0;;;;;;;;;0;;;0;;;0;;;;;;0;;;0;;;0;0;9;0;9;;30;;0;0;0;;0;9;0;9;;0;0;0;;3;
11140001;FERRALS-LES-CORBIERES;43.147167;2.732500;65;202110;19.7;1;31;;10.6;1;3;4;1;1;0;0;0;;;0;;;;;;0;;;;;;;;;;;;;;;;;0;;;;;;;;;;;;;;;;;;;;;0;;;0;;;0;;;;;;;;;;;0;;;;0;;;0;;;0;;;;;;;;;;;0;;;;;;;;;0;;;;;;;;;0;;;0;;;0;;;;;;0;;;0;;;0;0;9;0;9;;31;;0;0;0;;0;9;0;9;;0;0;0;;;
11140001;FERRALS-LES-CORBIERES;43.147167;2.732500;65;202111;186.4;1;30;;76.0;1;23;7;3;3;3;2;0;;;0;;;;;;0;;;;;;;;;;;;;;;;;0;;;;;;;;;;;;;;;;;;;;;0;;;0;;;0;;;;;;;;;;;0;;;;0;;;0;;;0;;;;;;;;;;;0;;;;;;;;;0;;;;;;;;;0;;;0;;;0;;;;;;0;;;0;;;0;0;9;0;9;;30;;0;0;0;;0;9;0;9;;0;0;0;;2;
11140001;FERRALS-LES-CORBIERES;43.147167;2.732500;65;202112;48.6;1;31;;18.0;1;9;9;3;2;0;0;0;;;0;;;;;;0;;;;;;;;;;;;;;;;;0;;;;;;;;;;;;;;;;;;;;;0;;;0;;;0;;;;;;;;;;;0;;;;0;;;0;;;0;;;;;;;;;;;0;;;;;;;;;0;;;;;;;;;0;;;0;;;0;;;;;;0;;;0;;;0;0;9;0;9;;31;;0;0;0;;0;9;0;9;;0;0;0;;;
11140001;FERRALS-LES-CORBIERES;43.147167;2.732500;65;202201;44.7;1;31;;35.0;1;9;4;1;1;1;0;0;;;0;;;;;;0;;;;;;;;;;;;;;;;;0;;;;;;;;;;;;;;;;;;;;;0;;;0;;;0;;;;;;;;;;;0;;;;0;;;0;;;0;;;;;;;;;;;0;;;;;;;;;0;;;;;;;;;0;;;0;;;0;;;;;;0;;;0;;;0;0;9;0;9;;31;;0;0;0;;0;9;0;9;;0;0;0;;;
11140001;FERRALS-LES-CORBIERES;43.147167;2.732500;65;202202;3.5;1;28;;1.3;1;21;1;0;0;0;0;0;;;0;;;;;;0;;;;;;;;;;;;;;;;;0;;;;;;;;;;;;;;;;;;;;;0;;;0;;;0;;;;;;;;;;;0;;;;0;;;0;;;0;;;;;;;;;;;0;;;;;;;;;0;;;;;;;;;0;;;0;;;0;;;;;;0;;;0;;;0;0;9;0;9;;28;;0;0;0;;0;9;0;9;;0;0;0;;;1
11140001;FERRALS-LES-CORBIERES;43.147167;2.732500;65;202203;151.4;1;31;;68.0;1;12;12;7;5;1;1;0;;;0;;;;;;0;;;;;;;;;;;;;;;;;0;;;;;;;;;;;;;;;;;;;;;0;;;0;;;0;;;;;;;;;;;0;;;;0;;;0;;;0;;;;;;;;;;;0;;;;;;;;;0;;;;;;;;;0;;;0;;;0;;;;;;0;;;0;;;0;0;9;0;9;;31;;0;0;0;;0;9;0;9;;0;0;0;;1;
11140001;FERRALS-LES-CORBIERES;43.147167;2.732500;65;202204;48.4;1;30;;28.0;1;20;5;2;2;0;0;0;;;0;;;;;;0;;;;;;;;;;;;;;;;;0;;;;;;;;;;;;;;;;;;;;;0;;;0;;;0;;;;;;;;;;;0;;;;0;;;0;;;0;;;;;;;;;;;0;;;;;;;;;0;;;;;;;;;0;;;0;;;0;;;;;;0;;;0;;;0;0;9;0;9;;30;;0;0;0;;0;9;0;9;;0;0;0;;;
11140001;FERRALS-LES-CORBIERES;43.147167;2.732500;65;202205;3.2;1;31;;2.7;1;24;1;0;0;0;0;0;;;0;;;;;;0;;;;;;;;;;;;;;;;;0;;;;;;;;;;;;;;;;;;;;;0;;;0;;;0;;;;;;;;;;;0;;;;0;;;0;;;0;;;;;;;;;;;0;;;;;;;;;0;;;;;;;;;0;;;0;;;0;;;;;;0;;;0;;;0;0;9;0;9;;31;;0;0;0;;0;9;0;9;;0;0;0;;1;
11140001;FERRALS-LES-CORBIERES;43.147167;2.732500;65;202206;70.1;1;30;;33.0;1;23;5;2;2;1;0;0;;;0;;;;;;0;;;;;;;;;;;;;;;;;0;;;;;;;;;;;;;;;;;;;;;0;;;0;;;0;;;;;;;;;;;0;;;;0;;;0;;;0;;;;;;;;;;;0;;;;;;;;;0;;;;;;;;;0;;;0;;;0;;;;;;0;;;0;;;0;0;9;0;9;;30;;0;0;0;;0;9;0;9;;0;0;0;;3;
11140001;FERRALS-LES-CORBIERES;43.147167;2.732500;65;202207;3.1;1;31;;2.2;1;29;1;0;0;0;0;0;;;0;;;;;;0;;;;;;;;;;;;;;;;;0;;;;;;;;;;;;;;;;;;;;;0;;;0;;;0;;;;;;;;;;;0;;;;0;;;0;;;0;;;;;;;;;;;0;;;;;;;;;0;;;;;;;;;0;;;0;;;0;;;;;;0;;;0;;;0;0;9;0;9;;31;;0;0;0;;0;9;0;9;;0;0;0;;1;
11140001;FERRALS-LES-CORBIERES;43.147167;2.732500;65;202208;0.4;1;31;;0.3;1;29;0;0;0;0;0;0;;;0;;;;;;0;;;;;;;;;;;;;;;;;0;;;;;;;;;;;;;;;;;;;;;0;;;0;;;0;;;;;;;;;;;0;;;;0;;;0;;;0;;;;;;;;;;;0;;;;;;;;;0;;;;;;;;;0;;;0;;;0;;;;;;0;;;0;;;0;0;9;0;9;;31;;0;0;0;;0;9;0;9;;0;0;0;;1;
11140001;FERRALS-LES-CORBIERES;43.147167;2.732500;65;202209;22.8;1;30;;6.3;1;23;5;2;0;0;0;0;;;0;;;;;;0;;;;;;;;;;;;;;;;;0;;;;;;;;;;;;;;;;;;;;;0;;;0;;;0;;;;;;;;;;;0;;;;0;;;0;;;0;;;;;;;;;;;0;;;;;;;;;0;;;;;;;;;0;;;0;;;0;;;;;;0;;;0;;;0;0;9;0;9;;30;;0;0;0;;0;9;0;9;;0;0;0;;2;
11140001;FERRALS-LES-CORBIERES;43.147167;2.732500;65;202210;3.9;1;31;;2.1;1;8;1;0;0;0;0;0;;;0;;;;;;0;;;;;;;;;;;;;;;;;0;;;;;;;;;;;;;;;;;;;;;0;;;0;;;0;;;;;;;;;;;0;;;;0;;;0;;;0;;;;;;;;;;;0;;;;;;;;;0;;;;;;;;;0;;;0;;;0;;;;;;0;;;0;;;0;0;9;0;9;;31;;0;0;0;;0;9;0;9;;0;0;0;;;
11140001;FERRALS-LES-CORBIERES;43.147167;2.732500;65;202211;43.1;1;30;;7.6;1;23;9;4;0;0;0;0;;;0;;;;;;0;;;;;;;;;;;;;;;;;0;;;;;;;;;;;;;;;;;;;;;0;;;0;;;0;;;;;;;;;;;0;;;;0;;;0;;;0;;;;;;;;;;;0;;;;;;;;;0;;;;;;;;;0;;;0;;;0;;;;;;0;;;0;;;0;0;9;0;9;;30;;0;0;0;;0;9;0;9;;0;0;0;;;
11140001;FERRALS-LES-CORBIERES;43.147167;2.732500;65;202212;20.2;1;31;;7.0;1;12;5;2;0;0;0;0;;;0;;;;;;0;;;;;;;;;;;;;;;;;0;;;;;;;;;;;;;;;;;;;;;0;;;0;;;0;;;;;;;;;;;0;;;;0;;;0;;;0;;;;;;;;;;;0;;;;;;;;;0;;;;;;;;;0;;;0;;;0;;;;;;0;;;0;;;0;0;9;0;9;;31;;0;0;0;;0;9;0;9;;0;0;0;;;
11140001;FERRALS-LES-CORBIERES;43.147167;2.732500;65;202301;58.6;1;31;;23.0;1;16;6;3;2;0;0;0;;;0;;;;;;0;;;;;;;;;;;;;;;;;0;;;;;;;;;;;;;;;;;;;;;0;;;0;;;0;;;;;;;;;;;0;;;;0;;;0;;;0;;;;;;;;;;;0;;;;;;;;;0;;;;;;;;;0;;;0;;;0;;;;;;0;;;0;;;0;6;9;6;1;19;31;1;1;1;0;;0;9;6;1;20;1;0;0;;;
11140001;FERRALS-LES-CORBIERES;43.147167;2.732500;65;202302;36.3;1;28;;26.1;1;7;4;2;1;0;0;0;;;0;;;;;;0;;;;;;;;;;;;;;;;;0;;;;;;;;;;;;;;;;;;;;;0;;;0;;;0;;;;;;;;;;;0;;;;0;;;0;;;0;;;;;;;;;;;0;;;;;;;;;0;;;;;;;;;0;;;0;;;0;;;;;;0;;;0;;;0;0;9;0;9;;28;;0;0;0;;0;9;0;9;;0;0;0;;;
11140001;FERRALS-LES-CORBIERES;43.147167;2.732500;65;202303;38.4;1;31;;12.8;1;13;5;3;2;0;0;0;;;0;;;;;;0;;;;;;;;;;;;;;;;;0;;;;;;;;;;;;;;;;;;;;;0;;;0;;;0;;;;;;;;;;;0;;;;0;;;0;;;0;;;;;;;;;;;0;;;;;;;;;0;;;;;;;;;0;;;0;;;0;;;;;;0;;;0;;;0;0;9;0;9;;31;;0;0;0;;0;9;0;9;;0;0;0;;1;
11140001;FERRALS-LES-CORBIERES;43.147167;2.732500;65;202304;26.8;1;30;;7.0;1;29;6;2;0;0;0;0;;;0;;;;;;0;;;;;;;;;;;;;;;;;0;;;;;;;;;;;;;;;;;;;;;0;;;0;;;0;;;;;;;;;;;0;;;;0;;;0;;;0;;;;;;;;;;;0;;;;;;;;;0;;;;;;;;;0;;;0;;;0;;;;;;0;;;0;;;0;0;9;0;9;;30;;0;0;0;;0;9;0;9;;0;0;0;;;
11203001;LEZIGNAN-CORBIE;43.236667;2.758333;56;199501;18.1;1;31;;8.0;1;5;5;1;0;0;0;0;;;0;;;;9.7;1;31;;18.0;1;25;4.0;1;4;0;0;0;0;31;31;0;3.1;1;31;;-4.0;1;16;8.0;1;30;0;0;31;31;31;0;0;7;6.6;1;13.0;1;22;31;6.4;1;31;;;0;;1.0;1;5;12.0;1;25;;;;0;;;;0;;;0;;;;39.9;1;;;;;;;;;0;;;;;;;;;;;;;;;;;;0;;;0;;;0;;;;;;0;;;0;;;0;;;;;;0;;;;;;;;;;;;;;;0;0
11203001;LEZIGNAN-CORBIE;43.236667;2.758333;56;199502;16.5;1;28;;5.0;1;21;7;1;0;0;0;0;;;0;;;;13.6;1;28;;21.0;1;15;7.0;1;22;0;0;0;0;27;28;0;5.9;1;28;;0.0;1;20;12.0;1;25;0;0;24;28;28;0;0;2;7.8;1;17.0;1;20;28;9.7;1;28;;;0;;5.5;1;27;16.5;1;15;;;;0;;;;0;;;0;;;;49.0;1;;;;;;;;;0;;;;;;;;;;;;;;;;;;0;;;0;;;0;;;;;;0;;;0;;;0;;;;;;0;;;;;;;;;;;;;;;0;1
11203001;LEZIGNAN-CORBIE;43.236667;2.758333;56;199503;13.6;1;31;;10.0;1;5;2;1;1;0;0;0;;;0;;;;13.9;1;31;;23.0;1;24;6.0;1;4;0;0;0;0;29;31;0;4.4;1;31;;-3.0;1;22;10.0;1;26;0;0;31;31;31;0;0;3;9.5;1;24.0;1;24;31;9.1;1;31;;;0;;4.0;1;4;14.0;1;18;;;;0;;;;0;;;0;;;;87.8;1;;;;;;;;;0;;;;;;;;;;;;;;;;;;0;;;0;;;0;;;;;;0;;;0;;;0;;;;;;0;;;;;;;;;;;;;;;0;1
11203001;LEZIGNAN-CORBIE;43.236667;2.758333;56;199504;8.2;1;30;;4.6;1;24;2;0;0;0;0;0;;;0;;;;18.3;1;30;;25.0;1;2;10.0;1;25;0;2;0;0;21;30;0;7.8;1;30;;2.0;1;11;12.0;1;8;0;0;26;30;30;0;0;0;10.6;1;19.0;1;12;30;13.1;1;30;;;0;;8.5;1;25;17.5;1;2;;;;0;;;;0;;;0;;;;116.2;1;;;;;;;;;0;;;;;;;;;;;;;;;;;;0;;;0;;;0;;;;;;0;;;0;;;0;;;;;;0;;;;;;;;;;;;;;;0;0
11203001;LEZIGNAN-CORBIE;43.236667;2.758333;56;199505;26.2;1;31;;13.8;1;25;4;2;1;0;0;0;;;0;;;;21.7;1;31;;30.0;1;8;13.0;1;15;0;6;1;0;12;29;0;10.7;1;31;;4.0;1;15;16.0;1;10;0;0;14;30;31;0;0;0;11.0;1;21.0;1;8;31;16.2;1;31;;;0;;8.5;1;15;22.0;1;9;;;;0;;;;0;;;0;;;;146.3;1;;;;;;;;;0;;;;;;;;;;;;;;;;;;0;;;0;;;0;;;;;;0;;;0;;;0;;;;;;0;;;;;;;;;;;;;;;0;0
11203001;LEZIGNAN-CORBIE;43.236667;2.758333;56;199506;5.0;1;30;;3.0;1;10;2;0;0;0;0;0;;;0;;;;25.4;1;30;;32.0;1;19;18.0;1;1;0;18;3;0;3;22;2;14.2;1;30;;10.0;1;26;19.0;1;29;0;0;2;20;30;0;0;0;11.2;1;20.0;1;26;30;19.8;1;30;;;0;;14.5;1;11;25.0;1;30;;;;0;;;;0;;;0;;;;173.3;1;;;;;;;;;0;;;;;;;;;;;;;;;;;;0;;;0;;;0;;;;;;0;;;0;;;0;;;;;;0;;;;;;;;;;;;;;;1;0
11203001;LEZIGNAN-CORBIE;43.236667;2.758333;56;199507;51.0;1;31;;35.2;1;2;2;2;2;1;0;0;;;0;;;;30.0;1;31;;36.0;1;29;22.0;1;4;0;29;19;3;0;5;11;18.9;1;31;;15.0;1;9;22.0;1;31;0;0;0;3;22;13;0;0;11.1;1;16.0;1;24;31;24.5;1;31;;;0;;18.5;1;4;29.0;1;29;;;;0;;;;0;;;0;;;;199.3;1;;;;;;;;;0;;;;;;;;;;;;;;;;;;0;;;0;;;0;;;;;;0;;;0;;;0;;;;;;0;;;;;;;;;;;;;;;1;0
11203001;LEZIGNAN-CORBIE;43.236667;2.758333;56;199508;27.6;1;31;;18.9;1;5;3;1;1;0;0;0;;;0;;;;28.9;1;31;;35.0;1;3;23.0;1;28;0;28;14;1;0;10;8;18.6;1;31;;12.0;1;31;23.0;1;4;0;0;0;3;27;13;0;0;10.3;1;17.0;1;3;31;23.8;1;31;;;0;;18.5;1;31;28.0;1;4;;;;0;;;;0;;;0;;;;186.2;1;;;;;;;;;0;;;;;;;;;;;;;;;;;;0;;;0;;;0;;;;;;0;;;0;;;0;;;;;;0;;;;;;;;;;;;;;;3;1
11203001;LEZIGNAN-CORBIE;43.236667;2.758333;56;199509;74.5;1;30;;55.0;1;18;5;3;1;1;1;0;;;0;;;;21.8;1;30;;31.0;1;7;16.0;1;25;0;9;1;0;13;29;0;13.4;1;30;;8.0;1;30;19.0;1;7;0;0;4;24;30;0;0;0;8.4;1;15.0;1;3;30;17.6;1;30;;;0;;14.0;1;30;25.0;1;7;;;;0;;;;0;;;0;;;;114.2;1;;;;;;;;;0;;;;;;;;;;;;;;;;;;0;;;0;;;0;;;;;;0;;;0;;;0;;;;;;0;;;;;;;;;;;;;;;0;0
11203001;LEZIGNAN-CORBIE;43.236667;2.758333;56;199510;30.8;1;31;;20.0;1;14;5;2;1;0;0;0;;;0;;;;21.1;1;31;;24.0;1;10;17.0;1;21;0;0;0;0;11;31;0;13.9;1;31;;5.0;1;22;18.0;1;3;0;0;3;23;31;0;0;0;7.3;1;15.0;1;31;31;17.5;1;31;;;0;;12.0;1;22;19.5;1;27;;;;0;;;;0;;;0;;;;62.9;1;;;;;;;;;0;;;;;;;;;;;;;;;;;;0;;;0;;;0;;;;;;0;;;0;;;0;;;;;;0;;;;;;;;;;;;;;;0;3
11203001;LEZIGNAN-CORBIE;43.236667;2.758333;56;199511;120.6;1;30;;53.0;1;25;7;5;3;1;1;0;;;0;;;;14.1;1;30;;20.0;1;7;9.0;1;18;0;0;0;0;30;30;0;6.5;1;30;;-4.0;1;6;15.0;1;11;0;0;23;30;30;0;0;5;7.7;1;19.0;1;6;30;10.3;1;30;;;0;;4.5;1;28;16.5;1;12;;;;0;;;;0;;;0;;;;51.6;1;;;;;;;;;0;;;;;;;;;;;;;;;;;;0;;;0;;;0;;;;;;0;;;0;;;0;;;;;;0;;;;;;;;;;;;;;;0;0
11203001;LEZIGNAN-CORBIE;43.236667;2.758333;56;199512;149.2;1;31;;40.0;1;8;15;8;5;1;0;0;;;0;;;;10.8;1;31;;17.0;1;24;1.0;1;14;0;0;0;0;31;31;0;4.5;1;31;;-4.0;1;15;11.0;1;25;0;0;30;31;31;0;0;6;6.3;1;15.0;1;15;31;7.7;1;31;;;0;;-0.5;1;14;14.0;1;25;;;;0;;;;0;;;0;;;;24.7;1;;;;;;;;;0;;;;;;;;;;;;;;;;;;0;;;0;;;0;;;;;;0;;;0;;;0;;;;;;0;;;;;;;;;;;;;;;1;1
11203001;LEZIGNAN-CORBIE;43.236667;2.758333;56;199601;206.5;1;31;;44.0;1;9;15;8;6;3;0;0;;;0;;;;11.8;1;31;;15.0;1;15;9.0;1;4;0;0;0;0;31;31;0;7.4;1;31;;0.0;1;4;12.0;1;15;0;0;25;31;31;0;0;1;4.4;1;12.0;1;8;31;9.6;1;31;;;0;;4.5;1;4;13.5;1;15;;;;0;;;;0;;;0;;;;26.6;1;;;;;;;;;0;;;;;;;;;;;;;;;;;;0;;;0;;;0;;;;;;0;;;0;;;0;;;;;;0;;;;;;;;;;;;;;;1;0
11203001;LEZIGNAN-CORBIE;43.236667;2.758333;56;199602;135.3;1;29;;42.7;1;1;11;7;6;1;0;0;;;0;;;;8.8;1;29;;15.0;1;12;0.0;1;21;1;0;0;0;29;29;0;2.8;1;29;;-4.0;1;22;8.0;1;26;0;0;29;29;29;0;0;8;6.0;1;11.0;1;24;29;5.8;1;29;;;0;;-1.0;1;22;10.5;1;26;;;;0;;;;0;;;0;;;;47.5;1;;;;;;;;;0;;;;;;;;;;;;;;;;;;0;;;0;;;0;;;;;;0;;;0;;;0;;;;;;0;1;;;;;;;;;;;;;;0;0
11203001;LEZIGNAN-CORBIE;43.236667;2.758333;56;199603;64.8;1;31;;17.2;1;15;7;6;3;0;0;0;;;0;;;;12.5;1;31;;18.0;1;22;7.0;1;6;0;0;0;0;31;31;0;5.7;1;31;;0.0;1;5;11.0;1;26;0;0;28;31;31;0;0;1;6.8;1;14.0;1;22;31;9.1;1;31;;;0;;4.5;1;6;13.5;1;25;;;;0;;;;0;;;0;;;;73.4;1;;;;;;;;;0;;;;;;;;;;;;;;;;;;0;;;0;;;0;;;;;;0;;;0;;;0;;;;;;0;;;;;;;;;;;;;;;0;2
11203001;LEZIGNAN-CORBIE;43.236667;2.758333;56;199604;52.2;1;30;;20.1;1;28;7;4;1;0;0;0;;;0;;;;16.8;1;30;;22.0;1;12;7.0;1;3;0;0;0;0;26;30;0;8.4;1;30;;-1.0;1;5;14.0;1;22;0;0;20;30;30;0;0;1;8.4;1;16.0;1;13;30;12.6;1;30;;;0;;4.0;1;3;16.0;1;11;;;;0;;;;0;;;0;;;;101.9;1;;;;;;;;;0;;;;;;;;;;;;;;;;;;0;;;0;;;0;;;;;;0;;;0;;;0;;;;;;0;;;;;;;;;;;;;;;0;0
11203001;LEZIGNAN-CORBIE;43.236667;2.758333;56;199605;45.7;1;31;;19.5;1;8;8;4;1;0;0;0;;;0;;;;20.0;1;31;;28.0;1;29;13.0;1;13;0;5;0;0;19;29;0;10.9;1;31;;6.0;1;20;16.0;1;27;0;0;13;29;31;0;0;0;9.0;1;16.0;1;31;31;15.5;1;31;;;0;;10.5;1;13;20.0;1;31;;;;0;;;;0;;;0;;;;134.8;1;;;;;;;;;0;;;;;;;;;;;;;;;;;;0;;;0;;;0;;;;;;0;;;0;;;0;;;;;;0;;;;;;;;;;;;;;;3;0
11203001;LEZIGNAN-CORBIE;43.236667;2.758333;56;199606;23.6;1;30;;12.5;1;1;4;2;1;0;0;0;;;0;;;;25.6;1;30;;31.0;1;11;16.0;1;2;0;21;7;0;7;17;0;14.6;1;30;;10.0;1;24;20.0;1;13;0;0;2;17;30;1;0;0;11.0;1;17.0;1;28;30;20.1;1;30;;;0;;13.0;1;2;25.0;1;12;;;;0;;;;0;;;0;;;;157.4;1;;;;;;;;;0;;;;;;;;;;;;;;;;;;0;;;0;;;0;;;;;;0;;;0;;;0;;;;;;0;;;;;;;;;;;;;;;0;0
11203001;LEZIGNAN-CORBIE;43.236667;2.758333;56;199607;36.3;1;31;;21.7;1;27;5;2;1;0;0;0;;;0;;;;27.6;1;31;;35.0;1;17;20.0;1;2;0;23;12;1;2;15;6;16.1;1;31;;11.0;1;8;21.0;1;25;0;0;0;12;29;3;0;0;11.5;1;18.0;1;14;31;21.9;1;31;;;0;;15.5;1;8;27.0;1;25;;;;0;;;;0;;;0;;;;172.0;1;;;;;;;;;0;;;;;;;;;;;;;;;;;;0;;;0;;;0;;;;;;0;;;0;;;0;;;;;;0;;;;;;;;;;;;;;;5;0
11203001;LEZIGNAN-CORBIE;43.236667;2.758333;56;199608;115.9;1;31;;48.0;1;20;9;6;4;1;0;0;;;0;;;;25.2;1;31;;32.0;1;1;20.0;1;27;0;16;5;0;1;23;1;15.1;1;31;;10.0;1;23;20.0;1;10;0;0;1;17;31;2;0;0;10.1;1;17.0;1;18;31;20.1;1;31;;;0;;16.0;1;28;24.5;1;1;;;;0;;;;0;;;0;;;;135.6;1;;;;;;;;;0;;;;;;;;;;;;;;;;;;0;;;0;;;0;;;;;;0;;;0;;;0;;;;;;0;;;;;;;;;;;;;;;6;0
11203001;LEZIGNAN-CORBIE;43.236667;2.758333;56;199609;55.4;1;30;;25.3;1;18;6;2;2;0;0;0;;;0;;;;21.0;1;30;;27.0;1;5;15.0;1;20;0;6;0;0;13;30;0;10.2;1;30;;4.0;1;16;16.0;1;6;0;0;14;29;30;0;0;0;10.8;1;20.0;1;29;30;15.6;1;30;;;0;;11.5;1;20;21.0;1;6;;;;0;;;;0;;;0;;;;107.7;1;;;;;;;;;0;;;;;;;;;0;;;;;;;;;0;;;0;;;0;;;;;;0;;;0;;;0;;;;;;0;;;;;;;;;;;;;;0;2;1
11203001;LEZIGNAN-CORBIE;43.236667;2.758333;56;199610;155.4;1;31;;134.1;1;14;4;2;2;1;1;1;;;0;;;;16.9;1;31;;23.0;1;22;12.0;1;6;0;0;0;0;28;31;0;9.7;1;31;;3.0;1;18;14.0;1;14;0;0;19;31;31;0;0;0;7.2;1;16.0;1;18;31;13.3;1;31;;;0;;9.0;1;31;18.0;1;22;;;;0;;;;0;;;0;;;;60.8;1;;;;;;;;;0;;;;;;;;;;;;;;;;;;0;;;0;;;0;;;;;;0;;;0;;;0;;;;;;0;;;;;;;;;;;;;;;0;1
11203001;LEZIGNAN-CORBIE;43.236667;2.758333;56;199611;95.6;1;30;;19.4;1;12;9;8;4;0;0;0;;;0;;;;12.7;1;30;;20.0;1;11;5.0;1;16;0;0;0;0;30;30;0;5.9;1;30;;0.0;1;25;11.0;1;2;0;0;27;30;30;0;0;1;6.8;1;15.0;1;7;30;9.3;1;30;;;0;;3.0;1;17;15.5;1;12;;;;0;;;;0;;;0;;;;37.9;1;;;;;;;;;0;;;;;;;;;;;;;;;;;;0;;;0;;;0;;;;;;0;;;0;;;0;;;;;;0;;;;;;;;;;;;;;;0;1
11203001;LEZIGNAN-CORBIE;43.236667;2.758333;56;199612;217.3;1;31;;124.6;1;6;10;6;6;1;1;1;;;0;;;;9.4;1;31;;15.0;1;4;-1.0;1;30;3;0;0;0;31;31;0;5.6;1;31;;-6.0;1;29;13.0;1;22;3;0;26;31;31;0;0;6;3.8;1;11.0;1;4;31;7.5;1;31;;;0;;-3.0;1;31;13.5;1;22;;;;0;;;;0;;;0;;;;23.7;1;;;;;;;;;0;;;;;;;;;;;;;;;;;;0;;;0;;;0;;;;;;0;;;0;;;0;;;;;;0;1;;;;;;;;;;;;;;3;3
11203001;LEZIGNAN-CORBIE;43.236667;2.758333;56;199701;67.0;1;31;;16.3;1;24;12;5;2;0;0;0;;;0;;;;9.2;1;31;;14.0;1;25;2.0;1;1;0;0;0;0;31;31;0;4.0;1;31;;-4.0;1;13;12.0;1;22;0;0;29;31;31;0;0;8;5.2;1;14.0;1;13;31;6.6;1;31;;;0;;0.0;1;1;12.5;1;22;;;;0;;;;0;;;0;;;;30.2;1;;;;;;;;;0;;;;;;;;;;;;;;;;;;0;;;0;;;0;;;;;;0;;;0;;;0;;;;;;0;;;;;;2;9;2;9;1;1;0;0;0;0;3
11203001;LEZIGNAN-CORBIE;43.236667;2.758333;56;199702;8.6;1;28;;5.8;1;14;2;1;0;0;0;0;;;0;;;;14.6;1;28;;19.0;1;14;9.0;1;10;0;0;0;0;28;28;0;6.1;1;28;;1.0;1;28;13.0;1;12;0;0;26;28;28;0;0;0;8.6;1;16.0;1;28;28;10.4;1;28;;;0;;5.0;1;10;15.5;1;12;;;;0;;;;0;;;0;;;;52.3;1;;;;;;;;;0;;;;;;;;;;;;;;;;;;0;;;0;;;0;;;;;;0;;;0;;;0;;;;;;0;;;;;;;;;;;;;;;0;2
11203001;LEZIGNAN-CORBIE;43.236667;2.758333;56;199703;0.0;1;31;;0.0;1;;0;0;0;0;0;0;;;0;;;;19.3;1;31;;27.0;1;17;14.0;1;14;0;2;0;0;19;31;0;7.4;1;31;;1.0;1;31;13.0;1;18;0;0;25;31;31;0;0;0;11.9;1;20.0;1;23;31;13.3;1;31;;;0;;10.0;1;1;19.0;1;18;;;;0;;;;0;;;0;;;;112.5;1;;;;;;;;;0;;;;;;;;;;;;;;;;;;0;;;0;;;0;;;;;;0;;;0;;;0;;;;;;0;;;;;;;;;;;;;;;0;0
11203001;LEZIGNAN-CORBIE;43.236667;2.758333;56;199704;13.5;1;30;;10.5;1;19;3;1;1;0;0;0;;;0;;;;20.0;1;30;;26.0;1;11;11.0;1;19;0;3;0;0;16;30;0;7.7;1;30;;1.0;1;1;14.0;1;29;0;0;24;30;30;0;0;0;12.3;1;22.0;1;15;30;13.8;1;30;;;0;;8.0;1;17;17.5;1;16;;;;0;;;;0;;;0;;;;131.8;1;;;;;;;;;0;;;;;;;;;;;;;;;;;;0;;;0;;;0;;;;;;0;;;0;;;0;;;;;;0;;;;;;;;;;;;;;;0;0
11203001;LEZIGNAN-CORBIE;43.236667;2.758333;56;199705;61.2;1;31;;32.8;1;12;7;4;1;1;0;0;;;0;;;;22.7;1;31;;33.0;1;28;15.0;1;7;0;9;2;0;9;27;1;12.4;1;31;;5.0;1;8;17.0;1;24;0;0;8;26;31;0;0;0;10.4;1;18.0;1;30;31;17.5;1;31;;;0;;10.0;1;8;24.0;1;28;;;;0;;;;0;;;0;;;;127.9;1;;;;;;;;;0;;;;;;;;;;;;;;;;;;0;;;0;;;0;;;;;;0;;;0;;;0;;;;;;0;;;;;;;;;;;;;;;1;0
11203001;LEZIGNAN-CORBIE;43.236667;2.758333;56;199706;135.3;1;30;;62.2;1;1;6;4;4;2;1;0;;;0;;;;24.1;1;30;;30.0;1;8;16.0;1;1;0;15;3;0;5;24;0;15.4;1;30;;10.0;1;28;20.0;1;13;0;0;2;15;30;1;0;0;8.7;1;17.0;1;25;30;19.7;1;30;;;0;;14.5;1;28;24.0;1;13;;;;0;;;;0;;;0;;;;129.2;1;;;;;;;;;0;;;;;;;;;;;;;;;;;;0;;;0;;;0;;;;;;0;;;0;;;0;;;;;;0;;;;;;;;;;;;;;;0;0
11203001;LEZIGNAN-CORBIE;43.236667;2.758333;56;199707;14.8;1;31;;14.8;1;2;1;1;1;0;0;0;;;0;;;;28.3;1;31;;35.0;1;29;22.0;1;5;0;25;12;1;0;13;8;17.2;1;31;;13.0;1;5;22.0;1;31;0;0;0;11;28;8;0;0;11.1;1;17.0;1;23;31;22.8;1;31;;;0;;17.5;1;5;28.0;1;30;;;;0;;;;0;;;0;;;;181.2;1;;;;;;;;;0;;;;;;;;;;;;;;;;;;0;;;0;;;0;;;;;;0;;;0;;;0;;;;;;0;;;;;;;;;;;;;;;1;0
11203001;LEZIGNAN-CORBIE;43.236667;2.758333;56;199708;278.3;1;31;;205.0;0;10;5;5;4;2;1;1;;;0;;;;29.5;1;31;;34.0;1;3;21.0;1;11;0;28;20;0;0;7;8;19.4;1;31;;13.0;1;30;23.0;1;4;0;0;0;4;18;16;0;0;10.1;1;17.0;1;30;31;24.4;1;31;;;0;;18.5;1;28;28.0;1;14;;;;0;;;;0;;;0;;;;141.8;1;;;;;;;;;0;;;;;;;;;0;;;;;;;;;0;;;0;;;0;;;;;;0;;;0;;;0;;;;;;0;;;;;;;;;;;;;;0;3;0
11203001;LEZIGNAN-CORBIE;43.236667;2.758333;56;199709;38.2;1;30;;38.2;1;1;1;1;1;1;0;0;;;0;;;;26.9;1;30;;30.0;1;4;22.0;1;2;0;27;3;0;0;19;0;14.6;1;30;;8.0;1;19;22.0;1;1;0;0;3;17;29;3;0;0;12.3;1;22.0;1;19;30;20.7;1;30;;;0;;16.5;1;14;24.5;1;7;;;;0;;;;0;;;0;;;;108.5;1;;;;;;;;;0;;;;;;;;;;;;;;;;;;0;;;0;;;0;;;;;;0;;;0;;;0;;;;;;0;;;;;;;;;;;;;;;0;0
11203001;LEZIGNAN-CORBIE;43.236667;2.758333;56;199710;60.1;1;31;;27.5;1;23;4;3;2;0;0;0;;;0;;;;21.4;1;31;;31.0;1;1;12.0;1;29;0;11;4;0;17;25;0;12.7;1;31;;2.0;1;31;20.0;1;11;0;0;10;19;31;1;0;0;8.7;1;19.0;1;1;31;17.0;1;31;;;0;;8.0;1;31;24.0;1;9;;;;0;;;;0;;;0;;;;74.4;1;;;;;;;;;0;;;;;;;;;;;;;;;;;;0;;;0;;;0;;;;;;0;;;0;;;0;;;;;;0;;;;;;;;;;;;;;;2;4
11203001;LEZIGNAN-CORBIE;43.236667;2.758333;56;199711;88.3;1;30;;40.0;1;26;9;3;3;1;0;0;;;0;;;;15.7;1;30;;23.0;1;6;11.0;1;12;0;0;0;0;29;30;0;8.1;1;30;;0.0;1;1;17.0;1;6;0;0;19;29;30;0;0;1;7.6;1;14.0;1;16;30;11.9;1;30;;;0;;7.0;1;1;20.0;1;6;;;;0;;;;0;;;0;;;;36.6;1;;;;;;;;;0;;;;;;;;;;;;;;;;;;0;;;0;;;0;;;;;;0;;;0;;;0;;;;;;0;;;;;;;;;;;;;;;0;1
11203001;LEZIGNAN-CORBIE;43.236667;2.758333;56;199712;60.9;1;31;;40.2;1;16;6;2;1;1;0;0;;;0;;;;11.3;1;31;;20.0;1;11;3.0;1;6;0;0;0;0;31;31;0;5.3;1;31;;-2.0;1;7;12.0;1;18;0;0;29;31;31;0;0;5;6.0;1;14.0;1;8;31;8.3;1;31;;;0;;1.5;1;6;15.0;1;11;;;;0;;;;0;;;0;;;;36.2;1;;;;;;;;;0;;;;;;;;;;;;;;;;;;0;;;0;;;0;;;;;;0;;;0;;;0;;;;;;0;;;;;;;;;;;;;;;0;1
11203001;LEZIGNAN-CORBIE;43.236667;2.758333;56;199801;17.1;1;31;;5.5;1;13;5;1;0;0;0;0;;;0;;;;11.4;1;31;;17.0;1;3;5.0;1;25;0;0;0;0;31;31;0;4.8;1;31;;-4.0;1;23;13.0;1;12;0;0;27;31;31;0;0;3;6.6;1;14.0;1;24;31;8.1;1;31;;;0;;2.0;1;23;15.0;1;13;;;;0;;;;0;;;0;;;;39.6;1;;;;;;;;;0;;;;;;;;;;;;;;;;;;0;;;0;;;0;;;;;;0;;;0;;;0;;;;;;0;;;;;;;;;;;;;;;0;0
11203001;LEZIGNAN-CORBIE;43.236667;2.758333;56;199802;24.6;1;28;;13.1;1;2;3;2;1;0;0;0;;;0;;;;14.7;1;28;;25.0;1;15;8.0;1;3;0;1;0;0;27;28;0;4.5;1;28;;-2.0;1;7;11.0;1;21;0;0;26;28;28;0;0;3;10.2;1;24.0;1;15;28;9.6;1;28;;;0;;5.5;1;7;14.0;1;17;;;;0;;;;0;;;0;;;;52.6;1;;;;;;;;;0;;;;;;;;;;;;;;;;;;0;;;0;;;0;;;;;;0;;;0;;;0;;;;;;0;;;;;;;;;;;;;;;0;1
11203001;LEZIGNAN-CORBIE;43.236667;2.758333;56;199803;18.5;1;31;;8.5;1;11;3;2;0;0;0;0;;;0;;;;16.6;1;31;;24.0;1;27;9.0;1;12;0;0;0;0;26;31;0;6.4;1;31;;0.0;1;3;12.0;1;29;0;0;27;31;31;0;0;1;10.2;1;20.0;1;27;31;11.5;1;31;;;0;;7.0;1;13;15.0;1;18;;;;0;;;;0;;;0;;;;100.2;1;;;;;;;;;0;;;;;;;;;;;;;;;;;;0;;;0;;;0;;;;;;0;;;0;;;0;;;;;;0;;;;;;;;;;;;;;;0;0
11203001;LEZIGNAN-CORBIE;43.236667;2.758333;56;199804;56.4;1;30;;24.0;1;26;9;3;1;0;0;0;;;0;;;;17.5;1;30;;26.0;1;25;11.0;1;13;0;1;0;0;27;30;0;7.3;1;30;;-1.0;1;14;15.0;1;26;0;0;24;30;30;0;0;1;10.2;1;15.0;1;20;30;12.4;1;30;;;0;;6.0;1;14;19.0;1;25;;;;0;;;;0;;;0;;;;100.8;1;;;;;;;;;0;;;;;;;;;;;;;;;;;;0;;;0;;;0;;;;;;0;;;0;;;0;;;;;;0;;;;;;;;;;;;;;;0;0
11203001;LEZIGNAN-CORBIE;43.236667;2.758333;56;199805;32.6;1;31;;19.8;1;21;4;2;1;0;0;0;;;0;;;;23.3;1;31;;31.0;1;14;14.0;1;4;0;14;1;0;7;29;0;12.1;1;31;;7.0;1;7;17.0;1;30;0;0;12;26;31;0;0;0;11.2;1;21.0;1;14;31;17.7;1;31;;;0;;12.5;1;4;21.5;1;22;;;;0;;;;0;;;0;;;;161.6;1;;;;;;;;;0;;;;;;;;;;;;;;;;;;0;;;0;;;0;;;;;;0;;;0;;;0;;;;;;0;;;;;;;;;;;;;;;1;0
11203001;LEZIGNAN-CORBIE;43.236667;2.758333;56;199806;18.2;1;30;;12.0;1;6;3;1;1;0;0;0;;;0;;;;26.7;1;30;;34.0;1;24;17.0;1;11;0;21;8;0;2;16;5;15.8;1;30;;10.0;1;19;20.0;1;30;0;0;3;11;30;4;0;0;10.9;1;22.0;1;19;30;21.2;1;30;;;0;;14.0;1;12;26.0;1;28;;;;0;;;;0;;;0;;;;173.1;1;;;;;;;;;0;;;;;;;;;;;;;;;;;;0;;;0;;;0;;;;;;0;;;0;;;0;;;;;;0;;;;;;;;;;;;;;;;
11203001;LEZIGNAN-CORBIE;43.236667;2.758333;56;199807;24.0;1;31;;22.0;1;1;2;1;1;0;0;0;;;0;;;;29.4;1;31;;38.0;1;23;20.0;0;7;0;29;17;2;1;10;11;18.2;1;31;;11.0;1;16;22.0;1;24;0;0;0;2;27;9;0;0;11.2;1;21.0;1;16;31;23.8;1;31;;;0;;19.5;1;7;28.5;1;23;;;;0;;;;0;;;0;;;;220.2;1;;;;;;;;;0;;;;;;;;;0;;;;;;;;;0;;;0;;;0;;;;;;0;;;0;;;0;;;;;;0;;;;;;;;;;;;;;0;1;0
11203001;LEZIGNAN-CORBIE;43.236667;2.758333;56;199808;15.9;1;31;;7.4;1;1;4;2;0;0;0;0;;;0;;;;29.9;1;31;;36.0;1;17;22.0;1;1;0;28;16;6;0;9;11;17.3;1;31;;7.0;1;30;22.0;1;13;0;0;1;7;27;9;0;0;12.6;1;20.0;1;26;31;23.6;1;31;;;0;;16.5;1;30;28.0;1;17;;;;0;;;;0;;;0;;;;193.8;1;;;;;;;;;0;;;;;;;;;;;;;;;;;;0;;;0;;;0;;;;;;0;;;0;;;0;;;;;;0;;;;;;;;;;;;;;;0;0
11203001;LEZIGNAN-CORBIE;43.236667;2.758333;56;199809;69.0;1;30;;13.0;1;23;12;6;3;0;0;0;;;0;;;;24.0;1;30;;29.0;1;18;18.0;1;13;0;13;0;0;4;28;0;14.7;1;30;;7.0;1;20;22.0;1;10;0;0;4;17;27;3;0;0;9.3;1;19.0;1;20;30;19.4;1;30;;;0;;13.5;1;14;24.0;1;1;;;;0;;;;0;;;0;;;;106.7;1;;;;;;;;;0;;;;;;;;;;;;;;;;;;0;;;0;;;0;;;;;;0;;;0;;;0;;;;;;0;;;;;;;;;;;;;;;0;0
11203001;LEZIGNAN-CORBIE;43.236667;2.758333;56;199810;25.2;1;31;;6.0;1;6;6;3;0;0;0;0;;;0;;;;18.6;1;31;;24.0;1;15;13.0;1;19;0;0;0;0;24;31;0;9.9;1;31;;-2.0;1;21;16.0;1;17;0;0;17;30;31;0;0;1;8.7;1;18.0;1;28;31;14.3;1;31;;;0;;6.5;1;21;18.5;1;17;;;;0;;;;0;;;0;;;;77.6;1;;;;;;;;;0;;;;;;;;;;;;;;;;;;0;;;0;;;0;;;;;;0;;;0;;;0;;;;;;0;;;;;;;;;;;;;;;0;0
11203001;LEZIGNAN-CORBIE;43.236667;2.758333;56;199811;21.2;1;30;;6.2;1;25;9;1;0;0;0;0;;;0;;;;12.7;1;30;;21.0;1;2;5.0;1;22;0;0;0;0;28;30;0;4.5;1;30;;-9.0;1;22;14.0;1;2;1;0;27;30;30;0;0;4;8.2;1;17.0;1;9;30;8.6;1;30;;;0;;-2.0;1;22;17.5;1;2;;;;0;;;;0;;;0;;;;48.4;1;;;;;;;;;0;;;;;;;;;;;;;;;;;;0;;;0;;;0;;;;;;0;;;0;;;0;;;;;;0;;;;;;;;;;;;;;;0;0
11203001;LEZIGNAN-CORBIE;43.236667;2.758333;56;199812;39.5;1;31;;18.0;1;30;6;4;1;0;0;0;;;0;;;;11.4;1;31;;19.0;1;13;4.0;1;3;0;0;0;0;31;31;0;3.1;1;31;;-5.0;1;23;13.0;1;13;1;0;28;31;31;0;0;8;8.3;1;15.0;1;26;31;7.2;1;31;;;0;;1.5;1;23;16.0;1;13;;;;0;;;;0;;;0;;;;36.4;1;;;;;;;;;0;;;;;;;;;;;;;;;;;;0;;;0;;;0;;;;;;0;;;0;;;0;;;;;;0;;;;;;;;;;;;;;;0;1
11203001;LEZIGNAN-CORBIE;43.236667;2.758333;56;199901;52.0;1;31;;15.0;1;1;8;4;3;0;0;0;;;0;;;;12.0;1;31;;19.0;1;4;4.0;1;10;0;0;0;0;31;31;0;5.3;1;31;;-1.0;1;31;11.0;1;7;0;0;30;31;31;0;0;6;6.7;1;14.0;1;25;31;8.6;1;31;;;0;;1.5;1;31;13.5;1;7;;;;0;;;;0;;;0;;;;39.7;1;;;;;;;;;0;;;;;;;;;;;;;;;;;;0;;;0;;;0;;;;;;0;;;0;;;0;;;;;;0;;;;;;;;;;;;;;;0;0
11203001;LEZIGNAN-CORBIE;43.236667;2.758333;56;199902;2.0;1;28;;1.0;1;23;2;0;0;0;0;0;;;0;;;;10.1;1;28;;17.0;1;21;3.0;1;14;0;0;0;0;28;28;0;4.3;1;28;;-5.0;1;14;12.0;1;22;1;0;26;28;28;0;0;7;5.8;1;13.0;1;25;28;7.2;1;28;;;0;;-1.0;1;14;14.0;1;21;;;;0;;;;0;;;0;;;;55.9;1;;;;;;;;;0;;;;;;;;;;;;;;;;;;0;;;0;;;0;;;;;;0;;;0;;;0;;;;;;0;;;;;;;;;;;;;;;0;0
11203001;LEZIGNAN-CORBIE;43.236667;2.758333;56;199903;9.5;1;31;;3.0;1;24;6;0;0;0;0;0;;;0;;;;15.4;1;31;;23.0;1;30;10.0;1;5;0;0;0;0;30;31;0;7.1;1;31;;0.0;1;8;12.0;1;12;0;0;24;31;31;0;0;1;8.3;1;19.0;1;31;31;11.3;1;31;;;0;;6.5;1;7;15.5;1;30;;;;0;;;;0;;;0;;;;86.7;1;;;;;;;;;0;;;;;;;;;;;;;;;;;;0;;;0;;;0;;;;;;0;;;0;;;0;;;;;;0;;;;;;;;;;;;;;;0;0
11203001;LEZIGNAN-CORBIE;43.236667;2.758333;56;199904;62.8;1;30;;23.0;1;25;12;3;2;0;0;0;;;0;;;;18.3;1;30;;27.0;1;5;9.0;1;15;0;1;0;0;22;30;0;9.5;1;30;;5.0;1;25;14.0;1;30;0;0;20;30;30;0;0;0;8.8;1;15.0;1;6;30;13.9;1;30;;;0;;7.0;1;15;20.0;1;5;;;;0;;;;0;;;0;;;;108.9;1;;;;;;;;;0;;;;;;;;;;;;;;;;;;0;;;0;;;0;;;;;;0;;;0;;;0;;;;;;0;;;;;;;;;;;;;;;0;0
11203001;LEZIGNAN-CORBIE;43.236667;2.758333;56;199905;134.5;1;31;;47.0;1;3;11;4;3;2;0;0;;;0;;;;22.4;1;31;;29.0;1;13;16.0;1;3;0;11;0;0;9;28;0;14.3;1;31;;10.0;1;18;18.0;1;30;0;0;1;22;31;0;0;0;8.1;1;16.0;1;25;31;18.3;1;31;;;0;;14.5;1;1;23.0;1;13;;;;0;;;;0;;;0;;;;113.9;1;;;;;;;;;0;;;;;;;;;;;;;;;;;;0;;;0;;;0;;;;;;0;;;0;;;0;;;;;;0;;;;;;;;;;;;;;;0;1
11203001;LEZIGNAN-CORBIE;43.236667;2.758333;56;199906;28.5;1;30;;13.0;1;26;6;2;1;0;0;0;;;0;;;;26.2;1;30;;31.0;1;16;21.0;1;26;0;23;1;0;0;21;0;14.8;1;30;;9.0;1;23;19.0;1;30;0;0;1;16;30;0;0;0;11.4;1;20.0;1;23;30;20.5;1;30;;;0;;17.0;1;7;23.5;1;16;;;;0;;;;0;;;0;;;;176.7;1;;;;;;;;;0;;;;;;;;;;;;;;;;;;0;;;0;;;0;;;;;;0;;;0;;;0;;;;;;0;;;;;;;;;;;;;;;1;0
11203001;LEZIGNAN-CORBIE;43.236667;2.758333;56;199907;3.3;1;31;;1.8;1;29;2;0;0;0;0;0;;;0;;;;30.1;1;31;;36.0;1;1;26.0;1;22;0;31;18;1;0;6;9;17.5;1;31;;11.0;1;25;21.0;1;31;0;0;0;3;30;5;0;0;12.6;1;20.0;1;25;31;23.8;1;31;;;0;;21.0;1;25;26.0;1;31;;;;0;;;;0;;;0;;;;203.2;1;;;;;;;;;0;;;;;;;;;;;;;;;;;;0;;;0;;;0;;;;;;0;;;0;;;0;;;;;;0;;;;;;;;;;;;;;;0;0
11203001;LEZIGNAN-CORBIE;43.236667;2.758333;56;199908;87.6;1;31;;27.0;1;7;8;4;4;0;0;0;;;0;;;;29.0;1;31;;34.0;1;22;24.0;1;7;0;30;12;0;0;8;5;18.4;1;31;;15.0;1;14;23.0;1;4;0;0;0;2;25;9;0;0;10.6;1;17.0;1;22;31;23.7;1;31;;;0;;20.0;1;7;27.0;1;28;;;;0;;;;0;;;0;;;;152.2;1;;;;;;;;;0;;;;;;;;;;;;;;;;;;0;;;0;;;0;;;;;;0;;;0;;;0;;;;;;0;;;;;;;;;;;;;;;4;0
11203001;LEZIGNAN-CORBIE;43.236667;2.758333;56;199909;35.0;1;30;;25.0;1;14;4;2;1;0;0;0;;;0;;;;26.6;1;30;;35.0;1;2;22.0;1;30;0;22;5;1;0;22;2;15.5;1;30;;9.0;1;21;21.0;1;6;0;0;3;13;29;2;0;0;11.2;1;20.0;1;2;30;21.1;1;30;;;0;;16.5;1;21;25.0;1;2;;;;0;;;;0;;;0;;;;115.7;1;;;;;;;;;0;;;;;;;;;;;;;;;;;;0;;;0;;;0;;;;;;0;;;0;;;0;;;;;;0;;;;;;;;;;;;;;;0;0
11203001;LEZIGNAN-CORBIE;43.236667;2.758333;56;199910;100.0;1;31;;87.0;1;17;6;2;1;1;1;0;;;0;;;;21.2;1;31;;25.0;1;15;18.0;1;13;0;1;0;0;12;31;0;11.6;1;31;;3.0;1;7;17.0;1;3;0;0;11;27;31;0;0;0;9.5;1;19.0;1;7;31;16.4;1;31;;;0;;12.5;1;7;20.5;1;15;;;;0;;;;0;;;0;;;;72.4;1;;;;;;;;;0;;;;;;;;;0;;;;;;;;;0;;;0;;;0;;;;;;0;;;0;;;0;;;;;;0;;;;;;;;;;;;;;0;0;0
11203001;LEZIGNAN-CORBIE;43.236667;2.758333;56;199911;305.0;1;30;;206.0;1;12;5;4;3;2;2;1;;;0;;;;12.3;1;30;;22.0;1;2;3.0;1;21;0;0;0;0;29;30;0;5.6;1;30;;-1.0;1;26;18.0;1;2;0;0;27;29;30;0;0;5;6.7;1;15.0;1;5;30;8.9;1;30;;;0;;1.5;1;22;20.0;1;2;;;;0;;;;0;;;0;;;;46.5;1;;;;;;;;;0;;;;;;;;;0;;;;;;;;;0;;;0;;;0;;;;;;0;;;0;;;0;;;;;;0;;;;;;;;;;;;;;0;1;0
11203001;LEZIGNAN-CORBIE;43.236667;2.758333;56;199912;25.5;1;31;;7.5;1;26;6;2;0;0;0;0;;;0;;;;10.3;1;31;;19.0;1;26;4.0;1;16;0;0;0;0;31;31;0;4.2;1;31;;-3.0;1;7;10.0;1;27;0;0;31;31;31;0;0;4;6.1;1;14.0;1;7;31;7.2;1;31;;;0;;2.5;1;22;13.0;1;26;;;;0;;;;0;;;0;;;;40.9;1;;;;;;;;;0;;;;;;;;;;;;;;;;;;0;;;0;;;0;;;;;;0;;;0;;;0;;;;;;0;;;;;;;;;;;;;;;0;0
11203004;LEZIGNAN-CORBIERES;43.173000;2.728833;60;199501;33.0;1;31;;7.0;1;5;8;2;0;0;0;0;;;0;;;;11.3;1;31;;19.1;1;25;4.2;1;4;0;0;0;0;31;31;0;3.5;1;31;;-4.8;1;16;8.2;1;31;0;0;31;31;31;0;0;5;7.8;1;15.3;1;16;31;7.4;1;31;;;0;;1.5;1;5;12.6;1;31;20;1;5;31;99;1;30;31;81;1;25;8.2;1;31;41.0;1;36.0;1;300;1;10;29;24;2;31;33.0;1;300;1;10;28;24;2;31;23.0;1;290;1;11;28;25;9;31;7.8;1;31;;;0;;;;21282;1;31;;;0;;;0;;;;;;0;;;;;;;;;;;;;;;;
11203004;LEZIGNAN-CORBIERES;43.173000;2.728833;60;199502;22.2;1;28;;6.4;1;21;5;2;0;0;0;0;;;0;;;;15.1;1;28;;22.1;1;15;8.9;1;22;0;0;0;0;27;28;0;6.0;1;28;;0.2;1;20;12.0;1;25;0;0;24;28;28;0;0;0;9.1;1;16.6;1;20;28;10.6;1;28;;;0;;6.3;1;27;17.0;1;15;30;1;19;25;99;1;25;25;80;1;22;9.8;1;25;49.2;1;31.0;1;240;1;24;27;16;2;28;28.6;1;240;1;24;25;14;1;28;20.0;1;260;1;25;22;19;5;28;6.1;1;28;;;0;;;;28053;1;28;;;0;;;0;;;;;;0;;;;;;;;;;;;;;;;
11203004;LEZIGNAN-CORBIERES;43.173000;2.728833;60;199503;21.6;1;31;;10.6;1;5;5;1;1;0;0;0;;;0;;;;15.0;1;31;;23.2;1;24;8.0;1;4;0;0;0;0;29;31;0;4.4;1;31;;-2.3;1;1;9.9;1;25;0;0;31;31;31;0;0;3;10.7;1;23.7;1;24;31;9.7;1;31;;;0;;5.4;1;4;13.9;1;18;21;1;31;31;99;1;29;31;70;1;25;8.1;1;31;88.4;1;31.0;1;300;1;13;30;22;2;31;28.6;1;300;1;13;28;21;1;31;20.0;1;290;1;29;28;25;8;31;7.4;1;31;;;0;;;;46056;1;31;;;0;;;0;;;;;;0;;;;;;;;;;;;;;;;
11203004;LEZIGNAN-CORBIERES;43.173000;2.728833;60;199504;12.8;1;30;;10.8;1;24;1;1;1;0;0;0;;;0;;;;19.3;1;30;;26.3;1;12;10.5;1;25;0;2;0;0;19;30;0;7.7;1;30;;1.3;1;22;12.8;1;6;0;0;24;30;30;0;0;0;11.6;1;20.2;1;12;30;13.5;1;30;;;0;;8.8;1;25;18.7;1;2;23;1;27;30;99;1;30;30;67;1;27;10.0;1;30;114.9;1;27.0;1;280;1;25;26;16;0;30;25.1;1;180;1;25;24;15;0;30;18.0;1;270;1;25;24;19;8;30;6.8;1;30;;;0;;;;54058;1;29;;;0;;;0;;;;;;0;;;;;;;;;;;;;;;;
11203004;LEZIGNAN-CORBIERES;43.173000;2.728833;60;199505;48.0;1;31;;14.4;1;25;6;5;2;0;0;0;;;0;;;;22.3;1;31;;30.1;1;8;14.4;1;15;0;5;1;0;7;29;0;10.5;1;31;;4.9;1;15;16.3;1;10;0;0;12;30;31;0;0;0;11.8;1;22.8;1;8;31;16.4;1;31;16.1;1;31;0;9.7;1;15;22.0;1;9;32;1;5;28;99;1;31;28;67;1;17;12.3;1;28;139.8;1;29.0;1;300;1;13;28;14;1;31;26.9;1;300;1;13;24;11;0;31;19.0;1;280;1;13;23;16;3;31;6.1;1;31;;;0;;;;68436;1;31;;;0;;;0;;;;;;0;;;;;;;;;;;;;;;;
11203004;LEZIGNAN-CORBIERES;43.173000;2.728833;60;199506;41.4;1;30;;34.8;1;29;3;1;1;1;0;0;;;0;;;;26.2;1;30;;31.7;1;19;19.7;1;1;0;21;3;0;2;17;0;14.5;1;30;;9.6;1;25;20.0;1;22;0;0;1;20;30;1;0;0;11.8;1;20.2;1;26;30;20.4;1;30;20.2;1;30;2;15.8;1;11;24.8;1;30;24;1;26;28;99;1;30;28;63;1;27;14.9;1;30;171.1;1;19.0;1;300;1;23;27;12;0;28;25.1;1;;0;1;28;12;0;30;14.0;1;260;1;23;23;13;0;28;6.0;1;30;;;0;;;;66792;1;27;;;0;;;0;;;;;;0;;;;;;;;;;;;;;;;
11203004;LEZIGNAN-CORBIERES;43.173000;2.728833;60;199507;32.0;1;31;;18.0;1;4;2;2;2;0;0;0;;;0;;;;30.5;1;31;;36.5;1;29;23.4;1;4;0;30;18;2;0;3;10;18.9;1;31;;15.0;1;5;22.3;1;26;0;0;0;1;21;10;0;0;11.6;1;17.9;1;24;31;24.7;1;31;24.4;1;31;17;19.6;1;4;29.4;1;29;21;1;24;31;99;1;26;31;;;;20.2;1;31;194.0;1;21.0;1;280;1;2;29;8;0;31;19.7;1;280;1;2;24;6;0;31;14.0;1;260;1;22;23;10;0;31;5.5;1;31;;;0;;;;76586;1;31;;;0;;;0;;;;;;0;;;;;;;;;;;;;;;;
11203004;LEZIGNAN-CORBIERES;43.173000;2.728833;60;199508;22.4;1;31;;8.0;1;23;5;1;0;0;0;0;;;0;;;;29.7;1;31;;34.9;1;3;25.1;1;22;0;31;16;0;0;5;8;18.7;1;31;;12.6;1;31;23.0;1;4;0;0;0;2;22;9;0;0;11.0;1;16.4;1;3;31;24.2;1;31;23.7;1;31;14;19.0;1;31;27.9;1;4;26;1;3;30;99;1;26;30;62;1;20;18.9;1;30;183.3;1;27.0;1;300;1;20;29;14;0;31;25.1;1;300;1;20;25;14;0;31;15.0;1;280;1;28;23;18;3;31;6.0;1;31;;;0;;;;68026;1;31;;;0;;;0;;;;;;0;;;;;;;;;;;;;;;;
11203004;LEZIGNAN-CORBIERES;43.173000;2.728833;60;199509;79.0;1;30;;56.2;1;18;6;3;1;1;1;0;;;0;;;;23.1;1;30;;31.0;1;7;18.4;1;25;0;9;1;0;4;27;0;13.8;1;30;;7.7;1;30;19.3;1;7;0;0;2;23;30;0;0;0;9.4;1;15.3;1;3;30;18.4;1;30;;;0;;14.6;1;30;25.2;1;7;25;1;2;30;99;1;30;30;69;1;25;13.8;1;30;118.2;1;24.0;1;280;1;28;30;16;0;30;22.4;1;;0;28;29;8;0;30;15.0;1;270;1;8;26;15;1;30;6.1;1;30;;;0;;;;45506;1;30;;;0;;;0;;;;;;0;;;;;;;;;;;;;;;;
11203004;LEZIGNAN-CORBIERES;43.173000;2.728833;60;199510;40.8;1;31;;24.4;1;14;3;2;2;0;0;0;;;0;;;;22.0;1;31;;25.5;1;1;17.6;1;21;0;1;0;0;3;31;0;14.0;1;31;;6.6;1;22;17.9;1;3;0;0;3;18;31;0;0;0;8.0;1;13.6;1;31;31;18.0;1;31;;;0;;12.7;1;22;20.6;1;1;58;1;21;25;99;1;31;25;88;1;3;17.3;1;25;58.2;1;18.0;1;300;1;20;20;6;0;31;16.9;1;300;1;20;18;3;0;31;12.0;1;290;1;20;18;7;0;31;4.1;1;31;;;0;;;;32402;1;31;;;0;;;0;;;;;;0;;;;;;;;;;;;;;;;
11203004;LEZIGNAN-CORBIERES;43.173000;2.728833;60;199511;128.6;1;30;;64.8;1;25;7;5;4;1;1;0;;;0;;;;15.6;1;30;;21.9;1;7;9.1;1;22;0;0;0;0;27;30;0;6.7;1;30;;-4.9;1;6;16.3;1;11;0;0;23;29;30;0;0;3;8.9;1;21.1;1;6;30;11.2;1;30;11.0;1;30;0;5.4;1;28;18.0;1;12;15;1;5;23;99;1;25;23;63;1;12;9.9;1;23;49.0;1;24.0;1;300;1;3;24;14;0;30;22.4;1;300;1;3;22;12;0;30;15.0;1;300;1;4;20;17;3;30;5.9;1;29;;;0;;;;20555;1;30;;;0;;;0;;;;;;0;;;;;;;;;;;;;;;;
11203004;LEZIGNAN-CORBIERES;43.173000;2.728833;60;199512;158.6;1;31;;40.0;1;16;10;7;6;2;0;0;;;0;;;;12.1;1;31;;18.4;1;24;1.9;1;14;0;0;0;0;31;31;0;4.6;1;31;;-5.1;1;15;10.4;1;25;1;0;29;31;31;0;0;4;7.6;1;17.8;1;15;31;8.3;1;31;8.0;1;31;0;0.5;1;14;14.4;1;25;15;1;23;17;99;1;29;18;69;1;1;6.9;1;17;29.1;1;25.0;1;;0;26;15;9;0;29;23.3;1;;0;26;14;7;0;29;17.0;1;270;1;13;14;12;4;29;4.1;1;28;;;0;;;;12700;1;31;;;0;;;0;;;;;;0;;;;;;;;;;;;;;;;
11203004;LEZIGNAN-CORBIERES;43.173000;2.728833;60;199601;259.6;1;31;;61.2;1;28;17;8;7;3;1;0;;;0;;;;13.1;1;31;;15.1;1;15;9.5;1;4;0;0;0;0;31;31;0;7.0;1;31;;-0.1;1;4;12.2;1;22;0;0;24;31;31;0;0;1;6.1;1;12.2;1;8;31;10.0;1;31;10.0;1;31;0;4.7;1;4;13.6;1;15;15;1;18;26;99;1;30;17;83;1;1;10.1;1;17;28.5;1;26.0;1;280;1;2;24;13;0;28;24.2;1;;0;2;24;12;0;28;17.0;1;270;1;2;20;14;2;28;5.6;1;31;;;0;;;;14657;1;31;;;0;;;0;;;;;;0;;;;;;;;;;;;;;;;
11203004;LEZIGNAN-CORBIERES;43.173000;2.728833;60;199602;155.8;9;29;;57.6;1;1;13;8;4;1;1;0;;;0;;;;10.4;1;29;;16.2;1;12;1.0;1;21;0;0;0;0;29;29;0;3.0;1;29;;-3.2;1;22;7.2;1;26;0;0;29;29;29;0;0;5;7.4;1;11.8;1;25;29;6.7;1;29;6.2;1;29;0;-0.3;1;21;11.2;1;26;15;1;20;29;99;1;29;29;78;1;8;7.1;1;29;53.2;1;32.0;1;300;1;8;25;21;7;26;29.5;1;300;1;8;24;19;2;26;22.0;1;300;1;8;23;19;7;26;8.2;1;25;;;0;;;;28231;1;29;;;0;;;0;;;;;;0;;;;;;;;;;;;;;;;
11203004;LEZIGNAN-CORBIERES;43.173000;2.728833;60;199603;72.4;9;31;;29.6;9;15;8;4;3;0;0;0;;;0;;;;13.6;1;31;;20.1;1;22;7.6;1;6;0;0;0;0;30;31;0;6.0;1;31;;0.7;1;19;11.5;1;25;0;0;26;31;31;0;0;0;7.7;1;16.4;1;22;31;9.8;1;31;9.4;1;31;0;5.4;1;6;14.3;1;25;15;1;31;30;99;1;31;30;62;1;2;7.4;1;30;84.2;1;32.0;1;280;1;16;24;14;1;31;29.5;1;280;1;16;24;12;1;31;17.0;1;260;1;16;23;15;3;31;6.2;1;31;;;0;;;;38569;1;31;;;0;;;0;;;;;;0;;;;;;;;;;;;;;;;
11203004;LEZIGNAN-CORBIERES;43.173000;2.728833;60;199604;65.4;1;30;;23.2;1;28;9;4;3;0;0;0;;;0;;;;17.9;1;30;;23.8;1;13;9.9;1;3;0;0;0;0;22;30;0;8.8;1;30;;-1.2;1;5;13.7;1;22;0;0;16;30;30;0;0;1;9.1;1;16.5;1;13;30;13.4;1;30;13.1;1;30;0;6.0;1;5;17.1;1;11;15;1;30;30;99;1;30;30;;;0;10.0;1;30;112.6;1;28.0;1;300;1;3;28;16;1;30;26.0;1;300;1;3;26;15;0;30;20.0;1;290;1;3;25;22;4;30;6.9;1;30;;;0;;;;52369;1;30;;;0;;;0;;;;;;0;;;;;;;;;;;;;;;;
11203004;LEZIGNAN-CORBIERES;43.173000;2.728833;60;199605;52.0;1;31;;12.4;1;18;8;3;2;0;0;0;;;0;;;;21.3;1;31;;30.4;1;29;15.6;1;11;0;5;1;0;13;28;0;11.5;1;31;;6.0;1;3;17.6;1;26;0;0;12;27;31;0;0;0;9.8;1;16.9;1;31;31;16.4;1;31;16.0;1;31;0;12.4;1;2;22.5;1;29;15;1;31;31;99;1;25;31;;;0;11.1;1;31;152.3;1;27.0;1;300;1;27;28;10;0;31;25.1;1;;0;27;28;10;0;31;19.0;1;280;1;12;27;17;4;31;6.1;1;31;;;0;;;;67684;1;31;;;0;;;0;;;;;;0;;;;;;;;;;;;;;;;
11203004;LEZIGNAN-CORBIERES;43.173000;2.728833;60;199606;32.6;1;30;;20.4;1;1;4;1;1;0;0;0;;;0;;;;27.3;1;30;;33.6;1;19;17.7;1;2;0;21;9;0;3;11;4;15.7;1;30;;10.7;1;2;21.1;1;13;0;0;0;15;28;2;0;0;11.7;1;18.3;1;11;30;21.5;1;30;21.2;1;30;7;14.2;1;2;26.5;1;12;15;1;22;30;99;1;25;30;;;0;17.7;1;30;169.9;1;25.0;1;260;1;29;25;15;0;30;23.3;1;260;1;29;25;12;0;30;16.0;1;250;1;3;21;16;2;30;6.0;1;30;;;0;;;;75164;1;30;;;0;;;0;;;;;;0;;;;;;;;;;;;;;;;
11203004;LEZIGNAN-CORBIERES;43.173000;2.728833;60;199607;19.8;1;31;;6.0;1;27;5;1;0;0;0;0;;;0;;;;29.8;1;31;;36.5;1;16;22.4;1;2;0;28;14;3;0;9;12;17.7;1;31;;12.5;1;3;23.0;1;25;0;0;0;8;24;7;0;0;12.1;1;18.1;1;16;31;23.8;1;31;;;0;;17.8;1;8;28.7;1;25;18;1;4;31;99;1;5;31;;;0;16.5;1;31;194.3;1;28.0;1;;0;7;30;14;1;31;26.0;1;;0;7;24;11;0;31;16.0;1;300;1;8;21;14;2;31;5.6;1;31;;;0;;;;71188;1;31;;;0;;;0;;;;;;0;;;;;;;;;;;;;;;;
11203004;LEZIGNAN-CORBIERES;43.173000;2.728833;60;199608;139.6;1;31;;48.0;1;10;10;6;5;1;0;0;;;0;;;;27.4;1;31;;33.9;1;18;21.9;1;27;0;22;7;0;0;15;4;16.5;1;31;;12.4;1;23;22.0;1;20;0;0;0;8;29;2;0;0;10.9;1;17.6;1;18;31;21.9;1;31;;;0;;18.5;1;28;25.1;1;20;19;1;27;31;96;1;27;31;;;0;16.6;1;31;152.8;1;33.0;1;280;1;10;27;11;1;31;30.4;1;280;1;10;25;10;1;31;19.0;1;280;1;10;21;11;2;31;4.9;1;31;;;0;;;;59528;1;31;;;0;;;0;;;;;;0;;;;;;;;;;;;;;;;
11203004;LEZIGNAN-CORBIERES;43.173000;2.728833;60;199609;52.0;1;30;;23.6;1;17;6;3;2;0;0;0;;;0;;;;23.1;1;30;;29.0;1;5;17.5;1;17;0;9;0;0;8;25;0;12.1;1;30;;6.1;1;16;17.0;1;6;0;0;9;27;30;0;0;0;11.0;1;18.7;1;16;30;17.6;1;30;17.1;1;30;0;14.1;1;20;22.3;1;6;20;1;18;30;96;1;21;30;;;0;11.9;1;30;121.1;1;23.0;1;270;1;6;25;10;0;30;21.5;1;;0;6;23;8;0;30;16.0;1;260;1;22;21;13;1;30;5.1;1;30;;;0;;;;48208;1;30;;;0;;;0;;;;;;0;;;;;;;;;;;;;;;;
11203004;LEZIGNAN-CORBIERES;43.173000;2.728833;60;199610;159.2;1;31;;139.2;1;14;5;2;2;1;1;1;;;0;;;;19.1;1;31;;25.9;1;22;13.6;1;6;0;1;0;0;20;31;0;11.2;1;31;;4.0;1;31;15.4;1;22;0;0;10;29;31;0;0;0;7.9;1;15.9;1;18;31;15.2;1;31;;;0;;10.9;1;6;20.7;1;22;;;;0;;;;0;;;0;;;;66.4;1;25.0;1;280;1;14;25;15;0;31;23.3;1;280;1;14;25;14;0;31;17.0;1;290;1;7;25;20;4;31;6.5;1;31;;;0;;;;33175;1;31;;;0;;;0;;;;;;0;;;;;;;;;;;;;;;;
11203004;LEZIGNAN-CORBIERES;43.173000;2.728833;60;199611;132.8;1;30;;24.0;1;12;9;8;6;0;0;0;;;0;;;;14.1;1;30;;21.5;1;12;6.2;1;17;0;0;0;0;24;30;0;7.0;1;30;;0.3;1;25;13.7;1;2;0;0;24;30;30;0;0;0;7.2;1;15.6;1;7;30;10.6;1;30;;;0;;4.3;1;17;17.4;1;2;;;;0;;;;0;;;0;;;;40.7;1;30.0;1;280;1;28;25;17;2;30;27.7;1;280;1;28;25;15;0;30;19.0;1;270;1;28;24;20;6;30;6.4;1;30;;;0;;;;18837;1;30;;;0;;;0;;;;;;0;;;;;;;;;;;;;;;;
11203004;LEZIGNAN-CORBIERES;43.173000;2.728833;60;199612;270.6;1;31;;93.6;1;7;11;7;6;4;2;0;;;0;;;;10.8;1;31;;16.7;1;4;0.3;1;31;0;0;0;0;31;31;0;5.5;1;31;;-6.1;1;29;12.0;1;5;1;0;26;31;31;0;0;6;5.3;1;14.5;1;4;31;8.1;1;31;;;0;;-2.0;1;31;13.2;1;5;17;1;23;1;52;1;23;1;;;0;3.9;1;1;25.8;1;30.0;1;300;1;1;27;11;1;29;27.7;1;300;1;1;21;10;0;29;19.0;1;280;1;26;21;14;5;29;5.4;1;31;;;0;;;;13712;1;31;;;0;;;0;;;;;;0;;;;;;;;;;;;;;;;
11203004;LEZIGNAN-CORBIERES;43.173000;2.728833;60;199701;86.8;1;31;;23.6;1;24;11;7;2;0;0;0;;;0;;;;10.6;1;31;;15.7;1;25;3.4;1;4;0;0;0;0;31;31;0;4.5;1;31;;-4.1;1;1;12.6;1;22;0;0;27;31;31;0;0;3;6.1;1;12.6;1;13;31;7.6;1;31;7.2;1;31;0;-0.1;1;1;13.7;1;22;69;1;31;2;92;1;31;2;84;1;1;7.0;1;3;31.3;1;22.0;1;300;1;10;22;10;0;31;20.6;1;300;1;10;20;6;0;31;16.0;1;280;1;4;18;14;2;31;4.8;1;31;;;0;;;;13224;1;31;;;0;;;0;;;;;;0;;;;;;;;;;;;;;;;
11203004;LEZIGNAN-CORBIERES;43.173000;2.728833;60;199702;11.4;1;28;;4.8;1;14;3;0;0;0;0;0;;;0;;;;15.5;1;28;;19.3;1;6;10.5;1;15;0;0;0;0;28;28;0;5.5;1;28;;-2.7;1;10;11.9;1;12;0;0;27;28;28;0;0;1;10.0;1;16.6;1;28;28;10.5;1;28;9.9;1;28;0;4.1;1;10;15.0;1;12;26;1;28;28;99;1;27;28;78;1;24;9.3;1;28;53.0;1;32.0;1;280;1;26;21;11;1;28;29.5;1;280;1;26;20;7;1;28;20.0;1;270;1;26;19;15;4;28;5.1;1;28;;;0;;;;28335;1;28;;;0;;;0;;;;;;0;;;;;;;;;;;;;;;;
11203004;LEZIGNAN-CORBIERES;43.173000;2.728833;60;199703;0.6;1;31;;0.4;1;14;0;0;0;0;0;0;;;0;;;;19.7;1;31;;26.4;1;17;14.3;1;1;0;1;0;0;19;31;0;7.6;1;31;;1.3;1;10;14.9;1;18;0;0;24;31;31;0;0;0;12.2;1;20.5;1;23;31;13.7;1;31;13.2;1;31;0;9.2;1;1;19.8;1;18;24;1;17;31;99;1;26;31;64;1;4;9.4;1;31;114.8;1;26.0;1;280;1;14;24;15;0;31;24.2;1;280;1;14;22;13;0;31;18.0;1;280;1;19;21;17;4;31;6.4;1;31;;;0;;;;55056;1;31;;;0;;;0;;;;;;0;;;;;;;;;;;;;;;;
11203004;LEZIGNAN-CORBIERES;43.173000;2.728833;60;199704;20.0;1;30;;14.4;1;19;4;1;1;0;0;0;;;0;;;;20.4;1;30;;26.8;1;11;11.0;1;19;0;3;0;0;14;30;0;7.8;1;30;;1.5;1;1;13.3;1;29;0;0;20;30;30;0;0;0;12.7;1;22.7;1;11;30;14.1;1;30;14.0;1;30;0;9.9;1;19;18.4;1;16;18;1;16;29;99;1;24;29;64;1;1;9.3;1;29;135.1;1;27.0;1;280;1;4;27;11;0;30;25.1;1;280;1;4;25;11;0;30;19.0;1;250;1;4;24;17;6;30;6.4;1;30;;;0;;;;62673;1;30;;;0;;;0;;;;;;0;;;;;;;;;;;;;;;;
11203004;LEZIGNAN-CORBIERES;43.173000;2.728833;60;199705;76.0;1;31;;35.6;1;12;7;4;2;1;0;0;;;0;;;;22.6;1;31;;33.6;1;28;15.0;1;12;0;7;2;0;7;29;1;11.9;1;31;;5.0;1;8;16.8;1;24;0;0;8;26;31;0;0;0;10.6;1;19.2;1;27;31;17.3;1;31;17.1;1;31;1;10.4;1;8;24.5;1;28;32;1;1;15;98;1;3;15;65;1;9;13.6;1;15;129.3;1;28.0;1;200;1;6;24;4;1;31;26.0;1;200;1;6;21;4;0;31;20.0;1;260;1;6;20;8;2;31;4.7;1;31;;;0;;;;62076;1;31;;;0;;;0;;;;;;0;;;;;;;;;;;;;;;;
11203004;LEZIGNAN-CORBIERES;43.173000;2.728833;60;199706;155.8;1;30;;71.8;1;1;4;4;3;3;1;0;;;0;;;;24.5;1;30;;30.2;1;8;17.9;1;1;0;14;1;0;4;24;0;15.3;1;30;;9.6;1;28;20.7;1;13;0;0;3;14;29;1;0;0;9.2;1;16.7;1;25;30;19.9;1;30;;;0;;14.6;1;28;24.1;1;13;43;1;27;30;95;1;12;30;72;1;30;16.2;1;30;133.7;1;18.0;1;260;1;29;23;5;0;30;16.9;1;260;1;29;22;5;0;30;12.0;1;;0;23;18;9;0;30;4.8;1;30;;;0;;;;57801;1;30;;;0;;;0;;;;;;0;;;;;;;;;;;;;;;;
11203004;LEZIGNAN-CORBIERES;43.173000;2.728833;60;199707;5.0;1;31;;4.0;1;2;1;0;0;0;0;0;;;0;;;;28.8;1;31;;35.9;1;29;22.7;1;5;0;26;12;2;0;12;7;17.1;1;31;;13.5;1;9;21.7;1;30;0;0;0;9;27;4;0;0;11.7;1;17.1;1;29;31;23.0;1;31;22.6;1;31;9;18.1;1;5;28.0;1;30;31;1;12;31;93;1;23;31;65;1;31;17.5;1;31;189.5;1;24.0;1;260;1;17;28;14;0;31;22.4;1;260;1;17;28;12;0;31;15.0;1;;0;17;22;15;1;31;6.2;1;31;;;0;;;;76244;1;31;;;0;;;0;;;;;;0;;;;;;;;;;;;;;;;
11203004;LEZIGNAN-CORBIERES;43.173000;2.728833;60;199708;101.8;1;31;;58.0;1;10;6;4;2;1;1;0;;;0;;;;30.1;1;31;;35.6;1;2;23.4;1;28;0;28;17;2;0;5;9;18.8;1;31;;12.6;1;30;22.5;1;8;0;0;0;4;17;14;0;0;11.3;1;18.3;1;30;31;24.5;1;31;23.9;1;31;18;19.1;1;28;28.7;1;14;32;1;1;31;99;1;27;31;76;1;31;22.0;1;31;147.6;1;30.0;1;220;1;11;24;4;1;31;27.7;1;220;1;11;19;3;0;31;15.0;1;280;1;28;17;6;2;31;3.8;1;31;;;0;;;;62623;1;31;;;0;;;0;;;;;;0;;;;;;;;;;;;;;;;
11203004;LEZIGNAN-CORBIERES;43.173000;2.728833;60;199709;46.4;1;30;;44.4;1;1;1;1;1;1;0;0;;;0;;;;27.2;1;30;;31.9;1;20;22.9;1;13;0;26;3;0;0;15;0;14.5;1;30;;8.2;1;19;21.0;1;1;0;0;2;19;28;2;0;0;12.6;1;21.3;1;19;30;20.9;1;30;20.2;1;29;1;17.1;1;15;25.1;1;10;42;1;19;30;99;1;30;30;78;1;27;17.8;1;30;113.1;1;19.0;1;260;1;1;15;5;0;28;17.8;1;260;1;1;14;2;0;28;12.0;1;270;1;2;13;6;0;28;4.0;1;30;;;0;;;;52465;1;30;;;0;;;0;;;;;;0;;;;;;;;;;;;;;;;
11203004;LEZIGNAN-CORBIERES;43.173000;2.728833;60;199710;33.0;1;31;;15.0;1;23;6;2;1;0;0;0;;;0;;;;21.8;1;31;;31.3;1;1;12.3;1;30;0;9;4;0;12;25;0;12.6;1;31;;2.0;1;27;18.6;1;2;0;0;9;17;31;0;0;0;9.2;1;18.6;1;1;31;17.2;1;31;16.4;1;31;1;9.3;1;30;24.4;1;9;37;1;25;31;99;1;28;31;78;1;27;15.0;1;31;78.9;1;29.0;1;280;1;12;23;13;1;31;26.9;1;280;1;12;21;11;0;31;18.0;1;270;1;12;19;15;2;30;5.4;1;31;;;0;;;;31873;1;31;;;0;;;0;;;;;;0;;;;;;;;;;;;;;;;
11203004;LEZIGNAN-CORBIERES;43.173000;2.728833;60;199711;112.1;1;30;;69.4;1;26;9;3;2;1;1;0;;;0;;;;16.3;1;30;;23.1;1;6;12.2;1;21;0;0;0;0;26;30;0;7.5;1;30;;-0.7;1;1;15.1;1;4;0;0;22;29;30;0;0;1;8.8;1;14.9;1;1;30;11.9;1;30;11.3;1;30;0;6.8;1;1;18.8;1;6;50;1;15;30;99;1;28;30;84;1;27;11.4;1;30;38.2;1;20.0;1;280;1;11;20;8;0;27;18.7;1;280;1;11;18;6;0;27;13.0;1;270;1;22;18;8;0;27;4.5;1;30;;;0;;;;20164;1;30;;;0;;;0;;;;;;0;;;;;;;;;;;;;;;;
11203004;LEZIGNAN-CORBIERES;43.173000;2.728833;60;199712;71.0;1;31;;50.0;1;16;7;2;1;1;1;0;;;0;;;;12.3;1;31;;21.1;1;11;4.6;1;4;0;0;0;0;30;31;0;5.1;1;31;;-1.8;1;8;12.4;1;18;0;0;29;31;31;0;0;3;7.2;1;14.7;1;8;31;8.7;1;31;8.2;1;30;0;2.8;1;4;15.7;1;11;40;1;14;31;99;1;29;31;79;1;27;8.8;1;31;39.6;1;26.0;1;120;1;16;22;15;0;28;24.2;1;120;1;16;19;13;0;28;18.0;1;110;1;16;20;17;7;27;6.3;1;31;;;0;;;;16501;1;31;;;0;;;0;;;;;;0;;;;;;;;;;;;;;;;
11203004;LEZIGNAN-CORBIERES;43.173000;2.728833;60;199801;25.2;1;31;;10.6;1;16;7;1;1;0;0;0;;;0;;;;11.5;1;31;;18.1;1;3;4.4;1;25;0;0;0;0;31;31;0;4.6;1;31;;-4.6;1;23;12.6;1;13;0;0;27;31;31;0;0;3;6.9;1;15.6;1;7;31;8.0;1;31;7.5;1;31;0;1.8;1;23;15.3;1;13;35;1;24;31;99;1;23;31;77;1;22;8.0;1;31;41.5;1;29.0;1;300;1;17;17;12;1;27;26.9;1;300;1;17;16;10;0;27;19.0;1;300;1;21;15;14;4;26;5.6;1;31;;;0;;;;16057;1;31;;;0;;;0;;;;;;0;;;;;;;;;;;;;;;;
11203004;LEZIGNAN-CORBIERES;43.173000;2.728833;60;199802;34.2;1;28;;17.0;1;2;4;2;2;0;0;0;;;0;;;;14.6;1;28;;25.5;1;15;8.1;1;3;0;1;0;0;26;28;0;4.6;1;28;;-1.7;1;7;10.1;1;21;0;0;26;28;28;0;0;3;10.0;1;25.0;1;15;28;9.6;1;28;;;0;;6.0;1;7;13.7;1;27;19;1;15;28;99;1;22;28;76;1;26;8.2;1;28;55.6;1;24.0;1;300;1;23;19;11;0;28;22.4;1;300;1;23;17;10;0;28;17.0;1;280;1;23;15;12;5;28;5.5;1;28;;;0;;;;27393;1;28;;;0;;;0;;;;;;0;;;;;;;;;;;;;;;;
11203004;LEZIGNAN-CORBIERES;43.173000;2.728833;60;199803;31.6;1;31;;18.0;1;11;4;2;1;0;0;0;;;0;;;;16.6;1;31;;23.1;1;27;9.5;1;12;0;0;0;0;27;31;0;6.9;1;31;;-0.1;1;3;11.9;1;29;0;0;26;31;31;0;0;1;9.7;1;18.3;1;6;31;11.7;1;31;;;0;;7.6;1;22;16.2;1;18;15;1;25;31;99;1;31;31;65;1;30;8.2;1;31;103.7;1;30.0;1;300;1;15;25;18;1;31;27.7;1;300;1;15;24;16;0;31;19.0;1;290;1;15;24;21;6;31;7.3;1;31;;;0;;;;42857;1;31;;;0;;;0;;;;;;0;;;;;;;;;;;;;;;;
11203004;LEZIGNAN-CORBIERES;43.173000;2.728833;60;199804;79.8;1;30;;34.6;1;26;11;5;2;1;0;0;;;0;;;;17.5;1;30;;25.7;1;25;11.5;1;13;0;1;0;0;26;30;0;6.9;1;30;;-1.3;1;14;12.4;1;24;0;0;24;30;30;0;0;1;10.7;1;15.5;1;19;30;12.2;1;30;;;0;;5.9;1;14;18.4;1;25;26;1;19;30;99;1;20;30;71;1;28;9.2;1;30;103.9;1;30.0;1;300;1;17;29;15;1;30;27.7;1;300;1;17;26;14;0;30;21.0;1;300;1;17;23;16;9;30;5.9;1;30;;;0;;;;51891;1;30;;;0;;;0;;;;;;0;;;;;;;;;;;;;;;;
11203004;LEZIGNAN-CORBIERES;43.173000;2.728833;60;199805;20.6;1;31;;15.2;1;30;4;1;1;0;0;0;;;0;;;;23.2;1;31;;30.1;1;14;14.3;1;4;0;12;1;0;6;28;0;12.4;1;31;;6.2;1;7;17.0;1;22;0;0;5;27;31;0;0;0;10.8;1;19.9;1;14;31;17.8;1;31;;;0;;12.5;1;4;22.5;1;22;25;1;21;31;99;1;2;31;63;1;31;11.5;1;31;167.5;1;35.0;1;280;1;15;26;13;1;31;32.2;1;280;1;15;26;11;1;31;19.0;1;300;1;5;23;18;4;31;6.5;1;31;;;0;;;;72298;1;31;;;0;;;0;;;;;;0;;;;;;;;;;;;;;;;
11203004;LEZIGNAN-CORBIERES;43.173000;2.728833;60;199806;32.0;1;30;;13.0;1;3;4;3;2;0;0;0;;;0;;;;26.6;1;30;;33.4;1;24;18.8;1;11;0;21;5;0;2;16;4;15.6;1;30;;9.8;1;12;19.7;1;30;0;0;1;10;30;0;0;0;11.0;1;21.5;1;18;30;21.1;1;30;;;0;;14.6;1;12;25.9;1;29;15;1;24;30;99;1;7;30;61;1;30;14.3;1;30;178.1;1;27.0;1;300;1;29;28;12;0;30;25.1;1;300;1;29;23;8;0;30;15.0;1;290;1;12;21;17;2;30;5.9;1;30;;;0;;;;70100;1;30;;;0;;;0;;;;;;0;;;;;;;;;;;;;;;;
11203004;LEZIGNAN-CORBIERES;43.173000;2.728833;60;199807;29.8;1;31;;23.4;1;1;3;1;1;0;0;0;;;0;;;;29.4;1;31;;37.9;1;23;22.8;1;31;0;28;12;3;0;7;5;18.0;1;31;;12.4;1;16;21.5;1;24;0;0;0;3;27;5;0;0;11.4;1;18.8;1;23;31;23.7;1;31;;;0;;20.3;1;7;28.5;1;23;15;1;22;31;97;1;2;31;56;1;31;15.3;1;31;227.4;1;24.0;1;120;1;20;31;22;0;31;22.4;1;120;1;20;29;17;0;31;16.0;1;290;1;7;27;23;1;31;7.1;1;31;;;0;;;;77210;1;31;;;0;;;0;;;;;;0;;;;;;;;;;;;;;;;
11203004;LEZIGNAN-CORBIERES;43.173000;2.728833;60;199808;40.0;1;31;;24.6;1;3;4;2;2;0;0;0;;;0;;;;29.8;1;31;;36.2;1;17;21.5;1;1;0;28;16;1;0;8;12;17.9;1;31;;8.8;1;30;22.0;1;16;0;0;1;5;23;9;0;0;11.9;1;18.4;1;26;31;23.9;1;31;23.1;1;31;15;17.2;1;30;29.1;1;17;15;1;6;31;99;1;10;31;58;1;22;15.9;1;31;198.8;1;23.0;1;280;1;4;21;14;0;25;21.5;1;280;1;4;17;11;0;25;16.0;1;290;1;4;17;13;1;25;6.4;1;31;;;0;;;;66380;1;31;;;0;;;0;;;;;;0;;;;;;;;;;;;;;;;
11203004;LEZIGNAN-CORBIERES;43.173000;2.728833;60;199809;63.8;1;30;;12.6;1;23;12;6;1;0;0;0;;;0;;;;24.0;1;30;;28.2;1;18;19.6;1;13;0;11;0;0;3;26;0;14.6;1;30;;6.9;1;20;20.3;1;2;0;0;2;16;28;3;0;0;9.4;1;17.5;1;20;30;19.3;1;30;18.7;1;30;0;15.7;1;20;23.5;1;3;18;1;18;30;99;1;27;30;75;1;30;15.4;1;30;108.2;1;22.0;1;300;1;12;29;12;0;30;20.6;1;300;1;12;26;11;0;30;15.0;1;290;1;12;25;14;1;30;5.6;1;30;;;0;;;;42275;1;30;;;0;;;0;;;;;;0;;;;;;;;;;;;;;;;
11203004;LEZIGNAN-CORBIERES;43.173000;2.728833;60;199810;37.4;1;31;;10.8;1;6;6;3;1;0;0;0;;;0;;;;19.8;1;31;;24.5;1;15;15.5;1;8;0;0;0;0;18;31;0;11.0;1;31;;2.4;1;21;16.5;1;17;0;0;7;30;31;0;0;0;8.9;1;16.3;1;28;31;15.4;1;31;14.7;1;31;0;10.5;1;21;18.9;1;24;36;1;14;31;99;1;29;31;77;1;30;12.3;1;31;80.9;1;20.0;1;280;1;29;27;14;0;31;18.7;1;280;1;29;23;10;0;31;14.0;1;280;1;29;21;15;0;31;5.6;1;31;;;0;;;;34904;1;31;;;0;;;0;;;;;;0;;;;;;;;;;;;;;;;
11203004;LEZIGNAN-CORBIERES;43.173000;2.728833;60;199811;36.6;1;30;;9.0;1;12;10;3;0;0;0;0;;;0;;;;12.9;1;30;;21.7;1;9;5.1;1;22;0;0;0;0;28;30;0;4.9;1;30;;-7.6;1;22;13.5;1;2;1;0;27;30;30;0;0;4;7.9;1;16.0;1;9;30;8.9;1;30;8.5;1;30;0;-1.3;1;22;17.4;1;2;23;1;21;30;99;1;28;30;;;;8.4;1;30;48.4;1;24.0;1;290;1;26;25;15;0;30;22.4;1;;0;26;23;14;0;30;17.0;1;280;1;30;22;17;4;30;6.2;1;30;;;0;;;;21464;1;30;;;0;;;0;;;;;;0;;;;;;;;;;;;;;;;
11203004;LEZIGNAN-CORBIERES;43.173000;2.728833;60;199812;80.4;1;31;;45.6;1;30;6;4;2;1;0;0;;;0;;;;11.2;1;31;;17.9;1;13;4.6;1;3;0;0;0;0;31;31;0;3.3;1;31;;-4.4;1;23;11.4;1;13;0;0;29;31;31;0;0;4;7.9;1;12.8;1;26;31;7.2;1;31;6.9;1;31;0;1.5;1;23;14.7;1;13;24;1;7;25;99;1;31;25;79;1;23;7.9;1;25;35.4;1;34.0;1;280;1;20;24;16;2;31;31.3;1;280;1;20;24;15;1;31;18.0;1;290;1;21;22;19;3;31;5.9;1;31;;;0;;;;15478;1;31;;;0;;;0;;;;;;0;;;;;;;;;;;;;;;;
11203004;LEZIGNAN-CORBIERES;43.173000;2.728833;60;199901;84.4;1;31;;39.4;1;1;7;3;3;1;0;0;;;0;;;;12.4;1;31;;19.5;1;4;3.9;1;11;0;0;0;0;31;31;0;4.7;1;31;;-1.8;1;31;10.6;1;8;0;0;28;31;31;0;0;2;7.6;1;14.7;1;24;31;8.6;1;31;;;0;;1.3;1;31;13.8;1;7;24;1;30;28;99;1;23;28;80;1;23;8.9;1;29;40.4;1;37.0;1;300;1;28;24;14;1;31;33.9;1;300;1;28;23;14;1;31;20.0;1;280;1;28;20;15;5;31;6.1;1;31;;;0;;;;18934;1;31;;;0;;;0;;;;;;0;;;;;;;;;;;;;;;;
11203004;LEZIGNAN-CORBIERES;43.173000;2.728833;60;199902;6.0;1;28;;2.8;1;7;2;0;0;0;0;0;;;0;;;;11.1;1;28;;18.4;1;21;4.2;1;14;0;0;0;0;28;28;0;4.4;1;28;;-3.6;1;14;10.7;1;21;0;0;27;28;28;0;0;5;6.8;1;15.1;1;25;28;7.7;1;28;;;0;;0.3;1;14;14.6;1;21;29;1;12;28;99;1;28;28;73;1;26;7.8;1;28;57.9;1;31.0;1;240;1;6;27;25;4;28;28.6;1;240;1;6;26;24;1;28;21.0;1;280;1;4;25;25;16;28;10.2;1;28;;;0;;;;25388;1;28;;;0;;;0;;;;;;0;;;;;;;;;;;;;;;;
11203004;LEZIGNAN-CORBIERES;43.173000;2.728833;60;199903;20.8;1;31;;4.8;1;27;5;0;0;0;0;0;;;0;;;;15.6;1;31;;23.3;1;30;10.3;1;7;0;0;0;0;30;31;0;6.9;1;31;;0.6;1;8;11.3;1;12;0;0;25;31;31;0;0;0;8.7;1;17.6;1;31;31;11.3;1;31;;;0;;6.4;1;7;15.1;1;30;16;1;30;31;99;1;31;31;72;1;28;9.0;1;31;88.4;1;24.0;1;300;1;18;29;20;0;31;22.4;1;300;1;18;27;18;0;31;17.0;1;280;1;18;26;21;5;31;7.3;1;31;;;0;;;;40428;1;31;;;0;;;0;;;;;;0;;;;;;;;;;;;;;;;
11203004;LEZIGNAN-CORBIERES;43.173000;2.728833;60;199904;99.0;1;30;;34.0;1;25;14;7;3;1;0;0;;;0;;;;18.6;1;30;;26.8;1;5;9.2;1;15;0;1;0;0;22;30;0;9.2;1;30;;4.0;1;16;13.9;1;30;0;0;19;30;30;0;0;0;9.4;1;14.6;1;2;30;13.9;1;30;13.2;1;30;0;6.7;1;15;20.3;1;5;23;1;16;30;99;1;14;30;72;1;30;10.4;1;30;111.2;1;27.0;1;280;1;17;28;17;0;30;25.1;1;280;1;17;27;15;0;30;17.0;1;280;1;17;26;18;6;30;6.7;1;30;;;0;;;;52340;1;30;;;0;;;0;;;;;;0;;;;;;;;;;;;;;;;
11203004;LEZIGNAN-CORBIERES;43.173000;2.728833;60;199905;154.0;1;31;;57.4;1;3;11;4;3;2;1;0;;;0;;;;21.9;1;31;;28.2;1;13;15.4;1;17;0;5;0;0;9;29;0;13.4;1;31;;9.3;1;18;17.6;1;30;0;0;2;24;31;0;0;0;8.6;1;15.6;1;25;31;17.7;1;31;17.3;1;31;0;13.6;1;17;22.2;1;13;30;1;16;31;99;1;12;31;80;1;31;14.8;1;31;114.4;1;23.0;1;280;1;22;25;9;0;31;21.5;1;280;1;22;25;6;0;31;16.0;1;290;1;22;20;10;2;31;5.2;1;31;;;0;;;;53853;1;31;;;0;;;0;;;;;;0;;;;;;;;;;;;;;;;
11203004;LEZIGNAN-CORBIERES;43.173000;2.728833;60;199906;47.0;1;30;;15.8;1;26;5;3;2;0;0;0;;;0;;;;26.2;1;30;;31.4;1;16;19.6;1;26;0;22;1;0;1;18;0;14.8;1;30;;9.6;1;23;19.0;1;30;0;0;2;13;30;0;0;0;11.4;1;19.7;1;23;30;20.5;1;30;;;0;;16.3;1;7;24.1;1;16;16;1;23;30;96;1;26;30;62;1;30;13.4;1;30;181.0;1;27.0;1;280;1;20;29;16;0;30;25.1;1;280;1;20;25;13;0;30;17.0;1;290;1;21;23;15;2;30;5.9;1;30;;;0;;;;68594;1;30;;;0;;;0;;;;;;0;;;;;;;;;;;;;;;;
11203004;LEZIGNAN-CORBIERES;43.173000;2.728833;60;199907;5.6;1;31;;3.2;1;29;2;0;0;0;0;0;;;0;;;;29.9;1;31;;34.7;1;1;26.2;1;27;0;31;16;0;0;3;7;18.0;1;31;;12.0;1;25;21.7;1;21;0;0;0;3;27;4;0;0;11.9;1;19.9;1;1;31;24.0;1;31;23.6;1;31;13;20.9;1;25;26.5;1;21;15;1;24;31;97;1;27;31;60;1;31;16.4;1;31;207.8;1;26.0;1;320;1;5;27;13;0;31;24.2;1;320;1;5;25;11;0;31;16.0;1;300;1;22;23;14;3;31;5.7;1;31;;;0;;;;74476;1;31;;;0;;;0;;;;;;0;;;;;;;;;;;;;;;;
11203004;LEZIGNAN-CORBIERES;43.173000;2.728833;60;199908;101.2;1;31;;33.4;1;6;6;5;5;1;0;0;;;0;;;;29.1;1;31;;32.9;1;22;24.1;1;7;0;30;10;0;0;4;3;18.2;1;31;;14.5;1;18;23.1;1;25;0;0;0;1;25;6;0;0;10.9;1;16.2;1;22;31;23.7;1;31;23.2;1;31;9;20.2;1;7;26.9;1;28;28;1;31;31;98;1;8;31;70;1;31;18.6;1;31;155.6;1;20.0;1;280;1;6;24;6;0;31;18.7;1;280;1;6;22;4;0;31;11.0;1;290;1;29;18;9;0;31;4.5;1;31;;;0;;;;57010;1;31;;;0;;;0;;;;;;0;;;;;;;;;;;;;;;;
11203004;LEZIGNAN-CORBIERES;43.173000;2.728833;60;199909;52.8;1;30;;32.0;1;14;4;4;1;1;0;0;;;0;;;;26.4;1;30;;35.1;1;2;22.8;1;3;0;17;5;1;0;20;2;15.1;1;30;;8.9;1;21;19.2;1;24;0;0;2;9;30;0;0;0;11.3;1;20.0;1;2;30;20.8;1;30;;;0;;16.2;1;21;25.1;1;2;18;1;2;30;98;1;30;30;73;1;30;16.2;1;30;117.0;1;23.0;1;300;1;30;24;4;0;30;21.5;1;300;1;30;20;4;0;30;16.0;1;290;1;30;18;9;1;30;4.2;1;30;;;0;;;;47224;1;30;;;0;;;0;;;;;;0;;;;;;;;;;;;;;;;
11203004;LEZIGNAN-CORBIERES;43.173000;2.728833;60;199910;88.8;1;31;;72.6;1;17;5;2;1;1;1;0;;;0;;;;20.9;1;31;;25.1;1;15;16.4;1;13;0;1;0;0;11;31;0;11.1;1;31;;2.3;1;6;17.1;1;30;0;0;11;27;31;0;0;0;9.8;1;18.5;1;7;31;16.0;1;31;;;0;;11.3;1;6;20.6;1;15;22;1;6;31;99;1;27;31;79;1;31;12.9;1;31;73.3;1;26.0;1;200;1;17;18;6;0;31;24.2;1;200;1;17;15;6;0;31;16.0;1;150;1;20;11;8;1;31;3.8;1;31;;;0;;;;32940;1;31;;;0;;;0;;;;;;0;;;;;;;;;;;;;;;;
11203004;LEZIGNAN-CORBIERES;43.173000;2.728833;60;199911;633.8;1;30;;551.2;0;12;5;3;2;2;2;1;;;0;;;;12.8;1;30;;21.1;1;2;3.7;1;21;0;0;0;0;29;30;0;5.2;1;30;;-2.8;1;26;16.9;1;2;0;0;27;29;30;0;0;3;7.6;1;15.3;1;26;30;9.0;1;30;8.4;1;30;0;1.7;1;21;19.0;1;2;37;1;30;30;99;1;30;30;80;1;30;8.8;1;30;47.9;1;27.0;1;120;1;12;26;21;0;30;25.1;1;120;1;12;24;16;0;30;18.0;1;290;1;8;24;21;6;30;7.3;1;30;;;0;;;;24004;1;30;;;0;;;0;;;;;;0;;;;;;;;;;;;;;;;
11203004;LEZIGNAN-CORBIERES;43.173000;2.728833;60;199912;47.0;1;31;;13.2;1;28;8;3;2;0;0;0;;;0;;;;10.9;1;31;;18.5;1;26;4.6;1;16;0;0;0;0;31;31;0;3.7;1;31;;-3.6;1;22;9.9;1;27;0;0;31;31;31;0;0;3;7.2;1;16.3;1;7;31;7.3;1;31;7.1;1;31;0;2.3;1;22;11.5;1;26;32;1;6;31;98;1;3;31;78;1;31;7.6;1;31;42.5;1;41.0;1;280;1;28;26;19;3;31;37.4;1;280;1;28;26;17;2;31;21.0;1;280;1;28;25;23;7;31;6.4;1;31;;;0;;;;17687;1;31;;;0;;;0;;;;;;0;;;;;;;;;;;;;;;;
11203004;LEZIGNAN-CORBIERES;43.173000;2.728833;60;200001;63.8;1;31;;34.8;1;14;6;4;2;1;0;0;;;0;;;;9.5;1;31;;18.3;1;31;4.0;1;26;0;0;0;0;31;31;0;3.1;1;31;;-5.3;1;13;10.6;1;30;1;0;30;31;31;0;0;5;6.4;1;12.5;1;28;31;6.3;1;31;5.9;1;31;0;-0.2;1;13;13.6;1;31;44;1;25;31;99;1;16;31;81;1;31;7.5;1;31;36.4;1;31.0;1;270;1;21;20;13;3;31;28.6;1;270;1;21;19;12;1;31;20.0;1;280;1;19;19;15;6;31;6.4;1;31;;;0;;;;21750;1;31;;;0;;;0;;;;;;0;;;;;;;;;;;;;;;;
11203004;LEZIGNAN-CORBIERES;43.173000;2.728833;60;200002;21.6;1;29;;10.6;1;17;5;1;1;0;0;0;;;0;;;;14.1;1;29;;21.3;1;25;9.5;1;12;0;0;0;0;28;29;0;6.0;1;29;;0.1;1;21;11.3;1;15;0;0;26;29;29;0;0;0;8.2;1;19.1;1;25;29;10.1;1;29;9.8;1;29;0;6.1;1;12;13.6;1;15;17;1;21;29;99;1;27;29;75;1;29;8.8;1;29;59.9;1;26.0;1;280;1;12;24;17;0;29;24.2;1;280;1;12;23;15;0;29;17.0;1;280;1;12;23;19;7;29;6.6;1;29;;;0;;;;28456;1;29;;;0;;;0;;;;;;0;;;;;;;;;;;;;;;;
11203004;LEZIGNAN-CORBIERES;43.173000;2.728833;60;200003;53.8;1;31;;18.8;1;26;6;3;2;0;0;0;;;0;;;;16.5;1;31;;25.5;1;11;11.6;1;20;0;1;0;0;26;31;0;6.6;1;31;;-1.7;1;6;12.2;1;11;0;0;26;31;31;0;0;2;9.9;1;18.3;1;3;31;11.6;1;31;11.1;1;31;0;6.0;1;6;18.9;1;11;18;1;5;31;98;1;24;31;66;1;31;8.1;1;31;107.5;1;29.0;1;320;1;1;28;18;1;31;26.9;1;320;1;1;27;16;0;31;20.0;1;280;1;18;27;22;6;31;7.2;1;31;;;0;;;;49458;1;31;;;0;;;0;;;;;;0;;;;;;;;;;;;;;;;
11203004;LEZIGNAN-CORBIERES;43.173000;2.728833;60;200004;85.4;1;30;;31.8;1;27;8;5;2;1;0;0;;;0;;;;17.5;1;30;;23.7;1;21;10.7;1;9;0;0;0;0;24;30;0;8.3;1;30;;3.8;1;7;13.6;1;22;0;0;24;30;30;0;0;0;9.2;1;15.9;1;24;30;12.9;1;30;12.5;1;30;0;9.1;1;6;17.7;1;3;15;1;3;30;98;1;11;30;73;1;30;9.7;1;30;102.2;1;23.0;1;300;1;5;25;15;0;30;21.5;1;300;1;5;24;14;0;30;16.0;1;290;1;27;23;16;4;30;5.8;1;30;;;0;;;;51064;1;30;;;0;;;0;;;;;;0;;;;;;;;;;;;;;;;
11203004;LEZIGNAN-CORBIERES;43.173000;2.728833;60;200005;61.6;1;31;;24.8;1;26;7;2;2;0;0;0;;;0;;;;23.1;1;31;;29.0;1;24;17.9;1;10;0;10;0;0;5;28;0;12.9;1;31;;6.9;1;1;17.3;1;30;0;0;6;23;31;0;0;0;10.2;1;17.6;1;2;31;18.0;1;31;;;0;;15.1;1;1;22.6;1;30;22;1;24;31;98;1;16;31;69;1;31;12.9;1;31;141.7;1;25.0;1;340;1;19;28;9;0;31;23.3;1;340;1;19;19;6;0;31;15.0;1;280;1;26;17;9;1;31;4.6;1;31;;;0;;;;63921;1;31;;;0;;;0;;;;;;0;;;;;;;;;;;;;;;;
11203004;LEZIGNAN-CORBIERES;43.173000;2.728833;60;200006;135.6;1;30;;55.6;1;10;4;4;4;2;1;0;;;0;;;;25.2;1;30;;32.1;1;16;14.7;1;11;0;16;3;0;3;21;1;15.3;1;30;;10.3;1;8;19.8;1;28;0;0;0;13;30;0;0;0;9.9;1;16.1;1;26;30;20.3;1;30;;;0;;12.6;1;11;25.9;1;16;21;1;17;30;97;1;22;30;67;1;30;14.9;1;30;164.3;1;26.0;1;280;1;11;25;15;0;30;24.2;1;280;1;11;22;12;0;30;18.0;1;280;1;11;21;19;2;30;6.7;1;30;;;0;;;;66923;1;30;;;0;;;0;;;;;;0;;;;;;;;;;;;;;;;
11203004;LEZIGNAN-CORBIERES;43.173000;2.728833;60;200007;21.8;1;31;;14.8;1;25;4;1;1;0;0;0;;;0;;;;27.4;1;31;;33.5;1;20;21.5;1;10;0;25;7;0;0;13;3;15.8;1;31;;9.1;1;17;20.3;1;7;0;0;1;11;28;3;0;0;11.7;1;18.6;1;20;31;21.6;1;31;;;0;;16.9;1;12;25.6;1;3;16;1;20;31;96;1;24;31;61;1;31;14.3;1;31;182.6;1;25.0;1;280;1;3;30;14;0;31;23.3;1;280;1;3;25;13;0;31;16.0;1;280;1;3;22;15;3;31;5.6;1;31;;;0;;;;70361;1;31;;;0;;;0;;;;;;0;;;;;;;;;;;;;;;;
11203004;LEZIGNAN-CORBIERES;43.173000;2.728833;60;200008;34.6;1;31;;22.2;1;30;5;2;1;0;0;0;;;0;;;;29.0;1;31;;35.3;1;14;22.6;1;3;0;28;10;1;0;6;7;18.1;1;31;;12.9;1;29;23.1;1;15;0;0;0;4;22;10;0;0;10.9;1;16.2;1;10;31;23.6;1;31;;;0;;19.6;1;4;28.5;1;15;21;1;22;31;95;1;25;31;63;1;31;17.0;1;31;173.9;1;22.0;1;280;1;26;28;9;0;31;20.6;1;280;1;26;26;8;0;31;14.0;1;280;1;26;23;12;0;31;5.4;1;31;;;0;;;;60134;1;31;;;0;;;0;;;;;;0;;;;;;;;;;;;;;;;
11203004;LEZIGNAN-CORBIERES;43.173000;2.728833;60;200009;19.2;1;30;;7.8;1;12;4;2;0;0;0;0;;;0;;;;25.7;1;30;;30.8;1;22;17.8;1;20;0;21;1;0;2;18;0;14.9;1;30;;10.3;1;9;19.0;1;15;0;0;0;15;30;0;0;0;10.8;1;18.8;1;22;30;20.3;1;30;;;0;;14.2;1;20;24.1;1;8;17;1;8;30;98;1;28;30;66;1;30;14.3;1;30;129.7;1;23.0;1;280;1;16;22;8;0;30;21.5;1;280;1;16;20;7;0;30;15.0;1;290;1;20;17;11;1;30;4.7;1;30;;;0;;;;47307;1;30;;;0;;;0;;;;;;0;;;;;;;;;;;;;;;;
11203004;LEZIGNAN-CORBIERES;43.173000;2.728833;60;200010;110.4;1;31;;29.4;1;20;7;5;4;0;0;0;;;0;;;;19.0;1;31;;24.4;1;4;12.3;1;15;0;0;0;0;19;31;0;11.9;1;31;;5.8;1;28;16.7;1;21;0;0;7;26;31;0;0;0;7.1;1;15.3;1;18;31;15.5;1;31;;;0;;11.3;1;15;19.6;1;4;31;1;7;31;98;1;25;31;75;1;31;12.2;1;31;81.5;1;23.0;1;300;1;2;24;15;0;31;21.5;1;300;1;2;24;12;0;31;14.0;1;280;1;15;24;16;0;31;5.7;1;31;;;0;;;;30035;1;31;;;0;;;0;;;;;;0;;;;;;;;;;;;;;;;
11203004;LEZIGNAN-CORBIERES;43.173000;2.728833;60;200011;107.4;1;30;;72.6;1;29;8;3;2;1;1;0;;;0;;;;15.1;1;30;;21.9;1;12;10.4;1;20;0;0;0;0;29;30;0;6.5;1;30;;-1.2;1;11;13.4;1;29;0;0;27;30;30;0;0;1;8.5;1;17.6;1;11;30;10.8;1;30;;;0;;7.6;1;11;14.7;1;6;34;1;16;30;98;1;30;30;76;1;30;9.2;1;30;48.5;1;22.0;1;280;1;23;25;10;0;30;20.6;1;280;1;23;24;8;0;30;15.0;1;290;1;23;21;10;1;30;4.6;1;30;;;0;;;;20721;1;30;;;0;;;0;;;;;;0;;;;;;;;;;;;;;;;
11203004;LEZIGNAN-CORBIERES;43.173000;2.728833;60;200012;77.6;1;31;;28.4;1;23;7;5;3;0;0;0;;;0;;;;13.6;1;31;;18.6;1;2;5.7;1;30;0;0;0;0;31;31;0;7.2;1;31;;0.2;1;31;13.2;1;1;0;0;23;31;31;0;0;0;6.4;1;12.8;1;4;31;10.4;1;31;10.0;1;31;0;4.2;1;31;15.7;1;7;35;1;31;31;99;1;11;31;82;1;30;10.0;1;31;36.5;1;25.0;1;280;1;28;22;11;0;31;23.3;1;280;1;28;21;10;0;31;17.0;1;290;1;28;20;12;5;31;5.0;1;31;;;0;;;;13373;1;31;;;0;;;0;;;;;;0;;;;;;;;;;;;;;;;
11203004;LEZIGNAN-CORBIERES;43.173000;2.728833;60;200101;176.4;1;31;;49.8;1;28;9;5;4;3;0;0;;;0;;;;11.5;1;31;;17.1;1;2;4.6;1;16;0;0;0;0;31;31;0;4.6;1;31;;-2.5;1;9;10.6;1;12;0;0;29;31;31;0;0;3;6.8;1;12.6;1;1;31;8.1;1;31;;;0;;2.6;1;9;12.9;1;24;41;1;3;31;99;1;18;31;84;1;31;8.6;1;31;33.9;1;27.0;1;240;1;30;26;9;0;31;25.1;1;240;1;30;24;8;0;31;19.0;1;260;1;30;21;13;3;31;5.0;1;31;;;0;;;;15472;1;31;;;0;;;0;;;;;;0;;;;;;;;;;;;;;;;
11203004;LEZIGNAN-CORBIERES;43.173000;2.728833;60;200102;14.2;1;28;;6.6;1;8;5;1;0;0;0;0;;;0;;;;12.7;1;28;;19.5;1;11;6.9;1;28;0;0;0;0;28;28;0;4.5;1;28;;-3.6;1;27;10.5;1;11;0;0;27;28;28;0;0;2;8.2;1;15.3;1;12;28;8.6;1;28;;;0;;3.5;1;27;15.0;1;11;28;1;26;28;99;1;6;28;70;1;28;7.3;1;28;62.8;1;36.0;1;300;1;19;25;18;1;28;33.0;1;300;1;19;25;16;1;28;18.0;1;280;1;17;25;20;6;28;7.3;1;28;;;0;;;;31070;1;28;;;0;;;0;;;;;;0;;;;;;;;;;;;;;;;
11203004;LEZIGNAN-CORBIERES;43.173000;2.728833;60;200103;79.2;1;31;;20.4;1;29;12;5;2;0;0;0;;;0;;;;18.1;1;31;;21.8;1;23;11.3;1;2;0;0;0;0;22;31;0;8.4;1;31;;1.5;1;1;11.9;1;20;0;0;25;31;31;0;0;0;9.6;1;14.8;1;26;31;13.3;1;31;;;0;;6.8;1;1;16.7;1;20;29;1;26;31;98;1;24;31;74;1;30;;;;84.0;1;26.0;1;280;1;29;27;9;0;31;24.2;1;280;1;29;23;9;0;31;17.0;1;280;1;29;21;13;2;31;4.8;1;31;;;0;;;;39925;1;31;;;0;;;0;;;;;;0;;;;;;;;;;;;;;;;
11203004;LEZIGNAN-CORBIERES;43.173000;2.728833;60;200104;79.4;1;30;;16.8;1;6;9;6;5;0;0;0;;;0;;;;17.4;1;30;;23.5;1;6;9.8;1;21;0;0;0;0;24;30;0;8.2;1;30;;4.1;1;22;13.5;1;6;0;0;24;30;30;0;0;0;9.2;1;16.0;1;27;30;12.8;1;30;12.4;1;30;0;7.1;1;21;18.5;1;6;27;1;28;30;98;1;23;30;64;1;30;8.7;1;30;122.2;1;27.0;1;280;1;23;29;22;0;30;25.1;1;280;1;23;29;21;0;30;18.0;1;270;1;23;28;26;9;30;7.8;1;30;;;0;;;;55581;1;30;;;0;;;0;;;;;;0;;;;;;;;;;;;;;;;
11203004;LEZIGNAN-CORBIERES;43.173000;2.728833;60;200105;26.2;1;31;;8.8;1;4;7;1;0;0;0;0;;;0;;;;23.1;1;31;;36.0;1;29;12.7;1;5;0;11;4;3;8;26;3;12.9;1;31;;2.9;1;1;18.6;1;31;0;0;7;22;31;0;0;0;10.2;1;20.3;1;30;31;18.0;1;31;;;0;;9.5;1;1;27.3;1;29;16;1;28;31;97;1;15;31;69;1;31;13.1;1;31;144.1;1;24.0;1;280;1;6;23;10;0;31;22.4;1;280;1;6;19;10;0;31;17.0;1;250;1;6;18;12;3;31;5.7;1;31;;;0;;;;63207;1;31;;;0;;;0;;;;;;0;;;;;;;;;;;;;;;;
11203004;LEZIGNAN-CORBIERES;43.173000;2.728833;60;200106;78.8;1;30;;39.6;1;15;3;3;2;2;0;0;;;0;;;;27.8;1;30;;34.1;1;21;20.5;1;9;0;22;8;0;0;14;5;15.2;1;30;;7.0;1;4;19.7;1;24;0;0;3;11;30;0;0;0;12.6;1;22.7;1;4;30;21.5;1;30;;;0;;17.8;1;12;26.3;1;24;15;1;20;30;97;1;25;30;59;1;29;13.5;1;30;190.3;1;21.0;1;300;1;17;25;12;0;30;19.7;1;300;1;17;24;11;0;30;13.0;1;290;1;28;19;14;0;30;5.4;1;30;;;0;;;;72985;1;30;;;0;;;0;;;;;;0;;;;;;;;;;;;;;;;
11203004;LEZIGNAN-CORBIERES;43.173000;2.728833;60;200107;87.8;1;31;;38.2;1;5;5;4;2;2;0;0;;;0;;;;29.6;1;31;;38.1;1;31;21.6;1;15;0;27;13;4;0;11;9;17.6;1;31;;10.8;1;21;22.3;1;30;0;0;0;8;23;9;0;0;12.0;1;20.6;1;21;31;23.6;1;31;;;0;;17.2;1;15;29.9;1;30;16;1;21;31;96;1;5;31;62;1;31;16.2;1;31;193.2;1;22.0;1;300;1;19;28;9;0;31;20.6;1;300;1;19;25;5;0;31;14.0;1;290;1;20;18;10;0;31;5.1;1;31;;;0;;;;71383;1;31;;;0;;;0;;;;;;0;;;;;;;;;;;;;;;;
11203004;LEZIGNAN-CORBIERES;43.173000;2.728833;60;200108;2.2;1;31;;1.0;1;30;2;0;0;0;0;0;;;0;;;;30.1;1;31;;37.5;1;27;25.2;1;3;0;31;12;3;0;7;9;18.1;1;31;;11.0;1;12;22.4;1;26;0;0;0;3;24;7;0;0;11.9;1;20.0;1;12;31;24.1;1;31;;;0;;21.0;1;12;28.8;1;27;17;1;22;31;96;1;27;31;62;1;31;17.0;1;31;177.7;1;22.0;1;280;1;31;26;9;0;31;20.6;1;280;1;31;25;9;0;31;13.0;1;300;1;31;20;11;0;31;5.3;1;31;;;0;;;;61394;1;31;;;0;;;0;;;;;;0;;;;;;;;;;;;;;;;
11203004;LEZIGNAN-CORBIERES;43.173000;2.728833;60;200109;44.6;1;30;;29.6;1;22;5;2;1;0;0;0;;;0;;;;23.7;1;30;;29.0;1;3;18.9;1;29;0;10;0;0;2;26;0;13.7;1;30;;6.7;1;19;19.1;1;4;0;0;2;19;30;0;0;0;10.0;1;18.6;1;3;30;18.7;1;30;;;0;;14.7;1;19;22.1;1;4;20;1;2;30;97;1;27;30;63;1;30;12.5;1;30;138.0;1;23.0;1;260;1;9;26;14;0;30;21.5;1;260;1;9;25;13;0;30;16.0;1;290;1;9;22;15;2;30;6.2;1;30;;;0;;;;49442;1;30;;;0;;;0;;;;;;0;;;;;;;;;;;;;;;;
11203004;LEZIGNAN-CORBIERES;43.173000;2.728833;60;200110;12.2;1;31;;5.2;1;3;3;1;0;0;0;0;;;0;;;;22.8;1;31;;28.6;1;29;17.9;1;5;0;4;0;0;3;30;0;13.0;1;31;;6.0;1;26;17.5;1;2;0;0;8;20;31;0;0;0;9.8;1;17.1;1;30;31;17.9;1;31;17.4;1;31;0;12.9;1;26;22.2;1;29;29;1;25;31;98;1;28;31;81;1;31;15.0;1;31;67.8;1;18.0;1;120;1;19;18;4;0;31;16.9;1;120;1;19;12;4;0;31;12.0;1;140;1;20;10;5;0;31;3.6;1;31;;;0;;;;30208;1;31;;;0;;;0;;;;;;0;;;;;;;;;;;;;;;;
11203004;LEZIGNAN-CORBIERES;43.173000;2.728833;60;200111;49.8;1;30;;14.4;1;16;5;4;4;0;0;0;;;0;;;;12.4;1;30;;19.9;1;4;4.3;1;11;0;0;0;0;30;30;0;5.8;1;30;;1.5;1;11;12.5;1;8;0;0;29;30;30;0;0;0;6.5;1;16.6;1;4;30;9.1;1;30;8.7;1;30;0;2.9;1;11;15.3;1;8;31;1;2;30;97;1;17;30;75;1;30;8.3;1;30;55.5;1;28.0;1;280;1;12;28;24;3;30;26.0;1;280;1;12;27;23;0;30;20.0;1;280;1;11;27;24;10;30;8.3;1;30;;;0;;;;21120;1;30;;;0;;;0;;;;;;0;;;;;;;;;;;;;;;;
11203004;LEZIGNAN-CORBIERES;43.173000;2.728833;60;200112;5.2;1;31;;4.0;1;30;1;0;0;0;0;0;;;0;;;;9.6;1;31;;16.7;1;6;0.2;1;14;0;0;0;0;31;31;0;1.6;1;31;;-6.7;1;19;12.7;1;6;2;0;28;31;31;0;0;14;7.9;1;15.9;1;11;31;5.6;1;31;5.1;1;31;0;-1.3;1;15;14.7;1;6;30;1;25;31;97;1;11;31;74;1;31;6.6;1;31;40.8;1;33.0;1;280;1;16;22;14;1;31;30.4;1;280;1;16;22;13;1;31;16.0;1;280;1;16;22;16;3;31;5.8;1;31;;;0;;;;18462;1;31;;;0;;;0;;;;;;0;;;;;;;;;;;;;;;;
11203004;LEZIGNAN-CORBIERES;43.173000;2.728833;60;200201;16.4;1;31;;9.6;1;3;2;1;0;0;0;0;;;0;;;;12.9;1;31;;20.2;1;26;8.0;1;5;0;0;0;0;30;31;0;3.2;1;31;;-4.9;1;1;9.8;1;31;0;0;31;31;31;0;0;8;9.7;1;17.9;1;27;31;8.0;1;31;7.4;1;31;0;2.3;1;1;12.6;1;31;38;1;27;31;99;1;20;31;81;1;31;8.0;1;31;41.9;1;27.0;1;280;1;24;23;9;0;31;25.1;1;280;1;24;21;5;0;31;20.0;1;;0;24;20;9;2;31;4.6;1;31;;;0;;;;18455;1;31;;;0;;;0;;;;;;0;;;;;;;;;;;;;;;;
11203004;LEZIGNAN-CORBIERES;43.173000;2.728833;60;200202;25.6;1;28;;5.2;1;17;8;1;0;0;0;0;;;0;;;;14.4;1;28;;21.9;1;13;5.2;1;15;0;0;0;0;25;28;0;6.1;1;28;;2.0;1;2;10.9;1;3;0;0;26;28;28;0;0;0;8.3;1;17.6;1;26;28;10.2;1;28;9.6;1;28;0;4.5;1;15;13.8;1;10;19;1;11;28;97;1;5;28;74;1;27;8.4;1;28;59.0;1;25.0;1;320;1;21;25;13;0;28;23.3;1;320;1;21;25;12;0;28;17.0;1;320;1;21;25;17;8;28;7.0;1;28;;;0;;;;24456;1;28;;;0;;;0;;;;;;0;;;;;;;;;;;;;;;;
11203004;LEZIGNAN-CORBIERES;43.173000;2.728833;60;200203;31.6;1;31;;22.6;1;5;4;1;1;0;0;0;;;0;;;;17.2;1;31;;27.9;1;21;10.1;1;6;0;1;0;0;24;30;0;7.6;1;31;;-1.0;1;4;15.3;1;20;0;0;22;30;31;0;0;1;9.7;1;18.0;1;31;31;12.4;1;31;;;0;;6.6;1;4;19.1;1;21;16;1;24;31;98;1;31;31;71;1;31;9.2;1;31;94.4;1;25.0;1;280;1;6;26;12;0;31;23.3;1;280;1;6;25;11;0;31;18.0;1;280;1;6;25;19;2;31;6.1;1;31;;;0;;;;40657;1;31;;;0;;;0;;;;;;0;;;;;;;;;;;;;;;;
11203004;LEZIGNAN-CORBIERES;43.173000;2.728833;60;200204;91.2;1;30;;38.2;1;3;8;4;3;1;0;0;;;0;;;;18.9;1;30;;29.4;1;25;12.5;1;10;0;3;0;0;17;29;0;9.5;1;30;;3.7;1;1;17.2;1;25;0;0;19;29;30;0;0;0;9.4;1;17.2;1;17;30;14.2;1;30;;;0;;9.9;1;4;23.3;1;25;15;1;17;30;97;1;12;30;67;1;29;9.9;1;30;121.8;1;29.0;1;280;1;13;29;18;1;30;26.9;1;280;1;13;29;12;0;30;18.0;1;280;1;4;29;20;3;30;6.9;1;30;;;0;;;;52692;1;30;;;0;;;0;;;;;;0;;;;;;;;;;;;;;;;
11203004;LEZIGNAN-CORBIERES;43.173000;2.728833;60;200205;59.4;1;31;;21.8;1;8;9;4;2;0;0;0;;;0;;;;21.1;1;31;;29.5;1;31;15.1;1;10;0;5;0;0;13;27;0;11.1;1;31;;5.7;1;6;15.1;1;17;0;0;9;30;31;0;0;0;10.1;1;16.8;1;31;31;16.1;1;31;;;0;;11.9;1;6;21.1;1;31;25;1;14;31;97;1;22;31;70;1;31;11.6;1;31;137.3;1;21.0;1;280;1;27;28;13;0;31;19.7;1;280;1;27;26;10;0;31;14.0;1;280;1;27;25;18;0;31;6.0;1;31;;;0;;;;64452;1;31;;;0;;;0;;;;;;0;;;;;;;;;;;;;;;;
11203004;LEZIGNAN-CORBIERES;43.173000;2.728833;60;200206;38.8;1;30;;14.4;1;5;5;4;2;0;0;0;;;0;;;;27.4;1;30;;36.4;1;22;13.3;1;8;0;23;10;2;4;10;5;15.5;1;30;;9.8;1;6;21.6;1;22;0;0;1;13;27;3;0;0;11.8;1;18.5;1;26;30;21.4;1;30;21.0;1;30;7;12.1;1;8;29.0;1;22;18;1;26;30;96;1;17;30;67;1;29;15.3;1;30;181.7;1;22.0;1;280;1;24;24;12;0;30;20.6;1;300;1;24;20;10;0;30;15.0;1;280;1;24;20;14;2;30;5.7;1;30;;;0;;;;73793;1;30;;;0;;;0;;;;;;0;;;;;;;;;;;;;;;;
11203004;LEZIGNAN-CORBIERES;43.173000;2.728833;60;200207;37.6;1;31;;13.4;1;8;6;3;1;0;0;0;;;0;;;;28.4;1;31;;35.2;1;21;20.2;1;15;0;25;11;3;0;13;6;16.8;1;31;;11.2;1;3;22.0;1;22;0;0;0;8;29;3;0;0;11.6;1;19.7;1;3;31;22.6;1;31;22.1;1;31;8;17.8;1;14;28.4;1;22;22;1;7;31;97;1;9;31;63;1;31;15.6;1;31;195.6;1;27.0;1;280;1;15;28;16;0;31;25.1;1;280;1;15;25;15;0;31;16.0;1;270;1;10;24;17;7;31;6.7;1;31;;;0;;;;72399;1;31;;;0;;;0;;;;;;0;;;;;;;;;;;;;;;;
11203004;LEZIGNAN-CORBIERES;43.173000;2.728833;60;200208;77.6;1;31;;42.6;1;24;10;4;2;1;0;0;;;0;;;;27.7;1;31;;35.2;1;16;21.5;1;25;0;22;8;1;0;15;4;17.0;1;31;;12.5;1;2;20.5;1;19;0;0;0;7;30;2;0;0;10.7;1;18.6;1;15;31;22.3;1;31;21.7;1;31;5;17.9;1;11;27.6;1;16;20;1;16;31;98;1;20;31;67;1;31;16.3;1;31;163.5;1;25.0;1;280;1;12;26;12;0;31;23.3;1;280;1;12;24;10;0;31;17.0;1;280;1;11;22;16;2;31;5.7;1;31;;;0;;;;60487;1;31;;;0;;;0;;;;;;0;;;;;;;;;;;;;;;;
11203004;LEZIGNAN-CORBIERES;43.173000;2.728833;60;200209;11.2;1;30;;4.6;1;21;3;0;0;0;0;0;;;0;;;;24.5;1;30;;29.5;1;15;18.0;1;24;0;15;0;0;2;25;0;13.9;1;30;;5.6;1;29;20.8;1;18;0;0;6;18;28;2;0;0;10.7;1;17.8;1;15;30;19.2;1;30;18.5;1;30;0;13.3;1;29;24.1;1;19;19;1;15;30;97;1;19;30;70;1;30;14.3;1;30;118.4;1;21.0;1;280;1;24;19;8;0;30;19.7;1;280;1;24;17;7;0;30;15.0;1;280;1;24;14;10;1;30;4.8;1;30;;;0;;;;49378;1;30;;;0;;;0;;;;;;0;;;;;;;;;;;;;;;;
11203004;LEZIGNAN-CORBIERES;43.173000;2.728833;60;200210;78.4;1;31;;55.0;1;9;5;3;2;1;1;0;;;0;;;;20.7;1;31;;24.8;1;3;16.1;1;17;0;0;0;0;14;31;0;11.6;1;31;;3.9;1;29;17.2;1;21;0;0;10;25;31;0;0;0;9.1;1;15.6;1;27;31;16.2;1;31;15.7;1;31;0;11.1;1;29;19.9;1;4;22;1;7;31;98;1;27;31;77;1;31;13.2;1;31;75.7;1;26.0;1;280;1;11;22;8;0;31;24.2;1;280;1;11;21;6;0;31;15.0;1;290;1;11;18;11;1;31;4.9;1;31;;;0;;;;32113;1;31;;;0;;;0;;;;;;0;;;;;;;;;;;;;;;;
11203004;LEZIGNAN-CORBIERES;43.173000;2.728833;60;200211;48.6;1;30;;22.8;1;24;8;3;1;0;0;0;;;0;;;;16.1;1;30;;23.1;1;2;11.9;1;29;0;0;0;0;27;30;0;8.1;1;30;;-1.1;1;27;15.1;1;3;0;0;24;29;30;0;0;1;8.0;1;15.8;1;27;30;12.1;1;30;11.6;1;30;0;6.8;1;27;17.7;1;3;33;1;6;30;99;1;27;30;82;1;30;10.9;1;30;45.8;1;24.0;1;260;1;9;20;13;0;30;22.4;1;260;1;9;20;12;0;30;17.0;1;280;1;9;20;14;4;30;5.0;1;30;;;0;;;;20664;1;30;;;0;;;0;;;;;;0;;;;;;;;;;;;;;;;
11203004;LEZIGNAN-CORBIERES;43.173000;2.728833;60;200212;46.8;1;31;;22.8;1;10;6;2;2;0;0;0;;;0;;;;12.6;1;31;;17.1;1;25;7.7;1;6;0;0;0;0;31;31;0;6.4;1;31;;-0.1;1;9;10.6;1;27;0;0;29;31;31;0;0;1;6.1;1;12.5;1;13;31;9.5;1;31;;;0;;5.6;1;9;12.4;1;11;50;1;15;31;98;1;30;31;87;1;31;9.8;1;31;30.2;1;27.0;1;280;1;5;20;12;0;31;25.1;1;280;1;5;20;11;0;31;16.0;1;270;1;28;19;13;3;31;5.0;1;31;;;0;;;;12280;1;31;;;0;;;0;;;;;;0;;;;;;;;;;;;;;;;
11203004;LEZIGNAN-CORBIERES;43.173000;2.728833;60;200301;25.4;1;31;;10.0;1;6;7;1;1;0;0;0;;;0;;;;9.3;1;31;;18.4;1;3;1.2;1;12;0;0;0;0;31;31;0;1.7;1;31;;-4.5;1;15;9.2;1;28;0;0;31;31;31;0;0;12;7.6;1;13.9;1;2;31;5.5;1;31;5.2;1;31;0;-0.6;1;12;13.0;1;3;38;1;5;31;99;1;2;31;79;1;31;7.0;1;31;41.8;1;31.0;1;280;1;27;27;20;2;31;28.6;1;280;1;27;27;18;1;31;22.0;1;290;1;27;27;22;14;31;7.7;1;31;;;0;;;;19808;1;31;;;0;;;0;;;;;;0;;;;;;;;;;;;;;;;
11203004;LEZIGNAN-CORBIERES;43.173000;2.728833;60;200302;142.6;1;28;;36.2;1;20;10;6;4;2;0;0;;;0;;;;10.1;1;28;;15.1;1;28;4.4;1;17;0;0;0;0;28;28;0;2.8;1;28;;-3.6;1;7;10.2;1;25;0;0;27;28;28;0;0;7;7.3;1;17.4;1;8;28;6.5;1;28;6.2;1;28;0;1.0;1;17;11.1;1;25;26;1;7;28;98;1;28;28;77;1;28;7.2;1;28;42.9;1;23.0;1;260;1;4;24;14;0;28;21.5;1;260;1;4;24;11;0;28;17.0;1;280;1;3;24;18;3;28;6.4;1;28;;;0;;;;20669;1;28;;;0;;;0;;;;;;0;;;;;;;;;;;;;;;;
11203004;LEZIGNAN-CORBIERES;43.173000;2.728833;60;200303;20.2;1;31;;6.4;1;29;5;2;0;0;0;0;;;0;;;;16.3;1;31;;22.5;1;31;12.7;1;5;0;0;0;0;27;31;0;6.5;1;31;;0.4;1;17;12.1;1;28;0;0;26;31;31;0;0;0;9.8;1;20.2;1;19;31;11.4;1;31;11.1;1;31;0;7.2;1;16;15.3;1;31;16;1;19;31;98;1;19;31;76;1;31;9.4;1;31;76.6;1;25.0;1;160;1;20;25;6;0;31;23.3;1;160;1;20;22;5;0;31;14.0;1;280;1;6;20;10;0;31;4.7;1;31;;;0;;;;37488;1;30;;;0;;;0;;;;;;0;;;;;;;;;;;;;;;;
11203004;LEZIGNAN-CORBIERES;43.173000;2.728833;60;200304;31.6;1;30;;14.0;1;20;5;3;1;0;0;0;;;0;;;;18.6;1;30;;26.4;1;18;11.6;1;9;0;3;0;0;20;30;0;8.6;1;30;;1.9;1;11;15.9;1;18;0;0;20;29;30;0;0;0;10.0;1;19.2;1;24;30;13.6;1;30;;;0;;8.2;1;11;21.2;1;18;19;1;7;30;98;1;30;30;70;1;30;10.1;1;30;109.2;1;27.0;1;320;1;3;25;14;0;30;25.1;1;320;1;3;24;10;0;30;18.0;1;280;1;6;22;16;6;30;6.1;1;30;;;0;;;;50644;1;30;;;0;;;0;;;;;;0;;;;;;;;;;;;;;;;
11203004;LEZIGNAN-CORBIERES;43.173000;2.728833;60;200305;46.4;1;31;;18.8;1;16;7;2;1;0;0;0;;;0;;;;23.2;1;31;;32.6;1;31;15.3;1;26;0;10;4;0;8;25;1;12.0;1;31;;6.2;1;1;15.5;1;13;0;0;5;30;31;0;0;0;11.2;1;18.2;1;31;31;17.6;1;31;17.3;1;31;0;12.6;1;1;23.5;1;31;15;1;3;31;98;1;5;31;67;1;31;12.2;1;31;149.1;1;23.0;1;280;1;13;25;16;0;31;21.5;1;280;1;13;23;11;0;31;15.0;1;280;1;26;21;17;2;31;5.6;1;31;;;0;;;;67812;1;31;;;0;;;0;;;;;;0;;;;;;;;;;;;;;;;
11203004;LEZIGNAN-CORBIERES;43.173000;2.728833;60;200306;11.8;1;30;;11.8;1;5;1;1;1;0;0;0;;;0;;;;31.0;1;30;;41.5;1;21;22.9;1;5;0;29;19;4;0;3;9;19.1;1;30;;15.3;1;1;23.0;1;30;0;0;0;0;19;11;0;0;12.0;1;22.8;1;21;30;25.1;1;30;24.6;1;30;17;20.4;1;5;30.1;1;21;15;1;21;30;97;1;5;30;66;1;29;18.6;1;30;195.0;1;25.0;1;280;1;18;26;8;0;30;23.3;1;280;1;18;20;6;0;30;13.0;1;250;1;26;17;10;0;30;4.8;1;30;;;0;;;;73677;1;30;;;0;;;0;;;;;;0;;;;;;;;;;;;;;;;
11203004;LEZIGNAN-CORBIERES;43.173000;2.728833;60;200307;2.0;1;31;;2.0;1;23;1;0;0;0;0;0;;;0;;;;32.3;1;31;;37.5;1;12;27.3;1;4;0;31;23;8;0;0;17;19.8;1;31;;14.6;1;5;24.1;1;21;0;0;0;1;16;15;0;0;12.6;1;17.9;1;18;31;26.1;1;31;25.7;1;31;26;21.6;1;4;29.2;1;11;17;1;12;31;94;1;20;31;52;1;31;16.2;1;31;237.3;1;27.0;1;240;1;23;29;11;0;31;25.1;1;240;1;23;29;8;0;31;16.0;1;280;1;23;25;14;1;31;5.6;1;31;;;0;;;;77540;1;31;;;0;;;0;;;;;;0;;;;;;;;;;;;;;;;
11203004;LEZIGNAN-CORBIERES;43.173000;2.728833;60;200308;38.6;1;31;;27.2;1;24;4;2;1;0;0;0;;;0;;;;34.9;1;31;;42.2;1;13;26.1;1;31;0;31;29;16;0;2;24;20.6;1;31;;17.2;1;31;26.4;1;12;0;0;0;0;16;16;2;0;14.3;1;22.5;1;6;31;27.7;1;31;27.3;1;31;28;21.7;1;31;34.0;1;12;15;1;13;31;97;1;18;31;54;1;30;17.2;1;31;208.0;1;19.0;1;240;1;24;24;3;0;31;17.8;1;240;1;24;18;3;0;31;13.0;1;280;1;20;16;6;0;31;4.0;1;31;;;0;;;;66219;1;31;;;0;;;0;;;;;;0;;;;;;;;;;;;;;;;
11203004;LEZIGNAN-CORBIERES;43.173000;2.728833;60;200309;42.8;1;30;;23.6;1;22;6;1;1;0;0;0;1011.9;1;3;1008.9;1;30;25.5;1;30;;31.7;1;16;20.0;1;5;0;15;1;0;1;21;0;14.8;1;30;;7.3;1;25;20.4;1;21;0;0;2;13;29;1;0;0;10.6;1;21.7;1;16;30;20.1;1;30;19.7;1;30;0;15.7;1;25;24.0;1;13;18;1;16;30;100;1;28;30;72;1;29;15.0;1;30;118.2;1;24.0;1;280;1;11;24;8;0;29;22.6;1;280;1;11;21;5;0;29;15.0;1;310;1;11;17;7;2;29;4.8;1;30;12423;1;29;1;8;9;48213;1;30;;;0;;;0;;;;;;0;;;;;;;;;;;;;;;;
11203004;LEZIGNAN-CORBIERES;43.173000;2.728833;60;200310;90.6;1;31;;29.0;1;17;11;6;3;0;0;0;1013.1;1;31;983.9;1;31;18.3;1;31;;29.1;1;3;7.4;1;26;0;3;0;0;19;29;0;10.5;1;31;;0.0;1;26;20.3;1;1;0;0;14;24;29;2;0;1;7.8;1;15.2;1;11;31;14.4;1;31;13.8;1;31;0;3.7;1;26;24.0;1;1;26;1;25;31;100;1;31;31;80;1;31;12.6;1;31;70.7;1;24.0;1;300;1;7;28;15;0;31;22.6;1;300;1;7;25;13;0;31;15.0;1;290;1;23;22;14;2;31;5.2;1;31;9119;1;31;5;10;6;31161;1;31;;;0;;;0;;;;;;0;;;;;;;;;;;;;;;;
11203004;LEZIGNAN-CORBIERES;43.173000;2.728833;60;200311;74.5;1;30;;37.7;1;15;10;2;2;1;0;0;1019.3;1;22;;;;15.8;1;30;;22.7;1;4;10.2;1;27;0;0;0;0;28;30;0;8.0;1;30;;0.8;1;7;15.0;1;23;0;0;21;30;30;0;0;0;7.8;1;17.8;1;3;30;11.9;1;30;;;0;;8.1;1;7;16.5;1;23;41;1;2;22;100;1;21;22;87;1;22;11.5;1;22;35.7;1;25.0;1;100;1;16;15;6;0;22;23.5;1;100;1;16;14;5;0;22;15.0;1;290;1;17;10;7;1;22;4.1;1;22;5628;1;22;8;10;8;14443;1;22;;;0;;;0;;;;;;0;;;;;;;;;;;;;;;;
11203004;LEZIGNAN-CORBIERES;43.173000;2.728833;60;200312;203.4;1;31;;104.2;1;3;11;6;5;1;1;1;1019.5;1;27;1006.2;1;28;11.7;1;31;;17.0;1;13;6.1;1;31;0;0;0;0;31;31;0;5.4;1;31;;0.8;1;9;11.7;1;13;0;0;29;31;31;0;0;0;6.3;1;11.1;1;17;31;8.5;1;31;8.2;1;31;0;4.4;1;23;14.4;1;13;26;1;16;31;100;1;30;31;85;1;27;9.1;1;31;33.5;1;29.0;1;290;1;31;24;16;2;30;27.1;1;290;1;31;23;15;0;30;19.0;1;310;1;15;17;15;5;29;6.0;1;31;5736;1;31;4;13;3;14466;1;31;;;0;;;0;;;;;;0;;;;;;;;;;;;;;;;
11203004;LEZIGNAN-CORBIERES;43.173000;2.728833;60;200401;70.6;1;31;;16.0;1;9;15;4;2;0;0;0;1016.1;1;31;;;;11.2;1;31;;21.7;1;13;5.6;1;3;0;0;0;0;30;31;0;4.0;1;31;;-5.1;1;30;12.2;1;11;1;0;26;31;31;0;0;5;7.2;1;14.4;1;16;31;7.6;1;31;;;0;;0.9;1;30;16.4;1;13;38;1;29;31;100;1;31;31;83;1;31;8.4;1;31;39.3;1;28.0;1;290;1;14;27;23;1;31;26.2;1;290;1;14;26;23;0;31;19.0;1;290;1;18;23;22;12;31;7.2;1;31;6727;1;31;1;11;4;18017;1;31;;;0;;;0;;;;;;0;;;;;;;;;;;;;;;;
11203004;LEZIGNAN-CORBIERES;43.173000;2.728833;60;200402;91.2;1;29;;78.6;1;20;3;2;1;1;1;0;1020.2;1;29;999.8;1;21;11.5;1;29;;16.8;1;1;7.3;1;28;0;0;0;0;29;29;0;3.8;1;29;;-1.8;1;20;8.8;1;22;0;0;29;29;29;0;0;6;7.8;1;15.8;1;11;29;7.7;1;29;7.2;1;29;0;3.2;1;27;11.8;1;1;31;1;11;29;100;1;28;29;80;1;29;8.0;1;29;45.5;1;23.0;1;280;1;28;22;16;0;29;21.7;1;280;1;28;21;12;0;29;15.0;1;280;1;9;20;19;1;29;5.5;1;29;8425;1;29;3;9;8;25846;1;29;;;0;;;0;;;;;;0;;;;;;;;;;;;;;;;
11203004;LEZIGNAN-CORBIERES;43.173000;2.728833;60;200403;61.8;1;31;;13.0;1;29;7;5;4;0;0;0;1021.1;1;31;;;;14.5;1;31;;20.9;1;15;6.9;1;1;0;0;0;0;30;31;0;5.0;1;31;;-1.7;1;10;12.4;1;20;0;0;28;31;31;0;0;3;9.5;1;16.4;1;15;31;9.7;1;31;;;0;;3.5;1;1;16.1;1;20;11;1;11;31;99;1;4;31;67;1;31;7.5;1;31;91.2;1;23.0;1;310;1;22;28;17;0;31;21.7;1;310;1;22;28;12;0;31;15.0;1;290;1;22;27;22;2;31;6.4;1;31;12433;1;31;1;5;11;44522;1;31;;;0;;;0;;;;;;0;;;;;;;;;;;;;;;;
11203004;LEZIGNAN-CORBIERES;43.173000;2.728833;60;200404;115.2;1;30;;47.8;1;16;9;5;4;1;0;0;1013.6;1;30;1000.8;1;29;17.0;1;30;;24.3;1;25;11.1;1;16;0;0;0;0;23;30;0;8.2;1;30;;4.0;1;3;12.3;1;25;0;0;23;30;30;0;0;0;8.9;1;16.4;1;4;30;12.6;1;30;12.1;1;30;0;8.9;1;10;18.3;1;25;18;1;25;30;92;1;29;30;68;1;30;9.0;1;30;111.1;1;25.0;1;290;1;19;29;18;0;30;23.5;1;290;1;19;29;14;0;30;19.0;1;290;1;19;27;21;4;30;7.0;1;30;11278;1;30;3;6;7;51453;1;30;;;0;;;0;;;;;;0;;;;;;;;;;;;;;;;
11203004;LEZIGNAN-CORBIERES;43.173000;2.728833;60;200405;46.3;1;31;;23.8;1;3;6;2;2;0;0;0;1014.5;1;31;995.3;1;5;21.5;1;31;;29.6;1;29;13.7;1;3;0;7;0;0;10;29;0;11.1;1;31;;2.5;1;1;15.7;1;31;0;0;10;30;31;0;0;0;10.4;1;14.8;1;29;31;16.3;1;31;16.0;1;31;0;9.6;1;1;22.2;1;29;15;1;29;31;94;1;2;31;61;1;31;10.1;1;31;154.1;1;24.0;1;290;1;6;24;11;0;31;22.6;1;290;1;6;22;10;0;31;16.0;1;290;1;7;17;14;2;31;5.5;1;31;16480;1;31;1;4;10;71166;1;31;;;0;;;0;;;;;;0;;;;;;;;;;;;;;;;
11203004;LEZIGNAN-CORBIERES;43.173000;2.728833;60;200406;12.5;1;30;;11.1;1;11;1;1;1;0;0;0;1018.1;1;30;1009.1;1;19;28.6;1;30;;34.7;1;30;22.2;1;19;0;26;12;0;0;12;5;16.4;1;30;;10.0;1;9;23.5;1;28;0;0;1;7;28;2;0;0;12.2;1;20.9;1;30;30;22.5;1;30;22.3;1;30;7;18.2;1;21;28.7;1;28;10;1;6;30;98;1;22;30;51;1;25;13.0;1;30;217.0;1;23.0;1;320;1;3;30;12;0;30;21.7;1;320;1;3;27;11;0;30;14.0;1;310;1;3;21;13;0;30;5.9;1;30;18702;1;30;0;2;14;78095;1;30;;;0;;;0;;;;;;0;;;;;;;;;;;;;;;;
11203004;LEZIGNAN-CORBIERES;43.173000;2.728833;60;200407;4.2;1;31;;3.6;1;6;1;0;0;0;0;0;1017.0;1;31;;;;29.0;1;31;;35.7;1;31;24.7;1;12;0;28;11;1;0;9;5;18.0;1;31;;12.4;1;4;22.7;1;24;0;0;0;4;24;8;0;0;11.0;1;17.0;1;29;31;23.5;1;31;;;0;;19.8;1;12;27.9;1;30;19;1;25;31;94;1;7;31;54;1;31;14.7;1;31;216.7;1;21.0;1;300;1;26;30;13;0;31;19.8;1;300;1;26;26;9;0;31;14.0;1;310;1;26;20;12;0;31;5.8;1;31;19044;1;31;2;3;16;75647;1;31;;;0;;;0;;;;;;0;;;;;;;;;;;;;;;;
11203004;LEZIGNAN-CORBIERES;43.173000;2.728833;60;200408;67.0;1;31;;28.1;1;17;6;4;3;0;0;0;1014.4;1;31;;;;29.3;1;31;;37.9;1;2;25.0;1;26;0;31;12;3;0;9;6;18.2;1;31;;11.5;1;22;23.1;1;3;0;0;0;3;25;7;0;0;11.2;1;19.4;1;1;31;23.7;1;31;;;0;;18.7;1;22;29.8;1;3;20;1;11;31;96;1;10;31;64;1;31;17.0;1;31;174.4;1;26.0;1;270;1;7;28;13;0;31;24.4;1;270;1;7;25;8;0;31;14.0;1;290;1;7;24;15;0;31;4.9;1;31;15935;1;31;1;3;9;64415;1;31;;;0;;;0;;;;;;0;;;;;;;;;;;;;;;;
11203004;LEZIGNAN-CORBIERES;43.173000;2.728833;60;200409;73.5;1;30;;64.2;1;14;2;2;1;1;1;0;1019.8;1;27;;;;25.1;1;30;;31.3;1;4;20.1;1;25;0;17;1;0;0;25;0;15.3;1;30;;6.8;1;18;21.8;1;10;0;0;3;13;28;2;0;0;9.7;1;19.0;1;18;30;20.2;1;30;;;0;;15.8;1;25;24.6;1;10;22;1;17;30;95;1;30;30;68;1;30;15.0;1;30;126.4;1;23.0;1;300;1;26;24;10;0;30;21.7;9;300;9;26;23;8;0;30;16.0;1;300;1;21;20;12;2;30;5.6;1;30;13793;1;30;2;4;13;48083;1;30;;;0;;;0;;;;;;0;;;;;;;;;;;;;;;;
11203004;LEZIGNAN-CORBIERES;43.173000;2.728833;60;200410;54.0;1;31;;26.6;1;30;7;3;2;0;0;0;1012.5;9;31;997.5;9;28;21.1;1;31;;26.7;1;2;14.1;1;31;0;4;0;0;10;31;0;12.7;1;31;;2.6;1;30;19.7;1;9;0;0;6;22;31;0;0;0;8.4;1;14.7;1;30;31;16.9;1;31;16.4;9;31;0;10.0;1;30;21.4;1;9;33;1;10;31;97;1;10;31;81;9;31;14.7;1;31;62.6;1;24.9;1;290;9;29;20;5;0;31;23.4;9;290;9;29;15;3;0;31;16.2;1;290;9;29;12;7;1;30;3.6;1;31;6983;1;31;2;16;4;26867;1;31;;;0;;;0;;;;;;0;;;;;;;;;;;;;;;;
11203004;LEZIGNAN-CORBIERES;43.173000;2.728833;60;200411;8.0;1;30;;5.6;1;9;2;1;0;0;0;0;1020.7;9;30;1009.3;9;9;13.3;1;30;;18.7;1;3;6.8;1;15;0;0;0;0;30;30;0;6.3;1;30;;-0.4;1;25;14.1;1;4;0;0;27;30;30;0;0;1;6.9;1;15.2;1;21;30;9.8;1;30;9.3;9;30;0;4.6;1;15;16.4;1;4;40;1;20;30;97;1;28;30;76;9;30;8.8;1;30;51.5;1;31.1;1;300;9;14;21;19;2;30;29.0;1;300;9;14;21;16;1;30;20.8;1;300;9;14;21;20;7;30;7.1;1;30;8092;1;30;1;9;9;21439;1;30;;;0;;;0;;;;;;0;;;;;;;;;;;;;;;;
11203004;LEZIGNAN-CORBIERES;43.173000;2.728833;60;200412;72.2;1;31;;33.4;1;7;6;3;2;1;0;0;1019.9;9;31;1002.1;9;26;11.0;1;31;;18.0;1;2;4.0;1;27;0;0;0;0;31;31;0;5.1;1;31;;0.4;1;21;8.9;1;19;0;0;31;31;31;0;0;0;5.9;1;12.3;1;1;31;8.1;1;31;7.8;9;31;0;2.6;1;27;12.4;1;2;32;1;21;31;96;1;12;31;78;9;31;8.1;1;31;41.5;1;28.8;1;290;9;27;26;19;1;31;27.0;1;290;9;27;26;17;0;31;20.7;1;290;9;27;26;20;8;31;7.0;1;31;7418;1;31;6;8;5;16269;1;31;;;0;;;0;;;;;;0;;;;;;;;;;;;;;;;
11203004;LEZIGNAN-CORBIERES;43.173000;2.728833;60;200501;5.6;1;31;;2.0;1;23;2;0;0;0;0;0;1027.3;9;25;1014.4;9;25;10.7;1;31;;15.4;1;20;0.5;1;27;0;0;0;0;31;31;0;3.2;1;31;;-3.9;1;15;9.8;1;21;0;0;31;31;31;0;0;7;7.5;1;14.8;1;4;31;7.0;1;31;6.6;9;31;0;-0.6;1;27;11.8;1;2;32;1;25;25;96;1;17;25;78;9;25;8.1;1;25;47.3;1;28.8;1;310;9;20;25;18;1;31;27.0;1;310;9;20;24;17;0;31;19.2;1;300;9;20;22;20;10;31;7.7;1;31;9594;1;31;0;5;11;21857;1;31;;;0;;;0;;;;;;0;;;;;;;;;;;;;;;;
11203004;LEZIGNAN-CORBIERES;43.173000;2.728833;60;200502;145.6;1;28;;55.6;1;7;5;3;3;3;1;0;1012.9;9;13;1004.9;9;22;8.6;1;28;;14.5;1;11;1.4;1;28;0;0;0;0;28;28;0;1.6;1;28;;-6.4;1;25;9.9;1;12;2;0;28;28;28;0;0;9;6.9;1;17.2;1;26;28;5.1;1;28;4.7;9;28;0;-1.5;1;28;12.1;1;12;24;1;26;13;96;1;26;13;65;9;13;6.0;9;23;50.4;1;30.9;1;300;9;1;24;16;2;28;28.9;1;300;9;1;24;15;1;28;21.6;1;300;9;1;22;17;11;28;8.1;1;28;9944;1;28;2;4;10;28242;1;28;;;0;;;0;;;;;;0;;;;;;;;;;;;;;;;
11203004;LEZIGNAN-CORBIERES;43.173000;2.728833;60;200503;20.6;1;31;;5.2;1;21;6;1;0;0;0;0;1018.3;9;31;1007.6;9;3;13.8;1;31;;22.2;1;17;3.8;1;7;0;0;0;0;28;31;0;3.9;1;31;;-7.4;1;2;11.8;1;25;1;0;27;31;31;0;0;6;9.9;1;19.2;1;12;31;8.8;1;31;8.4;9;31;0;0.7;1;7;14.9;1;28;18;1;13;31;100;1;26;31;74;9;31;8.0;1;31;72.2;1;26.0;1;280;9;7;19;12;0;31;24.4;1;280;9;7;17;11;0;31;18.3;1;280;9;7;15;14;3;31;5.5;1;31;11180;1;31;4;9;8;40691;1;31;;;0;;;0;;;;;;0;;;;;;;;;;;;;;;;
11203004;LEZIGNAN-CORBIERES;43.173000;2.728833;60;200504;19.8;1;30;;3.4;1;24;7;0;0;0;0;0;1015.5;9;30;1005.4;9;18;17.8;1;30;;30.5;1;29;9.8;1;9;0;3;1;0;23;29;0;8.1;1;30;;3.3;1;1;12.1;1;24;0;0;23;30;30;0;0;0;9.7;1;20.3;1;29;30;12.9;1;30;12.6;9;30;0;7.2;1;9;20.4;1;29;23;1;29;30;100;1;6;30;73;9;30;9.6;1;30;107.2;1;29.1;1;280;9;10;26;15;2;30;27.2;1;280;9;10;23;15;0;30;20.0;1;290;9;10;22;17;7;30;6.8;1;30;11671;1;30;4;9;7;52156;1;30;;;0;;;0;;;;;;0;;;;;;;;;;;;;;;;
11203004;LEZIGNAN-CORBIERES;43.173000;2.728833;60;200505;34.8;1;31;;16.2;1;17;6;3;1;0;0;0;1017.1;9;31;1010.5;9;17;22.4;1;31;;28.3;1;24;15.0;1;17;0;9;0;0;7;29;0;12.1;1;31;;8.5;1;25;16.9;1;30;0;0;4;29;31;0;0;0;10.3;1;19.8;1;24;31;17.3;1;31;17.1;9;31;0;13.4;1;17;21.0;1;3;12;1;24;31;98;1;14;31;68;9;31;12.0;1;31;147.0;1;22.9;1;290;9;31;25;10;0;31;21.6;1;290;9;31;23;9;0;31;15.7;1;290;9;31;22;13;4;31;5.6;1;31;15898;1;31;3;7;10;67308;1;31;;;0;;;0;;;;;;0;;;;;;;;;;;;;;;;
11203004;LEZIGNAN-CORBIERES;43.173000;2.728833;60;200506;11.8;1;30;;8.2;1;13;3;1;0;0;0;0;1017.1;9;30;1009.3;9;13;28.9;1;30;;35.7;1;19;20.6;1;13;0;27;11;2;0;9;7;17.2;1;30;;8.7;1;10;22.3;1;21;0;0;2;7;21;9;0;0;11.6;1;19.3;1;9;30;23.1;1;30;22.8;9;30;12;17.2;1;10;28.5;1;22;15;1;9;30;97;1;3;30;62;9;30;15.8;1;30;191.7;1;20.1;1;310;9;16;24;8;0;30;19.0;1;310;9;16;23;5;0;30;14.1;1;300;9;16;17;10;0;30;5.1;1;30;17754;1;30;1;4;14;72517;1;30;;;0;;;0;;;;;;0;;;;;;;;;;;;;;;;
11203004;LEZIGNAN-CORBIERES;43.173000;2.728833;60;200507;2.0;1;31;;1.6;1;4;1;0;0;0;0;0;1016.1;9;31;1009.4;9;24;30.0;1;31;;35.3;1;3;24.6;1;7;0;30;16;1;0;6;11;18.4;1;31;;14.8;1;10;23.0;1;28;0;0;0;1;23;8;0;0;11.6;1;17.9;1;3;31;24.2;1;31;23.9;9;31;17;20.2;1;5;27.4;1;17;17;1;21;31;94;1;4;31;55;9;31;15.2;1;31;224.7;1;21.0;1;320;9;1;28;15;0;31;19.8;1;320;9;1;28;12;0;31;14.3;1;290;9;6;25;18;0;31;6.1;1;31;19524;1;31;1;3;17;76557;1;31;;;0;;;0;;;;;;0;;;;;;;;;;;;;;;;
11203004;LEZIGNAN-CORBIERES;43.173000;2.728833;60;200508;36.1;1;31;;26.9;1;10;5;1;1;0;0;0;1017.2;9;30;1010.5;9;10;27.7;1;31;;33.5;1;5;20.4;1;21;0;26;8;0;0;13;2;16.6;1;31;;12.7;1;16;20.1;1;10;0;0;0;7;30;1;0;0;11.1;1;18.6;1;16;31;22.1;1;31;21.7;1;30;4;17.8;1;21;25.7;1;6;12;1;8;30;96;1;31;30;59;9;30;14.2;9;30;194.7;1;23.7;1;300;9;22;30;17;0;31;22.3;9;300;9;22;29;16;0;31;15.7;1;290;9;22;27;20;2;31;6.6;1;30;17656;9;31;0;4;14;64875;1;30;;;0;;;0;;;;;;0;;;;;;;;;;;;;;;;
11203004;LEZIGNAN-CORBIERES;43.173000;2.728833;60;200509;94.9;1;30;;55.0;1;5;7;3;3;1;1;0;1017.7;9;30;1009.1;9;6;24.5;1;30;;32.8;1;2;17.4;1;17;0;11;4;0;2;25;1;14.9;1;30;;7.9;1;22;20.2;1;2;0;0;3;15;29;1;0;0;9.6;1;15.3;1;22;30;19.7;1;30;19.1;1;30;2;14.0;1;18;26.5;1;2;23;1;21;30;98;1;25;30;71;9;30;14.8;1;30;118.2;1;23.3;1;290;9;17;23;9;0;30;21.9;9;290;9;17;22;7;0;30;16.2;1;280;9;17;18;12;2;30;4.8;1;30;12910;1;30;1;5;10;47791;1;30;;;0;;;0;;;;;;0;;;;;;;;;;;;;;;;
11203004;LEZIGNAN-CORBIERES;43.173000;2.728833;60;200510;160.1;1;31;;64.8;1;13;9;4;3;2;1;0;1018.3;9;31;1009.8;9;21;19.4;1;31;;24.2;1;9;15.5;1;4;0;0;0;0;17;31;0;13.7;1;31;;5.9;1;7;18.0;1;30;0;0;4;22;31;0;0;0;5.7;1;15.0;1;9;31;16.5;1;31;16.1;1;31;0;13.0;1;7;19.9;1;29;42;1;24;31;97;1;20;31;85;9;31;15.1;1;31;57.7;1;20.8;1;110;9;27;20;6;0;31;19.6;9;110;9;27;19;5;0;31;15.1;1;300;9;3;17;7;1;31;5.2;1;31;5709;1;31;8;14;3;23387;1;31;;;0;;;0;;;;;;0;;;;;;;;;;;;;;;;
11203004;LEZIGNAN-CORBIERES;43.173000;2.728833;60;200511;196.9;1;30;;90.0;1;13;7;4;3;2;2;0;1017.4;9;30;997.8;9;26;13.3;1;30;;20.6;1;1;7.2;1;23;0;0;0;0;29;30;0;5.8;1;30;;-2.2;1;19;13.5;1;3;0;0;24;30;30;0;0;1;7.6;1;15.3;1;7;30;9.6;1;30;9.1;1;30;0;3.7;1;23;16.4;1;3;31;1;22;30;97;1;13;30;79;9;30;9.0;1;30;40.5;1;29.0;1;300;9;24;20;12;1;30;27.1;9;300;9;24;18;7;0;30;20.1;1;300;9;24;17;15;1;30;4.7;1;30;7507;1;30;1;12;10;19477;1;30;;;0;;;0;;;;;;0;;;;;;;;;;;;;;;;
11203004;LEZIGNAN-CORBIERES;43.173000;2.728833;60;200512;20.2;1;31;;9.4;1;8;5;1;0;0;0;0;1019.6;9;31;998.9;9;2;8.1;1;31;;13.7;1;4;1.8;1;27;0;0;0;0;31;31;0;0.6;1;31;;-5.1;1;22;7.0;1;17;1;0;31;31;31;0;0;14;7.5;1;15.3;1;4;31;4.3;1;31;3.8;1;31;0;0.4;1;27;8.9;1;17;28;1;23;31;97;1;31;31;77;9;31;6.1;1;31;35.4;1;28.9;1;300;9;14;24;19;1;31;27.1;9;300;9;14;24;14;0;31;20.1;1;300;9;14;24;21;5;31;6.3;1;31;9739;1;31;0;6;11;19328;1;31;;;0;;;0;;;;;;0;;;;;;;;;;;;;;;;
11203004;LEZIGNAN-CORBIERES;43.173000;2.728833;60;200601;185.0;1;31;;130.0;1;29;10;4;3;1;1;1;1021.4;9;31;1011.3;9;28;9.2;1;31;;13.1;1;12;0.1;1;28;0;0;0;0;31;31;0;3.2;1;31;;-2.8;1;24;9.4;1;19;0;0;31;31;31;0;0;6;6.0;1;14.6;1;24;31;6.2;1;31;5.8;1;31;0;-0.4;1;28;11.0;1;19;33;1;23;31;98;1;29;31;83;9;31;7.5;1;31;33.7;1;25.7;1;310;9;18;22;12;0;31;24.1;9;310;9;18;22;11;0;31;17.7;1;300;9;18;22;15;4;31;5.7;1;31;6318;1;31;11;13;4;16585;1;31;;;0;;;0;;;;;;0;;;;;;;;;;;;;;;;
11203004;LEZIGNAN-CORBIERES;43.173000;2.728833;60;200602;4.2;1;28;;1.0;1;22;2;0;0;0;0;0;1015.1;9;28;997.7;9;19;11.0;1;28;;17.5;1;19;3.0;1;5;0;0;0;0;28;28;0;2.9;1;28;;-2.0;1;11;7.1;1;16;0;0;28;28;28;0;0;5;8.1;1;14.7;1;14;28;6.9;1;28;6.3;1;28;0;1.8;1;5;11.9;1;19;27;1;11;28;97;1;16;28;71;9;28;6.6;1;28;53.1;1;26.0;1;280;9;5;25;14;0;28;24.4;9;280;9;5;25;12;0;28;18.1;1;280;9;5;23;18;5;28;6.2;1;28;11253;1;28;0;3;13;30150;1;28;;;0;;;0;;;;;;0;;;;;;;;;;;;;;;;
11203004;LEZIGNAN-CORBIERES;43.173000;2.728833;60;200603;54.0;1;31;;23.0;1;10;9;3;2;0;0;0;1013.4;9;31;999.6;9;4;15.2;1;31;;23.2;1;31;6.1;1;5;0;0;0;0;29;31;0;5.6;1;31;;-3.9;1;14;12.4;1;27;0;0;25;31;31;0;0;1;9.6;1;22.4;1;14;31;10.4;1;31;10.1;1;31;0;3.9;1;5;16.4;1;25;12;1;14;31;100;1;22;31;74;9;31;8.7;1;31;76.3;1;30.6;1;290;9;5;21;12;1;31;28.6;9;290;9;5;21;12;1;31;21.7;1;290;9;5;21;13;8;31;5.8;1;31;10306;1;31;3;6;6;39579;1;31;;;0;;;0;;;;;;0;;;;;;;;;;;;;;;;
11203004;LEZIGNAN-CORBIERES;43.173000;2.728833;60;200604;12.0;1;30;;5.8;1;15;3;1;0;0;0;0;1015.3;9;30;1005.3;9;5;19.2;1;30;;24.0;1;25;13.6;1;10;0;0;0;0;19;30;0;9.1;1;30;;2.4;1;7;14.4;1;26;0;0;19;30;30;0;0;0;10.0;1;18.4;1;7;30;14.2;1;30;13.9;1;30;0;9.6;1;11;19.1;1;26;24;1;30;30;100;1;16;30;68;9;30;10.0;1;30;121.2;1;24.4;1;300;1;27;27;13;0;30;22.9;9;300;1;27;26;12;0;30;16.9;1;300;1;29;24;15;5;30;6.6;1;30;14170;1;30;2;4;10;57478;1;30;;;0;;;0;;;;;;0;;;;;;;;;;;;;;;;
11203004;LEZIGNAN-CORBIERES;43.173000;2.728833;60;200605;17.8;1;31;;11.4;1;6;3;1;1;0;0;0;1018.3;9;31;1009.9;9;21;23.2;1;31;;32.2;1;28;16.7;1;8;0;9;2;0;4;29;1;12.3;1;31;;4.1;1;1;19.3;1;29;0;0;8;23;31;0;0;0;10.9;1;17.8;1;20;31;17.7;1;31;17.4;1;31;2;11.9;1;1;25.3;1;28;20;1;10;31;99;1;13;31;66;9;31;11.9;1;31;157.7;1;19.3;1;280;1;29;28;8;0;31;18.2;9;280;1;29;27;6;0;31;13.2;1;320;1;31;23;15;0;31;5.3;1;31;15703;1;31;1;4;9;67048;1;31;;;0;;;0;;;;;;0;;;;;;;;;;;;;;;;
11203004;LEZIGNAN-CORBIERES;43.173000;2.728833;60;200606;11.0;1;30;;7.2;1;16;3;1;0;0;0;0;1018.3;9;30;1012.8;9;24;27.9;1;30;;34.8;1;30;22.1;1;1;0;23;9;0;0;12;4;16.2;1;30;;9.4;1;1;21.2;1;22;0;0;1;10;28;3;0;0;11.7;1;20.7;1;6;30;22.0;1;30;21.7;1;30;8;15.8;1;1;27.8;1;30;15;1;6;30;98;1;17;30;61;9;30;14.3;1;30;198.9;1;23.1;1;290;1;3;29;9;0;30;21.8;9;290;1;3;26;8;0;30;14.4;1;300;1;3;20;13;0;30;5.5;1;30;19521;1;30;0;1;14;78317;1;30;;;0;;;0;;;;;;0;;;;;;;;;;;;;;;;
11203004;LEZIGNAN-CORBIERES;43.173000;2.728833;60;200607;12.8;1;31;;11.6;1;19;2;1;1;0;0;0;1017.0;9;31;1011.7;9;29;34.0;1;31;;38.0;1;30;26.7;1;6;0;31;28;12;0;1;25;20.4;1;31;;17.3;1;9;24.7;1;13;0;0;0;0;13;19;0;0;13.5;1;18.9;1;30;31;27.2;1;31;26.8;1;31;28;22.9;1;6;30.3;1;13;13;1;10;31;97;1;21;31;58;9;31;17.6;1;31;232.9;1;27.0;1;280;9;27;24;11;0;31;25.3;9;280;1;27;22;11;0;31;17.1;1;290;9;27;17;12;1;31;4.9;1;31;20328;1;31;0;0;16;79667;1;31;;;0;;;0;;;;;;0;;;;;;;;;;;;;;;;
11203004;LEZIGNAN-CORBIERES;43.173000;2.728833;60;200608;22.2;1;31;;10.2;1;25;3;2;1;0;0;0;1014.9;9;31;1002.8;9;17;27.7;1;31;;33.6;1;23;21.7;1;16;0;26;5;0;0;11;1;17.2;1;31;;12.1;1;18;22.1;1;1;0;0;0;5;29;2;0;0;10.5;1;18.3;1;23;31;22.5;1;31;22.1;1;31;6;17.4;1;15;26.4;1;1;14;1;31;31;97;1;18;31;56;9;31;13.7;1;31;209.1;1;26.2;1;300;1;29;29;21;0;31;24.6;9;300;1;29;27;18;0;31;15.9;1;300;1;29;24;22;3;31;7.1;1;31;16968;1;31;0;4;11;66905;1;31;;;0;;;0;;;;;;0;;;;;;;;;;;;;;;;
11203004;LEZIGNAN-CORBIERES;43.173000;2.728833;60;200609;96.9;1;30;;39.7;1;13;7;3;3;2;0;0;1015.2;9;30;1005.6;9;14;25.4;1;30;;36.1;1;4;17.0;1;16;0;14;4;1;1;23;3;16.4;1;30;;9.5;1;1;20.5;1;4;0;0;2;9;28;2;0;0;9.0;1;16.2;1;1;30;20.9;1;30;20.4;1;30;3;15.9;1;16;28.3;1;4;21;1;3;30;99;1;30;30;77;9;30;17.0;1;30;107.8;1;23.6;1;290;1;15;20;9;0;30;22.2;9;290;1;15;19;8;0;30;15.2;1;290;1;15;17;13;2;30;5.1;1;30;10690;1;30;4;13;11;40311;1;30;;;0;;;0;;;;;;0;;;;;;;;;;;;;;;;
11203004;LEZIGNAN-CORBIERES;43.173000;2.728833;60;200610;45.6;1;31;;16.8;1;11;4;3;3;0;0;0;1015.2;9;31;1001.1;9;19;22.4;1;31;;27.6;1;28;15.2;1;12;0;4;0;0;3;30;0;14.7;1;31;;6.0;1;8;19.7;1;1;0;0;2;17;31;0;0;0;7.8;1;15.8;1;14;31;18.5;1;31;18.0;1;31;0;13.7;1;8;23.0;1;1;38;1;24;31;99;1;28;31;83;9;31;16.5;1;31;68.5;1;24.3;1;280;9;11;20;9;0;31;22.9;9;280;1;11;20;8;0;31;16.2;1;290;9;11;19;13;2;31;4.7;1;31;8387;1;31;3;12;6;28342;1;31;;;0;;;0;;;;;;0;;;;;;;;;;;;;;;;
11203004;LEZIGNAN-CORBIERES;43.173000;2.728833;60;200611;18.2;1;30;;14.4;1;21;1;1;1;0;0;0;1020.2;9;30;1004.0;9;24;18.3;1;30;;22.5;1;10;14.5;1;4;0;0;0;0;24;30;0;9.7;1;30;;-1.4;1;3;16.9;1;26;0;0;14;26;30;0;0;2;8.7;1;16.9;1;3;30;14.0;1;30;13.5;1;30;0;6.8;1;4;18.4;1;25;25;1;3;30;100;1;28;30;80;9;30;12.1;1;30;50.0;1;21.8;1;280;1;21;22;8;0;30;20.6;9;280;1;21;18;4;0;30;13.9;1;290;1;21;16;8;0;30;4.6;1;30;8330;1;30;4;9;8;20572;1;30;;;0;;;0;;;;;;0;;;;;;;;;;;;;;;;
11203004;LEZIGNAN-CORBIERES;43.173000;2.728833;60;200612;25.2;1;31;;22.8;1;15;1;1;1;0;0;0;1026.0;9;31;1005.3;9;8;12.0;1;31;;20.3;1;4;3.9;1;25;0;0;0;0;30;31;0;3.1;1;31;;-4.5;1;27;9.9;1;4;0;0;31;31;31;0;0;8;8.9;1;16.0;1;27;31;7.5;1;31;7.1;1;31;0;1.5;1;25;15.1;1;4;39;1;14;31;100;1;30;31;83;9;31;8.3;1;31;30.7;1;23.7;1;290;1;6;19;7;0;31;22.3;9;290;1;6;19;7;0;31;16.5;1;300;1;18;19;10;3;31;4.5;1;31;8239;1;31;3;9;9;17209;1;31;;;0;;;0;;;;;;0;;;;;;;;;;;;;;;;
11203004;LEZIGNAN-CORBIERES;43.173000;2.728833;60;200701;10.0;1;31;;3.6;1;23;4;0;0;0;0;0;1024.8;9;31;1003.1;9;23;13.9;1;31;;20.8;1;9;2.2;1;26;0;0;0;0;30;31;0;5.3;1;31;;-4.1;1;30;12.5;1;20;0;0;25;31;31;0;0;6;8.6;1;16.4;1;30;31;9.6;1;31;9.0;1;31;0;-0.4;1;26;16.4;1;9;33;1;25;31;100;1;30;31;79;9;31;9.2;1;31;46.3;1;28.4;1;290;1;24;25;20;1;31;26.6;9;290;1;24;25;17;0;31;18.3;1;300;1;24;24;22;7;31;6.2;1;31;9838;1;31;1;7;13;20914;1;31;;;0;;;0;;;;;;0;;;;;;;;;;;;;;;;
11203004;LEZIGNAN-CORBIERES;43.173000;2.728833;60;200702;100.0;1;28;;51.6;1;17;8;4;3;1;1;0;1015.7;9;28;1004.7;9;7;14.9;1;28;;20.7;1;15;9.1;1;1;0;0;0;0;26;28;0;6.0;1;28;;-0.5;1;9;12.2;1;28;0;0;26;28;28;0;0;3;8.9;1;15.9;1;16;28;10.5;1;28;10.0;1;28;0;6.4;1;4;14.9;1;28;15;0;15;28;100;1;9;28;82;9;28;9.7;1;28;48.9;1;29.5;1;300;1;14;23;15;1;28;27.6;9;300;1;14;22;13;0;28;18.0;1;290;1;14;20;18;7;28;5.5;1;28;7218;1;28;3;9;4;22540;1;28;;;0;;;0;;;;;;0;;;;;;;;;;;;;;;;
11203004;LEZIGNAN-CORBIERES;43.173000;2.728833;60;200703;23.2;1;31;;8.8;1;19;6;1;0;0;0;0;1017.7;9;31;1001.8;9;20;15.9;1;31;;23.7;1;15;9.3;1;20;0;0;0;0;26;31;0;6.9;1;31;;0.6;1;12;11.9;1;14;0;0;28;31;31;0;0;0;9.0;1;19.2;1;13;31;11.4;1;31;11.0;1;31;0;5.6;1;20;16.5;1;14;19;1;11;31;98;1;4;31;70;9;31;8.6;1;31;93.9;1;26.8;1;300;1;10;27;20;0;31;25.1;9;300;1;10;26;20;0;31;17.7;1;290;1;17;26;22;9;31;7.3;1;31;11061;1;31;1;4;6;40475;1;31;;;0;;;0;;;;;;0;;;;;;;;;;;;;;;;
11203004;LEZIGNAN-CORBIERES;43.173000;2.728833;60;200704;74.2;1;30;;42.4;1;12;4;2;2;1;0;0;1017.0;9;30;1007.9;9;4;22.2;1;30;;29.6;1;23;14.6;1;4;0;10;0;0;9;27;0;11.5;1;30;;5.3;1;7;16.2;1;17;0;0;7;27;30;0;0;0;10.7;1;19.5;1;23;30;16.8;1;30;16.2;1;30;0;10.9;1;5;21.4;1;18;26;1;23;30;99;1;22;30;74;9;30;12.3;1;30;115.1;1;24.3;1;290;1;15;18;8;0;30;22.9;9;290;1;15;17;7;0;30;15.7;1;300;1;15;16;10;2;30;4.6;1;30;13277;1;30;3;6;8;53294;1;30;;;0;;;0;;;;;;0;;;;;;;;;;;;;;;;
11203004;LEZIGNAN-CORBIERES;43.173000;2.728833;60;200705;57.8;1;31;;17.0;1;1;8;4;2;0;0;0;1014.1;9;31;1006.2;9;26;23.1;1;31;;34.1;1;23;16.9;1;3;0;12;3;0;7;25;1;13.2;1;31;;9.5;1;2;17.2;1;23;0;0;2;24;31;0;0;0;9.9;1;21.4;1;10;31;18.2;1;31;17.6;1;31;1;13.4;1;2;25.7;1;23;19;1;10;31;96;1;24;31;70;9;31;13.2;1;31;143.9;1;30.0;1;310;1;17;26;16;2;31;28.0;9;280;1;28;26;16;2;31;20.8;1;300;1;17;25;17;5;31;6.9;1;31;13337;1;31;0;9;8;60205;1;31;;;0;;;0;;;;;;0;;;;;;;;;;;;;;;;
11203004;LEZIGNAN-CORBIERES;43.173000;2.728833;60;200706;13.4;1;30;;6.4;1;10;3;1;0;0;0;0;1014.2;9;30;1006.3;9;14;27.2;1;30;;33.9;1;8;19.9;1;1;0;22;6;0;1;14;3;15.9;1;30;;11.5;1;28;19.9;1;14;0;0;0;10;30;0;0;0;11.3;1;19.8;1;8;30;21.6;1;30;21.4;1;30;5;16.0;1;1;26.2;1;12;22;1;12;30;98;1;19;30;65;9;30;15.3;1;30;176.5;1;22.0;1;290;1;21;26;12;0;30;20.7;9;290;1;21;23;11;0;30;15.2;1;290;1;21;16;12;1;30;5.4;1;30;16671;1;30;1;2;8;72445;1;30;;;0;;;0;;;;;;0;;;;;;;;;;;;;;;;
11203004;LEZIGNAN-CORBIERES;43.173000;2.728833;60;200707;8.0;1;31;;4.4;1;1;3;0;0;0;0;0;1016.6;9;31;1005.4;9;23;28.4;1;31;;35.1;1;26;23.3;1;14;0;26;12;1;0;11;4;17.3;1;31;;11.8;1;13;22.1;1;28;0;0;0;7;27;5;0;0;11.1;1;20.6;1;26;31;22.8;1;31;22.4;1;31;10;19.4;1;13;26.8;1;27;15;1;26;31;93;1;1;31;60;9;31;15.1;1;31;208.2;1;24.3;1;290;1;9;30;14;0;31;22.9;9;290;1;9;29;12;0;31;16.0;1;300;1;9;26;19;2;31;6.5;1;31;18390;1;31;0;2;14;75219;1;31;;;0;;;0;;;;;;0;;;;;;;;;;;;;;;;
11203004;LEZIGNAN-CORBIERES;43.173000;2.728833;60;200708;14.6;1;31;;5.4;1;6;5;1;0;0;0;0;1015.3;9;31;1007.8;9;21;27.7;1;31;;35.2;1;26;21.2;1;21;0;26;7;1;0;14;4;16.4;1;31;;12.1;1;5;21.7;1;15;0;0;0;11;27;4;0;0;11.3;1;19.1;1;4;31;22.1;1;31;21.6;1;31;7;17.0;1;21;26.2;1;27;19;1;4;31;97;1;2;31;62;9;31;14.7;1;31;173.5;1;23.4;1;300;1;31;26;14;0;31;22.0;9;300;1;31;25;14;0;31;16.1;1;310;1;31;23;20;2;31;5.9;1;31;14519;1;31;1;5;12;59998;1;31;;;0;;;0;;;;;;0;;;;;;;;;;;;;;;;
11203004;LEZIGNAN-CORBIERES;43.173000;2.728833;60;200709;10.0;1;30;;4.2;1;30;4;0;0;0;0;0;1018.9;9;30;1011.9;9;27;25.2;1;30;;31.1;1;2;14.5;1;27;0;19;2;0;5;17;0;14.2;1;30;;5.6;1;29;20.2;1;17;0;0;5;15;29;1;0;0;11.0;1;18.7;1;20;30;19.7;1;30;19.2;1;30;0;12.2;1;27;24.8;1;15;17;1;2;30;98;1;30;30;60;9;30;12.3;1;30;153.5;1;24.5;1;310;1;27;25;13;0;30;23.0;9;310;1;27;25;11;0;30;16.4;1;300;1;27;22;17;1;30;6.1;1;30;15208;1;30;2;3;16;51407;1;30;;;0;;;0;;;;;;0;;;;;;;;;;;;;;;;
11203004;LEZIGNAN-CORBIERES;43.173000;2.728833;60;200710;35.0;1;31;;10.6;1;26;7;3;1;0;0;0;1019.7;9;31;1012.2;9;24;19.9;1;31;;25.6;1;6;11.0;1;26;0;1;0;0;14;31;0;12.1;1;31;;3.1;1;21;19.0;1;4;0;0;13;22;31;0;0;0;7.8;1;15.6;1;21;31;16.0;1;31;15.4;1;31;0;7.7;1;25;21.6;1;4;13;1;19;31;99;1;2;31;72;9;31;12.6;1;31;88.2;1;25.5;1;290;1;30;28;14;0;31;24.0;9;290;1;30;24;8;0;31;16.8;1;290;1;31;22;15;2;31;6.1;1;31;10078;1;31;6;9;10;30457;1;31;;;0;;;0;;;;;;0;;;;;;;;;;;;;;;;
11203004;LEZIGNAN-CORBIERES;43.173000;2.728833;60;200711;2.0;1;30;;1.6;1;22;1;0;0;0;0;0;1020.0;9;30;1006.4;9;21;13.2;1;30;;17.3;1;21;5.6;1;16;0;0;0;0;30;30;0;6.7;1;30;;-3.4;0;19;14.4;1;21;0;0;24;30;30;0;0;3;6.4;1;19.0;1;19;30;10.0;1;30;9.6;1;30;0;2.6;1;16;15.9;1;21;22;1;18;30;98;1;22;30;66;9;30;8.0;1;30;71.8;1;26.8;1;280;9;25;29;23;0;30;25.1;9;280;1;25;29;22;0;30;18.8;1;310;1;26;29;27;11;30;8.9;1;30;11208;1;30;1;4;13;24492;1;30;;;0;;;0;;;;;;0;;;;;;;;;;;;;;;;
11203004;LEZIGNAN-CORBIERES;43.173000;2.728833;60;200712;49.2;1;31;;16.8;1;21;7;3;2;0;0;0;1024.9;9;31;1008.9;9;9;11.5;1;31;;18.3;1;5;4.6;1;15;0;0;0;0;31;31;0;3.6;1;31;;-8.8;0;29;11.6;1;6;2;0;28;31;31;0;0;8;8.0;1;19.4;1;29;31;7.6;1;31;7.2;1;31;0;0.7;1;17;14.1;1;6;42;1;18;31;97;1;28;31;77;9;31;7.7;1;31;44.8;1;28.0;1;300;1;3;23;16;1;31;26.2;9;300;1;3;23;14;0;31;19.0;1;300;1;3;20;16;6;31;6.3;1;31;10391;1;31;1;3;10;19905;1;31;;;0;;;0;;;;;;0;;;;;;;;;;;;;;;;
11203004;LEZIGNAN-CORBIERES;43.173000;2.728833;60;200801;75.9;1;31;;32.9;1;3;8;4;2;1;0;0;1022.0;9;31;998.6;9;3;13.1;1;31;;18.1;1;27;8.4;1;29;0;0;0;0;31;31;0;5.2;1;31;;-3.3;1;2;12.1;1;19;0;0;30;31;31;0;0;5;7.9;1;18.7;1;27;31;9.1;1;31;9.0;1;31;0;3.6;1;2;14.5;1;19;21;1;28;31;98;1;11;31;79;9;31;8.6;1;31;46.3;1;26.2;1;290;1;16;24;16;0;31;24.6;9;290;1;16;23;13;0;31;18.1;1;290;1;11;23;18;3;31;5.5;1;31;7785;1;31;3;11;7;18943;1;31;;;0;;;0;;;;;;0;;;;;;;;;;;;;;;;
11203004;LEZIGNAN-CORBIERES;43.173000;2.728833;60;200802;14.4;1;29;;4.0;1;25;6;0;0;0;0;0;1025.0;9;20;1013.1;9;3;14.8;1;29;;21.1;1;22;10.5;1;20;0;0;0;0;27;29;0;4.6;1;29;;-3.8;1;3;11.9;1;27;0;0;26;29;29;0;0;5;10.2;1;18.0;1;3;29;9.7;1;29;9.6;1;20;0;5.2;1;3;15.4;1;27;32;1;22;29;99;1;26;29;79;9;29;8.6;1;29;51.4;1;20.7;1;310;1;4;19;3;0;29;19.5;9;310;1;4;16;2;0;29;13.6;1;290;1;4;15;7;0;29;4.3;1;29;9317;1;29;4;7;8;26140;1;29;;;0;;;0;;;;;;0;;;;;;;;;;;;;;;;
11203004;LEZIGNAN-CORBIERES;43.173000;2.728833;60;200803;31.6;1;31;;6.6;1;10;10;3;0;0;0;0;1013.3;9;31;995.6;9;22;14.6;1;31;;23.3;1;14;7.6;1;23;0;0;0;0;29;31;0;6.5;1;31;;0.4;1;9;12.0;1;1;0;0;27;31;31;0;0;0;8.1;1;15.7;1;14;31;10.5;1;31;10.0;1;31;0;4.7;1;6;15.5;1;14;23;1;5;31;99;1;15;31;68;9;31;8.2;1;31;93.7;1;30.4;1;300;1;1;30;27;3;31;28.4;9;300;1;1;30;26;1;31;21.3;1;300;1;1;29;28;11;31;8.5;1;31;11342;1;31;1;5;8;42166;1;31;;;0;;;0;;;;;;0;;;;;;;;;;;;;;;;
11203004;LEZIGNAN-CORBIERES;43.173000;2.728833;60;200804;16.8;1;30;;8.0;1;13;4;1;0;0;0;0;1012.1;9;30;993.3;9;18;18.2;1;30;;25.2;1;26;11.6;1;11;0;1;0;0;22;30;0;8.4;1;30;;1.8;1;16;13.6;1;10;0;0;23;30;30;0;0;0;9.8;1;16.0;1;26;30;13.3;1;30;13.0;1;30;0;8.5;1;16;17.5;1;25;12;1;7;30;97;1;18;30;66;9;30;9.1;1;30;121.1;1;24.0;1;270;1;11;29;18;0;30;22.6;9;270;1;11;28;17;0;30;16.5;1;160;1;18;26;21;6;30;6.8;1;30;13092;1;30;2;7;9;53812;1;30;;;0;;;0;;;;;;0;;;;;;;;;;;;;;;;
11203004;LEZIGNAN-CORBIERES;43.173000;2.728833;60;200805;83.9;1;31;;23.5;1;27;8;6;3;0;0;0;1012.1;9;31;1004.4;9;27;22.3;1;31;;25.9;1;30;17.2;1;27;0;4;0;0;6;31;0;12.5;1;31;;4.8;1;1;16.7;1;26;0;0;7;25;31;0;0;0;9.8;1;17.1;1;4;31;17.4;1;31;17.1;1;31;0;12.3;1;1;20.7;1;30;21;1;21;31;98;1;27;31;72;9;31;12.6;1;31;132.9;1;21.0;1;290;1;20;30;6;0;31;19.8;9;290;1;20;28;4;0;31;14.9;1;290;1;20;22;8;0;31;5.0;1;31;11693;1;31;2;9;4;57926;1;31;;;0;;;0;;;;;;0;;;;;;;;;;;;;;;;
11203004;LEZIGNAN-CORBIERES;43.173000;2.728833;60;200806;34.8;1;30;;18.8;1;16;5;2;1;0;0;0;1016.4;9;30;1006.5;9;16;26.0;1;30;;33.7;1;29;16.7;1;1;0;17;7;0;2;17;5;16.0;1;30;;11.0;1;15;21.8;1;30;0;0;0;15;27;4;0;0;10.0;1;17.5;1;19;30;21.0;1;30;20.7;1;30;6;16.0;1;8;27.1;1;30;26;1;29;30;98;1;16;30;66;9;30;14.9;1;30;179.7;1;20.3;1;290;1;12;26;15;0;30;19.2;9;290;1;12;24;13;0;30;14.2;1;290;1;12;24;16;0;30;6.3;1;30;17532;1;30;1;3;11;74017;1;30;;;0;;;0;;;;;;0;;;;;;;;;;;;;;;;
11203004;LEZIGNAN-CORBIERES;43.173000;2.728833;60;200807;10.8;1;31;;5.4;1;12;3;1;0;0;0;0;1016.1;9;28;1010.4;9;2;29.2;1;31;;33.7;1;27;22.6;1;3;0;27;16;0;0;8;4;17.1;1;31;;13.0;1;24;22.3;1;31;0;0;0;9;24;7;0;0;12.1;1;18.5;1;23;31;23.2;1;31;23.1;1;31;13;19.3;1;13;26.8;1;31;11;1;4;28;95;1;30;28;57;9;28;15.0;1;28;206.4;1;20.1;1;290;1;3;26;11;0;28;19.0;9;290;1;3;25;7;0;28;13.6;1;290;1;3;23;13;0;28;5.5;1;28;16808;1;25;0;1;12;64473;1;25;;;0;;;0;;;;;;0;;;;;;;;;;;;;;;;
11203004;LEZIGNAN-CORBIERES;43.173000;2.728833;60;200808;3.4;1;31;;1.8;1;5;2;0;0;0;0;0;1015.2;9;31;1005.8;9;12;29.5;1;31;;37.3;1;3;22.3;1;15;0;28;14;1;0;8;8;17.2;1;31;;12.1;1;16;22.7;1;4;0;0;0;9;24;7;0;0;12.3;1;19.8;1;10;31;23.3;1;31;23.1;1;31;10;17.8;1;15;29.0;1;3;7;1;10;31;95;1;19;31;58;9;31;15.0;1;31;187.3;1;22.4;1;310;1;15;26;10;0;31;21.1;9;310;1;15;26;6;0;31;15.1;1;310;1;15;21;11;1;31;5.2;1;31;16543;1;30;0;2;15;62302;1;29;;;0;;;0;;;;;;0;;;;;;;;;;;;;;;;
11203004;LEZIGNAN-CORBIERES;43.173000;2.728833;60;200809;15.2;1;30;;8.2;1;11;3;1;0;0;0;0;1016.1;9;30;1005.3;9;5;24.7;1;30;;30.8;1;3;18.6;1;14;0;14;2;0;1;23;0;13.3;1;30;;6.0;1;28;19.7;1;4;0;0;8;19;30;0;0;0;11.4;1;18.5;1;28;30;19.0;1;30;18.4;1;30;0;13.7;1;17;24.5;1;1;23;1;20;30;95;1;10;30;64;9;30;13.0;1;30;122.6;1;26.6;1;280;1;11;23;8;0;30;25.0;9;280;1;11;21;7;0;30;17.1;1;280;1;11;17;9;2;30;4.7;1;30;13532;1;30;1;7;13;48121;1;30;;;0;;;0;;;;;;0;;;;;;;;;;;;;;;;
11203004;LEZIGNAN-CORBIERES;43.173000;2.728833;60;200810;12.0;1;31;;3.2;1;27;5;0;0;0;0;0;1018.7;9;31;997.9;9;31;20.2;1;31;;26.9;1;14;10.3;1;29;0;3;0;0;13;31;0;11.0;1;31;;1.6;1;30;17.8;1;12;0;0;12;25;31;0;0;0;9.2;1;18.4;1;27;31;15.6;1;31;15.2;1;31;0;7.7;1;30;21.6;1;14;20;1;27;31;98;1;13;31;71;9;31;11.7;1;31;88.4;1;24.2;1;290;1;22;24;9;0;31;22.8;9;290;1;22;24;8;0;31;16.2;1;290;1;22;19;13;1;31;5.5;1;31;9944;1;31;4;8;8;32116;1;31;;;0;;;0;;;;;;0;;;;;;;;;;;;;;;;
11203004;LEZIGNAN-CORBIERES;43.173000;2.728833;60;200811;117.4;1;30;;69.6;1;2;7;5;3;1;1;0;1015.9;9;30;993.2;9;29;13.3;1;30;;22.5;1;1;6.9;1;25;0;0;0;0;29;30;0;7.0;1;30;;-2.7;1;29;15.7;1;1;0;0;28;29;30;0;0;3;6.3;1;14.9;1;29;30;10.1;1;30;9.6;1;30;0;3.4;1;27;19.1;1;1;42;1;7;30;97;1;11;30;78;9;30;9.3;1;30;48.5;1;27.3;1;300;1;21;25;14;0;30;25.6;9;300;1;21;25;14;0;30;19.0;1;300;1;21;23;18;7;30;6.8;1;30;7881;1;30;3;9;8;20468;1;30;;;0;;;0;;;;;;0;;;;;;;;;;;;;;;;
11203004;LEZIGNAN-CORBIERES;43.173000;2.728833;60;200812;72.8;1;31;;19.2;1;26;10;5;3;0;0;0;1017.8;9;31;996.0;9;14;9.5;1;31;;14.7;1;22;4.6;1;26;0;0;0;0;31;31;0;3.6;1;31;;-2.2;1;24;9.7;1;20;0;0;31;31;31;0;0;3;5.9;1;14.7;1;24;31;6.6;1;31;6.2;1;31;0;2.5;1;26;11.6;1;22;44;1;11;30;98;1;31;30;80;9;31;7.5;9;31;36.2;1;29.2;1;290;9;18;23;17;1;31;27.3;9;290;1;18;23;14;0;31;20.6;1;290;9;18;23;19;9;31;6.4;1;31;5825;1;31;5;13;4;14192;1;31;;;0;;;0;;;;;;0;;;;;;;;;;;;;;;;
11203004;LEZIGNAN-CORBIERES;43.173000;2.728833;60;200901;117.4;1;31;;45.0;1;9;9;5;4;1;0;0;1014.0;9;31;991.7;9;24;9.9;1;31;;16.1;1;23;0.9;1;7;0;0;0;0;31;31;0;2.3;1;31;;-3.5;1;8;9.4;1;1;0;0;31;31;31;0;0;9;7.5;1;14.6;1;13;31;6.1;1;31;5.6;1;31;0;-1.0;1;7;10.6;1;29;42;1;15;31;97;1;31;31;81;9;31;7.2;1;31;35.8;1;45.4;1;300;1;24;22;11;1;31;41.7;9;300;1;24;20;9;1;31;29.6;1;290;1;24;20;14;3;31;5.3;1;31;6895;1;31;5;11;5;17979;1;31;;;0;;;0;;;;;;0;;;;;;;;;;;;;;;;
11203004;LEZIGNAN-CORBIERES;43.173000;2.728833;60;200902;41.2;1;28;;13.4;1;10;5;5;1;0;0;0;1014.8;9;28;991.5;9;6;12.0;1;28;;20.2;1;27;6.1;1;11;0;0;0;0;27;28;0;3.2;1;28;;-3.9;1;16;8.5;1;27;0;0;28;28;28;0;0;4;8.9;1;18.7;1;26;28;7.6;1;28;7.3;1;28;0;3.2;1;16;14.4;1;27;17;1;27;28;97;1;26;28;69;9;28;6.6;1;28;62.1;1;28.8;1;300;1;22;23;17;1;28;27.0;9;300;1;22;23;16;0;28;21.1;1;300;1;22;23;19;7;28;7.2;1;28;9178;1;28;1;7;8;27412;1;28;;;0;;;0;;;;;;0;;;;;;;;;;;;;;;;
11203004;LEZIGNAN-CORBIERES;43.173000;2.728833;60;200903;37.9;1;31;;19.1;1;1;5;3;1;0;0;0;1016.2;9;31;990.2;9;5;16.4;1;31;;25.3;1;13;8.9;1;5;0;2;0;0;25;31;0;5.8;1;31;;-0.5;1;21;11.0;1;15;0;0;29;31;31;0;0;2;10.6;1;21.9;1;19;31;11.1;1;31;10.7;1;31;0;5.6;1;4;16.2;1;14;9;1;20;31;95;1;1;31;61;9;31;7.2;1;31;110.5;1;26.3;1;300;1;6;29;20;0;31;24.7;9;300;1;6;29;19;0;31;18.3;1;300;1;6;26;23;7;31;7.2;1;31;14917;1;31;2;4;18;48265;1;31;;;0;;;0;;;;;;0;;;;;;;;;;;;;;;;
11203004;LEZIGNAN-CORBIERES;43.173000;2.728833;60;200904;134.4;1;30;;31.0;1;11;13;8;5;1;0;0;1013.8;9;30;1004.5;9;15;16.9;1;30;;25.3;1;23;8.9;1;12;0;1;0;0;24;30;0;8.6;1;30;;4.6;1;9;13.5;1;25;0;0;20;30;30;0;0;0;8.4;1;14.1;1;19;30;12.8;1;30;12.5;1;30;0;7.4;1;12;19.0;1;23;23;1;23;30;98;1;16;30;76;9;30;10.1;1;30;97.8;1;26.7;1;280;1;22;29;17;0;30;25.0;9;280;1;22;29;15;0;30;18.4;1;270;1;22;27;19;5;29;7.3;1;30;10359;1;30;7;11;6;46277;1;30;;;0;;;0;;;;;;0;;;;;;;;;;;;;;;;
11203004;LEZIGNAN-CORBIERES;43.173000;2.728833;60;200905;27.6;1;31;;13.8;1;14;4;2;1;0;0;0;1018.0;9;31;1011.2;9;14;22.7;1;31;;31.3;1;29;17.5;1;1;0;8;1;0;7;28;0;13.6;1;31;;7.7;1;16;18.3;1;25;0;0;1;22;31;0;0;0;9.0;1;18.2;1;16;31;18.1;1;31;17.9;1;31;0;14.3;1;15;22.5;1;29;27;1;29;31;99;1;24;31;74;9;31;14.3;1;31;133.0;1;24.0;1;300;1;27;20;11;0;31;22.6;9;300;1;27;19;10;0;31;16.5;1;290;1;27;17;13;6;31;5.9;1;31;14381;1;31;3;9;9;62159;1;31;;;0;;;0;;;;;;0;;;;;;;;;;;;;;;;
11203004;LEZIGNAN-CORBIERES;43.173000;2.728833;60;200906;16.4;1;30;;9.8;1;5;3;1;0;0;0;0;1015.2;9;29;1004.2;9;6;28.5;1;30;;37.0;1;30;22.7;1;8;0;23;12;2;0;11;4;16.3;1;30;;11.5;1;9;21.9;1;30;0;0;0;10;28;2;0;0;12.2;1;19.4;1;28;30;22.4;1;30;22.3;1;29;6;17.9;1;8;29.5;1;30;18;1;30;27;99;1;1;27;60;9;28;14.4;9;29;193.6;1;20.6;1;300;1;21;27;10;0;30;19.5;9;300;1;21;26;7;0;30;14.5;1;290;1;21;18;13;0;30;5.0;1;30;18420;1;30;1;2;15;68678;1;28;;;0;;;0;;;;;;0;;;;;;;;;;;;;;;;
11203004;LEZIGNAN-CORBIERES;43.173000;2.728833;60;200907;3.8;1;31;;1.4;1;20;2;0;0;0;0;0;1016.5;9;31;1009.8;9;22;30.1;1;31;;37.5;1;1;23.0;1;17;0;30;14;1;0;5;10;18.4;1;31;;13.3;1;26;22.8;1;4;0;0;0;3;21;10;0;0;11.7;1;19.9;1;11;31;24.2;1;31;23.8;1;31;15;20.1;1;18;30.1;1;1;19;1;11;29;97;1;21;29;60;9;30;16.5;9;30;209.6;1;23.8;1;270;1;17;28;15;0;31;22.4;9;270;1;17;28;10;0;31;16.8;1;270;1;17;25;17;1;31;5.7;1;31;17874;1;30;0;1;12;72327;1;30;;;0;;;0;;;;;;0;;;;;;;;;;;;;;;;
11203004;LEZIGNAN-CORBIERES;43.173000;2.728833;60;200908;24.5;1;31;;14.5;1;25;4;2;1;0;0;0;1016.5;9;31;1010.7;9;24;31.3;1;31;;37.2;1;14;25.8;1;25;0;31;19;5;0;5;14;18.8;1;31;;11.8;1;31;23.6;1;18;0;0;0;2;21;10;0;0;12.5;1;19.5;1;4;31;25.0;1;31;24.7;1;31;19;20.3;1;31;30.4;1;18;14;1;14;31;97;1;27;31;59;9;31;16.5;1;31;205.4;1;25.2;1;260;1;1;25;11;0;31;23.7;9;260;1;1;25;9;0;31;16.3;1;270;1;1;22;13;1;31;5.3;1;31;19130;1;31;1;2;18;69870;1;31;;;0;;;0;;;;;;0;;;;;;;;;;;;;;;;
11203004;LEZIGNAN-CORBIERES;43.173000;2.728833;60;200909;6.0;1;30;;3.2;1;1;2;0;0;0;0;0;1017.8;9;30;1008.6;9;16;26.9;1;30;;32.1;1;10;21.9;1;20;0;24;5;0;0;19;1;14.7;1;30;;9.2;1;7;21.7;1;1;0;0;1;16;29;1;0;0;12.2;1;19.2;1;9;30;20.8;1;30;20.3;1;30;0;17.8;1;17;24.2;1;10;16;1;10;30;96;1;18;30;65;9;30;13.9;1;30;136.4;1;20.4;1;270;1;21;21;9;0;30;19.3;9;270;1;21;19;7;0;30;14.8;1;270;1;21;16;11;0;30;4.8;1;30;16126;9;30;0;2;15;51529;1;29;;;0;;;0;;;;;;0;;;;;;;;;;;;;;;;
11203004;LEZIGNAN-CORBIERES;43.173000;2.728833;60;200910;38.4;1;31;;13.6;1;20;5;3;2;0;0;0;1017.0;9;31;1000.3;9;21;21.6;1;31;;27.9;1;29;14.5;1;22;0;6;0;0;10;28;0;12.0;1;31;;-0.7;1;19;20.7;1;8;0;0;10;23;29;2;0;1;9.6;1;17.8;1;29;31;16.8;1;31;16.2;1;31;0;7.2;1;19;23.5;1;6;18;1;15;31;100;1;31;31;70;9;31;12.5;1;31;103.1;1;30.7;1;270;1;8;26;17;1;31;28.7;9;270;1;8;25;16;1;31;15.6;1;280;1;8;24;20;4;31;6.1;1;31;13417;1;31;0;4;13;38094;1;31;;;0;;;0;;;;;;0;;;;;;;;;;;;;;;;
11203004;LEZIGNAN-CORBIERES;43.173000;2.728833;60;200911;20.8;1;30;;5.2;1;4;6;2;0;0;0;0;1014.8;9;30;1001.2;9;29;15.8;1;30;;19.9;1;14;10.1;1;10;0;0;0;0;30;30;0;9.1;1;30;;1.5;1;25;15.4;1;16;0;0;17;29;30;0;0;0;6.7;1;14.4;1;25;30;12.4;1;30;12.2;1;30;0;8.6;1;10;17.0;1;16;44;1;24;30;99;1;17;30;82;9;30;11.4;1;30;42.6;1;26.0;1;280;1;3;19;10;0;30;24.4;9;280;1;3;18;9;0;30;17.9;1;290;9;9;17;12;2;30;5.1;1;30;4733;1;30;5;15;1;16165;1;30;;;0;;;0;;;;;;0;;;;;;;;;;;;;;;;
11203004;LEZIGNAN-CORBIERES;43.173000;2.728833;60;200912;24.2;1;31;;9.6;1;31;6;2;0;0;0;0;1009.8;9;31;989.1;9;24;10.6;1;31;;16.9;1;9;1.5;1;19;0;0;0;0;31;31;0;4.0;1;31;;-6.4;1;21;11.2;1;8;1;0;28;31;31;0;0;6;6.7;1;16.3;1;21;31;7.3;1;31;7.0;1;31;0;-0.5;1;17;14.0;1;10;37;1;20;31;100;1;30;31;82;9;31;8.2;1;31;35.5;1;26.0;1;280;1;19;24;16;0;31;24.4;9;280;1;19;24;14;0;31;17.8;1;280;1;19;23;19;4;31;5.6;1;31;6680;1;31;6;11;7;15048;1;31;;;0;;;0;;;;;;0;;;;;;;;;;;;;;;;
11203004;LEZIGNAN-CORBIERES;43.173000;2.728833;60;201001;69.7;1;31;;37.7;1;14;9;3;2;1;0;0;1014.1;9;31;999.3;9;14;8.2;1;31;;15.0;1;14;-1.7;1;9;1;0;0;0;31;31;0;1.6;1;31;;-5.4;1;12;7.6;1;1;1;0;31;31;31;0;0;11;6.6;1;12.9;1;18;31;4.9;1;31;4.4;1;31;0;-2.4;1;9;9.7;1;14;26;1;31;31;99;1;23;31;81;9;31;6.7;1;31;35.4;1;27.5;1;280;1;1;23;14;0;31;25.8;9;280;1;1;23;12;0;31;19.4;1;270;1;1;23;16;8;31;6.1;1;31;6826;1;31;7;12;5;17417;1;31;;;0;;;0;;;;;;0;;;;;;;;;;;;;;;;
11203004;LEZIGNAN-CORBIERES;43.173000;2.728833;60;201002;58.6;1;28;;15.0;1;16;8;4;3;0;0;0;1007.0;9;28;990.8;9;17;10.7;1;28;;18.1;1;24;-0.3;1;11;1;0;0;0;28;28;0;2.1;1;28;;-6.2;1;15;11.4;1;28;1;0;27;28;28;0;0;11;8.6;1;19.4;1;3;28;6.4;1;28;6.1;1;28;0;-1.8;1;11;13.9;1;28;28;1;3;28;100;1;24;28;77;9;28;7.0;1;28;46.2;1;25.7;1;280;1;12;22;12;0;28;24.1;9;280;1;12;22;12;0;28;17.1;1;280;1;12;21;17;5;28;6.0;1;28;8003;1;28;3;9;7;25269;1;28;;;0;;;0;;;;;;0;;;;;;;;;;;;;;;;
11203004;LEZIGNAN-CORBIERES;43.173000;2.728833;60;201003;56.4;1;31;;15.0;1;8;10;4;3;0;0;0;1017.9;9;26;1005.6;9;30;13.3;1;31;;20.8;1;26;1.0;1;8;0;0;0;0;28;31;0;4.9;1;31;;-3.0;1;9;12.1;1;25;0;0;26;31;31;0;0;7;8.4;1;19.8;1;16;31;9.1;1;31;10.1;1;26;0;-0.8;1;8;15.1;1;26;11;1;6;31;100;1;21;31;75;9;31;8.3;1;31;73.8;1;33.6;1;280;1;30;27;14;1;31;31.3;9;280;1;30;27;13;1;31;23.4;1;290;1;30;22;18;5;31;6.3;1;31;11928;9;31;4;8;12;39057;1;29;;;0;;;0;;;;;;0;;;;;;;;;;;;;;;;
11203004;LEZIGNAN-CORBIERES;43.173000;2.728833;60;201004;7.0;1;30;;3.2;1;7;2;0;0;0;0;0;1017.2;9;30;1009.7;9;22;20.2;1;30;;27.5;1;27;13.0;1;8;0;6;0;0;16;29;0;8.6;1;30;;3.1;1;13;15.7;1;26;0;0;19;29;30;0;0;0;11.5;1;20.5;1;19;30;14.4;1;30;14.2;1;30;0;10.2;1;13;20.8;1;26;11;1;14;30;99;1;19;30;68;9;30;9.6;1;30;120.3;1;20.9;1;290;1;8;24;8;0;30;19.7;9;290;1;8;24;3;0;30;14.6;1;280;1;8;21;9;0;30;4.6;1;30;14451;1;30;2;8;15;56993;1;30;;;0;;;0;;;;;;0;;;;;;;;;;;;;;;;
11203004;LEZIGNAN-CORBIERES;43.173000;2.728833;60;201005;106.0;1;31;;54.4;1;4;6;3;2;2;1;0;1014.0;9;31;1005.2;9;9;20.6;1;31;;27.9;1;21;6.9;1;4;0;7;0;0;13;29;0;11.0;1;31;;1.9;1;4;17.0;1;31;0;0;11;28;31;0;0;0;9.6;1;17.1;1;24;31;15.8;1;31;15.4;1;31;0;4.4;1;4;21.4;1;21;25;1;16;31;99;1;10;31;71;9;31;11.4;1;31;143.5;1;29.6;1;290;1;4;29;16;2;31;27.7;9;290;1;4;25;14;0;31;19.8;1;290;1;4;23;21;4;31;7.3;1;31;14161;1;31;1;6;7;64185;1;31;;;0;;;0;;;;;;0;;;;;;;;;;;;;;;;
11203004;LEZIGNAN-CORBIERES;43.173000;2.728833;60;201006;20.2;1;30;;9.9;1;14;3;2;0;0;0;0;1013.6;9;30;1002.2;9;10;26.5;1;30;;33.9;1;30;19.0;1;20;0;17;8;0;1;17;5;15.8;1;30;;10.8;1;20;22.1;1;30;0;0;0;13;27;3;0;0;10.7;1;19.4;1;25;30;21.2;1;30;20.7;1;30;7;14.9;1;20;28.0;1;30;23;1;26;30;98;1;10;30;66;9;30;15.0;1;30;175.5;1;26.2;1;310;1;20;27;12;0;30;24.6;9;310;1;20;26;9;0;30;16.4;1;300;1;20;25;18;2;30;6.2;1;30;17074;1;30;2;5;14;70193;1;30;;;0;;;0;;;;;;0;;;;;;;;;;;;;;;;
11203004;LEZIGNAN-CORBIERES;43.173000;2.728833;60;201007;5.2;1;31;;4.6;1;22;1;0;0;0;0;0;1016.8;9;31;1010.1;9;14;30.9;1;31;;35.6;1;11;23.7;1;22;0;30;18;2;0;5;16;19.6;1;31;;14.5;1;8;23.5;1;14;0;0;0;1;18;14;0;0;11.3;1;18.7;1;8;31;25.3;1;31;24.9;1;31;22;21.0;1;24;28.1;1;20;13;1;7;31;96;1;3;31;59;9;31;17.3;1;31;221.7;1;22.0;1;280;1;25;30;14;0;31;20.7;9;280;1;25;28;11;0;31;15.1;1;310;1;5;24;16;1;31;6.2;1;31;19692;1;31;1;2;15;76338;1;31;;;0;;;0;;;;;;0;;;;;;;;;;;;;;;;
11203004;LEZIGNAN-CORBIERES;43.173000;2.728833;60;201008;13.8;1;31;;12.2;1;1;1;1;1;0;0;0;1016.2;9;31;1010.5;9;23;30.1;1;31;;38.5;1;21;25.8;1;30;0;31;14;3;0;7;10;18.2;1;31;;12.5;1;31;22.9;1;27;0;0;0;2;25;7;0;0;11.9;1;20.1;1;25;31;24.1;1;31;23.5;1;31;14;20.6;1;30;29.0;1;27;13;1;31;31;97;1;20;31;56;9;31;15.1;1;31;210.5;1;22.0;1;290;1;28;29;13;0;31;20.7;9;290;1;28;27;10;0;31;14.4;1;320;1;28;20;16;0;31;5.9;1;31;19130;1;31;0;2;18;71447;1;31;;;0;;;0;;;;;;0;;;;;;;;;;;;;;;;
11203004;LEZIGNAN-CORBIERES;43.173000;2.728833;60;201009;42.5;1;30;;14.3;1;23;7;3;1;0;0;0;1015.7;9;30;1002.8;9;7;24.9;1;30;;32.7;1;15;17.3;1;26;0;14;4;0;3;23;3;14.1;1;30;;6.7;1;20;19.4;1;4;0;0;4;14;30;0;0;0;10.8;1;16.8;1;15;30;19.5;1;30;19.1;1;30;3;13.6;1;26;25.2;1;4;18;1;5;30;98;1;22;30;64;9;30;13.2;1;30;133.7;1;23.5;1;300;1;7;24;10;0;30;22.1;9;300;1;7;24;8;0;30;14.4;1;290;9;7;20;15;0;30;5.3;1;30;13888;1;30;2;5;15;48689;1;30;;;0;;;0;;;;;;0;;;;;;;;;;;;;;;;
11203004;LEZIGNAN-CORBIERES;43.173000;2.728833;60;201010;201.8;1;31;;135.6;1;10;5;4;3;2;1;1;1013.0;9;27;997.0;9;31;18.7;1;31;;25.8;1;5;11.2;1;18;0;2;0;0;21;31;0;10.8;1;31;;1.5;1;22;17.7;1;3;0;0;15;26;31;0;0;0;7.9;1;15.0;1;28;31;14.8;1;31;14.2;1;29;0;8.6;1;22;21.0;1;4;18;1;21;29;99;1;31;29;77;9;27;12.2;1;29;76.2;1;30.5;1;310;1;26;24;15;2;30;28.5;9;310;1;26;23;13;1;30;21.1;1;300;1;26;23;17;6;30;6.2;1;31;8652;9;31;5;8;4;24758;1;27;;;0;;;0;;;;;;0;;;;;;;;;;;;;;;;
11203004;LEZIGNAN-CORBIERES;43.173000;2.728833;60;201011;19.8;1;30;;3.6;1;8;9;0;0;0;0;0;1010.0;9;30;984.2;9;9;14.0;1;30;;21.7;1;5;6.7;1;26;0;0;0;0;28;30;0;6.1;1;30;;-5.2;1;27;14.7;1;4;1;0;24;30;30;0;0;2;7.9;1;14.6;1;27;30;10.1;1;30;9.6;1;30;0;2.1;1;27;18.0;1;4;18;1;17;29;99;1;20;29;81;9;29;9.3;1;29;45.8;1;25.2;1;300;1;2;24;11;0;30;23.7;9;300;1;2;23;10;0;30;17.2;1;290;1;2;23;15;3;30;5.4;1;30;7973;9;30;0;5;5;20254;1;29;;;0;;;0;;;;;;0;;;;;;;;;;;;;;;;
11203004;LEZIGNAN-CORBIERES;43.173000;2.728833;60;201012;5.6;1;31;;1.6;1;19;3;0;0;0;0;0;1012.4;9;30;994.6;9;23;9.9;1;31;;17.7;1;8;1.3;1;15;0;0;0;0;31;31;0;2.6;1;31;;-7.1;1;27;11.3;1;8;1;0;30;31;31;0;0;9;7.3;1;13.5;1;11;31;6.2;1;31;5.9;1;31;0;-0.7;1;27;14.5;1;8;25;1;26;30;99;1;23;30;79;9;30;7.3;9;31;38.1;1;31.1;1;310;1;25;23;16;3;31;29.0;1;310;1;25;21;14;2;31;21.2;1;310;9;25;21;16;6;31;6.2;1;31;6516;9;31;5;14;6;11685;1;26;;;0;;;0;;;;;;0;;;;;;;;;;;;;;;;
11203004;LEZIGNAN-CORBIERES;43.173000;2.728833;60;201101;110.4;1;31;;48.8;1;29;7;2;2;2;0;0;1019.4;9;31;1007.1;9;27;10.0;1;31;;17.5;1;15;1.4;1;22;0;0;0;0;31;31;0;3.1;1;31;;-3.2;1;27;11.3;1;13;0;0;30;31;31;0;0;8;6.9;1;15.4;1;11;31;6.6;1;31;6.3;1;31;0;-0.2;1;22;14.2;1;13;36;1;20;31;99;1;17;31;80;9;31;7.7;1;31;36.5;1;25.8;1;310;1;11;20;12;0;31;24.2;1;310;1;11;19;11;0;31;16.7;1;290;1;11;19;15;4;31;5.6;1;31;8513;1;31;7;11;10;18992;1;31;;;0;;;0;;;;;;0;;;;;;;;;;;;;;;;
11203004;LEZIGNAN-CORBIERES;43.173000;2.728833;60;201102;22.7;1;28;;9.5;1;17;3;2;0;0;0;0;1019.0;9;28;996.3;9;16;12.6;1;28;;19.9;1;6;4.5;1;1;0;0;0;0;28;28;0;5.1;1;28;;-0.7;1;7;11.0;1;25;0;0;27;28;28;0;0;4;7.5;1;15.0;1;19;28;8.9;1;28;8.5;1;28;0;2.6;1;1;13.5;1;25;34;1;19;28;99;1;9;28;79;9;28;8.4;1;28;50.3;1;29.0;1;290;1;2;22;17;1;28;27.1;1;290;1;2;22;17;0;28;21.6;1;290;1;2;22;17;7;28;6.9;1;28;8788;1;28;2;8;6;26274;1;28;;;0;;;0;;;;;;0;;;;;;;;;;;;;;;;
11203004;LEZIGNAN-CORBIERES;43.173000;2.728833;60;201103;116.7;1;31;;53.2;1;12;6;4;3;1;1;0;1020.4;9;30;1001.7;9;16;15.1;1;31;;19.0;1;31;8.9;1;1;0;0;0;0;31;31;0;6.8;1;31;;0.6;1;4;11.6;1;15;0;0;22;31;31;0;0;0;8.4;1;17.0;1;10;31;11.0;1;31;10.6;1;30;0;6.8;1;4;15.1;1;31;22;1;6;30;99;1;5;30;77;9;30;9.2;1;30;76.0;1;25.9;1;300;1;18;27;13;0;31;24.3;1;300;1;18;26;12;0;31;17.4;1;300;1;18;25;17;3;31;6.3;1;31;10667;9;31;2;9;8;38082;1;30;;;0;;;0;;;;;;0;;;;;;;;;;;;;;;;
11203004;LEZIGNAN-CORBIERES;43.173000;2.728833;60;201104;51.6;1;30;;22.3;1;25;3;3;2;0;0;0;1016.8;9;29;1003.5;9;30;21.5;1;30;;31.3;1;9;15.3;1;2;0;4;2;0;12;28;0;10.5;1;30;;4.2;1;14;15.0;1;10;0;0;11;30;30;0;0;0;11.0;1;20.5;1;9;30;16.0;1;30;15.6;1;29;0;12.3;1;17;21.6;1;8;11;1;5;29;99;1;23;29;68;9;29;10.8;1;29;134.4;1;26.8;1;290;1;9;23;10;0;30;25.1;1;290;1;9;23;9;0;30;19.1;1;290;1;10;22;14;5;30;6.1;1;30;15931;9;30;2;4;12;59316;1;29;;;0;;;0;;;;;;0;;;;;;;;;;;;;;;;
11203004;LEZIGNAN-CORBIERES;43.173000;2.728833;60;201105;17.3;1;31;;12.7;1;30;3;1;1;0;0;0;1018.2;9;25;1004.1;9;2;24.4;1;31;;33.2;1;25;17.5;1;7;0;13;3;0;4;23;1;13.1;1;31;;9.2;1;20;18.9;1;24;0;0;4;26;31;0;0;0;11.3;1;18.6;1;20;31;18.7;1;31;18.8;1;25;0;15.4;1;1;25.5;1;25;11;1;23;25;97;1;31;25;64;9;25;12.4;1;25;163.8;1;21.2;1;290;1;31;26;11;0;31;20.0;1;290;1;31;24;9;0;31;15.5;1;280;1;31;19;13;2;31;5.6;1;31;18521;9;31;0;3;13;60292;1;25;;;0;;;0;;;;;;0;;;;;;;;;;;;;;;;
11203004;LEZIGNAN-CORBIERES;43.173000;2.728833;60;201106;19.0;1;30;;4.6;1;4;6;0;0;0;0;0;1017.6;9;25;1007.2;9;7;25.5;1;30;;34.0;1;25;15.6;1;2;0;14;7;0;3;20;4;15.1;1;30;;10.6;1;1;20.0;1;16;0;0;0;17;30;1;0;0;10.4;1;21.9;1;20;30;20.3;1;30;19.4;1;25;2;13.4;1;2;26.2;1;28;22;1;30;30;98;1;5;30;66;9;25;14.3;1;30;166.2;1;23.7;1;290;1;29;24;11;0;28;22.3;1;290;1;29;22;9;0;28;16.7;1;290;1;29;20;16;2;28;5.9;1;30;15214;9;30;1;4;8;49475;1;23;;;0;;;0;;;;;;0;;;;;;;;;;;;;;;;
11203004;LEZIGNAN-CORBIERES;43.173000;2.728833;60;201107;20.6;1;31;;15.6;1;12;2;1;1;0;0;0;1014.1;9;29;1009.3;9;19;27.6;1;31;;33.9;1;5;22.7;1;19;0;25;9;0;0;15;3;16.8;1;31;;13.0;1;3;20.6;1;12;0;0;0;6;30;1;0;0;10.7;1;18.1;1;2;31;22.2;1;31;21.9;1;30;3;19.0;1;19;26.9;1;5;14;1;5;28;94;1;12;28;60;9;27;14.5;1;28;201.9;1;24.9;1;280;1;19;28;17;0;31;23.4;1;280;1;19;28;14;0;31;16.4;1;290;1;19;26;21;1;31;6.7;1;31;17812;1;31;1;3;12;63243;1;27;;;0;;;0;;;;;;0;;;;;;;;;;;;;;;;
11203004;LEZIGNAN-CORBIERES;43.173000;2.728833;60;201108;20.8;1;31;;12.8;1;6;3;2;1;0;0;0;1015.2;9;20;1008.4;9;6;29.8;1;31;;35.0;1;16;24.9;1;9;0;30;17;1;0;8;8;17.7;1;31;;12.3;1;28;22.5;1;18;0;0;0;7;26;8;0;0;12.1;1;18.2;1;28;31;23.8;1;31;23.1;1;27;12;19.8;1;27;28.0;1;16;15;1;12;21;98;1;19;21;66;9;20;16.7;9;22;169.0;1;24.1;1;290;1;26;21;6;0;27;22.7;1;290;1;26;20;6;0;27;16.4;1;280;1;26;13;8;1;27;4.7;1;24;16592;1;31;1;5;14;37349;1;20;;;0;;;0;;;;;;0;;;;;;;;;;;;;;;;
11203004;LEZIGNAN-CORBIERES;43.173000;2.728833;60;201109;6.8;1;30;;2.8;1;24;3;0;0;0;0;0;1017.7;9;30;1011.2;9;3;28.0;1;30;;32.7;1;9;19.3;1;18;0;27;6;0;1;7;2;16.4;1;30;;10.1;1;21;21.7;1;11;0;0;0;12;24;7;0;0;11.6;1;19.4;1;21;30;22.2;1;30;21.6;1;30;5;17.0;1;18;25.5;1;13;23;1;21;30;98;1;30;30;66;9;30;15.8;1;30;136.8;1;20.9;1;290;1;19;19;5;0;30;19.7;1;290;1;19;19;4;0;30;14.7;1;310;1;19;17;11;0;30;4.7;1;30;14995;1;30;0;5;17;50368;1;30;;;0;;;0;;;;;;0;;;;;;;;;;;;;;;;
11203004;LEZIGNAN-CORBIERES;43.173000;2.728833;60;201110;140.1;1;31;;85.6;1;27;3;2;2;2;2;0;1020.0;9;30;1001.9;9;24;22.7;1;31;;31.9;1;3;14.4;1;28;0;10;3;0;11;23;0;12.1;1;31;;2.4;1;26;18.6;1;5;0;0;9;22;31;0;0;0;10.6;1;22.4;1;2;31;17.4;1;31;17.1;1;30;0;10.8;1;26;24.0;1;4;15;1;3;31;99;1;18;31;67;9;30;11.8;1;31;112.2;1;26.1;1;300;1;8;24;12;0;31;24.5;1;300;1;8;23;9;0;31;18.8;1;300;1;8;21;15;2;31;5.7;1;31;13307;1;31;2;6;16;36665;1;30;;;0;;;0;;;;;;0;;;;;;;;;;;;;;;;
11203004;LEZIGNAN-CORBIERES;43.173000;2.728833;60;201111;113.2;1;30;;27.5;1;19;10;6;4;0;0;0;1018.1;9;30;997.5;9;4;16.9;1;30;;24.9;1;2;11.4;1;28;0;0;0;0;28;30;0;10.9;1;30;;4.7;1;28;18.4;1;3;0;0;9;28;30;0;0;0;5.9;1;13.1;1;9;30;13.9;1;30;13.5;1;30;0;8.1;1;28;19.7;1;2;47;1;17;30;99;1;25;30;86;9;30;12.9;1;30;40.6;1;21.2;1;140;1;3;23;6;0;30;20.0;1;140;1;3;22;6;0;30;14.5;1;140;1;3;21;11;0;30;4.9;1;30;5551;1;30;7;15;4;16125;1;30;;;0;;;0;;;;;;0;;;;;;;;;;;;;;;;
11203004;LEZIGNAN-CORBIERES;43.173000;2.728833;60;201112;4.8;1;31;;3.4;1;16;1;0;0;0;0;0;1023.2;9;31;1008.3;9;16;12.9;1;31;;16.0;1;8;9.2;1;18;0;0;0;0;31;31;0;5.7;1;31;;-2.4;1;27;11.8;1;22;0;0;29;31;31;0;0;3;7.2;1;15.8;1;28;31;9.3;1;31;9.0;1;31;0;5.1;1;27;13.1;1;22;39;1;28;31;99;1;27;31;82;9;31;9.1;1;31;41.2;1;28.0;1;270;1;16;24;20;1;31;26.2;1;270;1;16;24;19;0;31;22.3;1;290;1;22;24;23;10;31;6.8;1;31;7308;1;31;0;8;5;17400;1;31;;;0;;;0;;;;;;0;;;;;;;;;;;;;;;;
11203004;LEZIGNAN-CORBIERES;43.173000;2.728833;60;201201;10.4;1;31;;4.6;1;31;3;0;0;0;0;0;1025.3;9;29;1018.0;9;31;11.8;1;31;;16.2;1;1;5.3;1;29;0;0;0;0;31;31;0;5.0;1;31;;-3.0;1;15;10.2;1;22;0;0;29;31;31;0;0;4;6.8;1;13.1;1;11;31;8.4;1;31;7.9;1;31;0;2.2;1;16;13.1;1;1;42;1;4;31;98;1;26;31;77;9;31;8.1;1;31;50.2;1;32.9;1;290;1;5;27;18;1;31;30.7;1;290;1;5;26;18;1;31;22.3;1;290;9;5;25;23;10;31;7.6;1;31;10038;1;29;2;6;13;21284;1;29;;;0;;;0;;;;;;0;;;;;;;;;;;;;;;;
11203004;LEZIGNAN-CORBIERES;43.173000;2.728833;60;201202;4.2;1;29;;3.0;1;5;2;0;0;0;0;0;1024.3;9;26;1014.7;9;1;8.0;1;29;;22.5;1;29;-2.3;1;8;4;0;0;0;28;29;0;0.3;1;29;;-8.5;1;8;9.5;1;26;8;0;29;29;29;0;0;14;7.6;1;23.5;1;29;29;4.1;1;29;4.3;1;26;0;-5.4;1;8;12.6;1;26;13;1;28;29;95;1;5;29;60;9;26;4.9;1;29;71.2;1;34.0;1;310;1;7;27;24;3;29;31.7;1;310;1;7;27;24;3;29;24.7;1;300;1;7;27;25;19;29;10.7;1;29;12466;1;26;0;2;17;31884;1;26;;;0;;;0;;;;;;0;;;;;;;;;;;;;;;;
11203004;LEZIGNAN-CORBIERES;43.173000;2.728833;60;201203;26.3;1;31;;12.8;1;22;4;2;1;0;0;0;1024.6;9;31;1009.2;9;31;18.1;1;31;;26.1;1;29;10.7;1;6;0;3;0;0;18;31;0;6.8;1;31;;2.8;1;24;13.6;1;30;0;0;27;31;31;0;0;0;11.4;1;20.7;1;29;31;12.4;1;31;12.0;1;31;0;7.5;1;6;19.2;1;30;16;1;27;29;100;1;15;29;63;9;31;8.0;9;31;110.4;1;29.2;1;280;1;4;17;11;1;26;27.3;1;280;1;4;17;11;0;26;20.2;1;280;9;4;15;15;7;26;6.3;1;26;14278;1;31;2;7;15;46273;1;31;;;0;;;0;;;;;;0;;;;;;;;;;;;;;;;
11203004;LEZIGNAN-CORBIERES;43.173000;2.728833;60;201204;48.1;1;30;;9.5;1;12;15;3;0;0;0;0;1007.7;9;12;1003.3;9;10;17.3;1;30;;24.1;1;1;9.5;1;16;0;0;0;0;27;30;0;8.8;1;30;;5.0;1;25;13.3;1;1;0;0;21;30;30;0;0;0;8.5;1;14.0;1;25;30;13.0;1;30;12.8;1;12;0;7.3;1;16;18.7;1;1;26;1;1;12;98;1;6;12;74;9;12;10.2;1;12;100.0;1;23.8;1;290;1;8;11;5;0;12;22.4;1;290;1;8;11;5;0;12;16.7;1;300;1;8;11;6;1;12;5.8;1;12;4127;1;12;1;6;2;18417;1;12;;;0;;;0;;;;;;0;;;;;;;;;;;;;;;;
11203004;LEZIGNAN-CORBIERES;43.173000;2.728833;60;201205;31.0;1;31;;18.0;1;19;5;2;1;0;0;0;;;0;;;;23.3;1;31;;33.0;1;29;14.0;1;21;0;11;3;0;7;22;1;13.1;1;31;;5.0;1;1;20.0;1;30;0;0;7;24;31;1;0;0;10.2;1;16.0;1;29;31;18.2;1;31;;;0;;11.8;1;1;25.5;1;30;;;;0;;;;0;;;0;;;;140.7;1;;;;;;;;;0;;;;;;;;;0;;;;;;;;;0;;;0;;;0;;;;;;0;;;0;;;0;;;;;;0;;;;;;;;;;;;;;;;
11203004;LEZIGNAN-CORBIERES;43.173000;2.728833;60;201206;40.9;1;30;;17.0;1;11;7;3;2;0;0;0;1015.1;9;6;1011.3;9;29;27.7;1;30;;36.0;0;1;20.0;1;3;0;22;11;2;1;15;4;16.9;1;30;;12.5;1;14;21.5;1;29;0;0;0;8;29;1;0;0;10.8;1;18.0;1;1;30;22.3;1;30;23.8;1;13;6;16.8;1;12;27.3;1;26;19;1;26;12;97;1;20;12;61;9;13;16.8;9;13;171.0;1;25.5;1;300;1;21;10;3;0;12;24.0;1;300;1;21;9;3;0;12;16.7;1;300;9;21;8;3;2;12;5.0;1;13;3467;1;6;0;1;3;14258;1;6;;;0;;;0;;;;;;0;;;;;;;;;;;;;;;;
11203004;LEZIGNAN-CORBIERES;43.173000;2.728833;60;201207;24.0;1;31;;8.2;1;27;4;3;0;0;0;0;1016.4;9;31;1011.3;9;4;29.2;1;31;;37.9;1;18;18.3;1;1;0;28;13;1;1;9;6;17.1;1;31;;12.4;1;24;21.3;1;27;0;0;0;6;30;1;0;0;12.0;1;19.8;1;18;31;23.2;1;31;22.9;1;31;8;16.1;1;1;28.0;1;18;14;1;18;31;96;1;28;31;55;9;31;14.2;1;31;218.2;1;23.7;1;290;1;1;27;17;0;31;22.3;1;290;1;1;27;9;0;31;16.2;1;290;1;1;26;18;1;31;5.9;1;31;21710;1;31;0;2;22;80489;1;31;;;0;;;0;;;;;;0;;;;;;;;;;;;;;;;
11203004;LEZIGNAN-CORBIERES;43.173000;2.728833;60;201208;34.2;1;31;;17.4;1;29;6;1;1;0;0;0;1016.1;9;31;1009.3;9;24;31.4;1;31;;39.2;1;10;22.9;1;31;0;29;21;7;0;3;12;18.8;1;31;;12.3;1;27;22.8;1;22;0;0;0;1;19;12;0;0;12.5;1;22.1;1;10;31;25.1;1;31;24.7;1;31;21;19.1;1;31;29.3;1;22;13;1;8;31;98;1;29;31;60;9;31;17.0;1;31;192.0;1;20.7;1;300;1;31;25;11;0;30;19.5;1;300;1;31;24;8;0;30;14.1;1;280;1;25;20;13;0;30;4.9;1;30;18348;1;31;0;3;16;67278;1;31;;;0;;;0;;;;;;0;;;;;;;;;;;;;;;;
11203004;LEZIGNAN-CORBIERES;43.173000;2.728833;60;201209;65.6;1;30;;58.2;1;29;3;1;1;1;1;0;1016.0;9;30;1002.3;9;25;24.5;1;30;;31.0;1;6;17.0;1;29;0;15;2;0;3;24;0;15.2;1;30;;8.0;1;20;21.5;1;11;0;0;3;13;28;2;0;0;9.4;1;17.3;1;20;30;19.8;1;30;19.4;1;30;1;14.8;1;29;25.4;1;11;11;1;20;30;100;1;27;30;66;9;30;14.3;1;30;126.3;1;29.9;1;300;1;14;19;13;1;27;28.0;1;300;1;14;18;13;1;27;19.7;1;300;1;14;16;14;6;27;6.1;1;28;11250;1;30;4;8;10;43003;1;30;;;0;;;0;;;;;;0;;;;;;;;;;;;;;;;
11203004;LEZIGNAN-CORBIERES;43.173000;2.728833;60;201210;175.6;1;31;;71.2;1;20;6;5;3;2;2;0;1013.1;9;31;997.6;9;26;20.7;1;31;;27.5;1;8;9.5;1;28;0;5;0;0;10;30;0;12.4;1;31;;0.0;1;30;19.1;1;9;0;0;11;19;31;0;0;1;8.3;1;19.0;1;16;31;16.6;1;31;16.0;1;31;0;6.7;1;30;22.9;1;8;25;1;2;31;99;1;25;31;77;9;31;13.8;1;31;77.4;1;28.2;1;300;1;28;24;12;1;31;26.4;1;300;1;28;21;8;0;31;19.8;1;300;1;28;18;18;2;31;5.3;1;31;8520;1;31;4;11;8;29229;1;31;;;0;;;0;;;;;;0;;;;;;;;;;;;;;;;
11203004;LEZIGNAN-CORBIERES;43.173000;2.728833;60;201211;26.0;1;30;;11.0;1;27;5;2;1;0;0;0;1014.5;9;26;998.4;9;28;14.9;1;30;;19.0;1;1;7.0;1;30;0;0;0;0;30;30;0;8.2;1;30;;1.9;1;8;13.1;1;17;0;0;19;30;30;0;0;0;6.7;1;14.8;1;1;30;11.6;1;30;11.2;1;27;0;4.5;1;30;15.6;1;10;32;1;7;30;99;1;24;30;80;9;25;10.6;1;30;42.5;1;28.7;1;300;1;28;19;8;1;28;26.9;1;300;1;28;19;7;0;28;18.6;1;290;1;29;19;13;4;28;5.3;1;29;6600;1;26;4;12;8;16874;1;26;;;0;;;0;;;;;;0;;;;;;;;;;;;;;;;
11203004;LEZIGNAN-CORBIERES;43.173000;2.728833;60;201212;19.0;1;31;;5.2;1;4;5;1;0;0;0;0;1018.7;9;31;1005.8;9;14;12.1;1;31;;17.3;1;15;5.5;1;1;0;0;0;0;31;31;0;4.5;1;31;;-6.5;1;12;11.0;1;25;1;0;29;31;31;0;0;3;7.6;1;13.3;1;23;31;8.3;1;31;8.1;1;31;0;0.2;1;12;13.7;1;28;38;1;12;31;100;1;29;31;81;9;31;8.5;1;31;38.7;1;26.2;1;280;1;27;27;13;0;31;24.6;1;280;1;27;27;11;0;31;18.7;1;310;1;2;23;16;4;31;5.7;1;31;8023;1;31;6;9;7;17140;1;31;;;0;;;0;;;;;;0;;;;;;;;;;;;;;;;
11203004;LEZIGNAN-CORBIERES;43.173000;2.728833;60;201301;42.3;1;31;;11.4;1;16;9;3;1;0;0;0;1016.3;9;31;986.4;9;19;9.8;1;31;;19.3;1;31;2.1;1;17;0;0;0;0;31;31;0;3.1;1;31;;-2.2;1;12;7.8;1;1;0;0;31;31;31;0;0;6;6.7;1;15.6;1;30;31;6.5;1;31;6.3;1;31;0;1.0;1;17;13.4;1;31;46;1;11;31;100;1;19;30;80;9;29;7.3;9;31;40.6;1;25.6;1;290;1;5;29;24;0;31;24.0;1;290;1;5;29;21;0;31;18.3;1;320;1;26;27;24;13;31;7.7;1;31;9328;1;31;3;7;10;21239;1;31;;;0;;;0;;;;;;0;;;;;;;;;;;;;;;;
11203004;LEZIGNAN-CORBIERES;43.173000;2.728833;60;201302;22.4;1;28;;5.0;1;1;7;1;0;0;0;0;1015.5;9;28;1001.9;9;11;10.1;1;28;;18.6;1;1;1.2;1;23;0;0;0;0;28;28;0;2.5;1;28;;-2.6;1;17;10.5;1;1;0;0;26;28;28;0;0;9;7.6;1;16.8;1;20;28;6.3;1;28;5.7;1;28;0;-0.7;1;23;14.6;1;1;28;1;20;28;99;1;20;28;74;9;28;6.6;1;28;50.4;1;29.7;1;290;1;3;23;16;2;28;27.8;1;290;1;3;22;13;0;28;20.6;1;310;1;3;22;19;8;28;7.1;1;28;9055;1;28;1;4;6;28115;1;28;;;0;;;0;;;;;;0;;;;;;;;;;;;;;;;
11203004;LEZIGNAN-CORBIERES;43.173000;2.728833;60;201303;129.1;1;31;;49.2;1;5;13;3;2;2;0;0;1006.3;9;31;998.2;9;6;14.1;1;31;;22.1;1;29;3.4;1;13;0;0;0;0;30;31;0;6.0;1;31;;-2.9;1;16;10.9;1;23;0;0;28;31;31;0;0;2;8.1;1;17.9;1;16;31;10.1;1;31;9.6;1;31;0;2.5;1;13;14.7;1;8;31;1;15;31;97;1;28;31;77;9;31;8.8;1;31;71.0;1;30.0;1;300;1;13;26;15;1;31;28.0;1;300;1;13;24;15;1;31;20.2;1;290;1;13;21;17;5;31;5.7;1;31;8704;1;31;5;10;4;37378;1;31;;;0;;;0;;;;;;0;;;;;;;;;;;;;;;;
11203004;LEZIGNAN-CORBIERES;43.173000;2.728833;60;201304;88.6;1;30;;31.1;1;1;8;5;3;1;0;0;1014.9;9;28;1000.7;9;1;16.5;1;30;;27.2;1;16;7.0;1;6;0;1;0;0;22;29;0;7.6;1;30;;2.3;1;9;13.0;1;26;0;0;27;30;30;0;0;0;8.9;1;17.5;1;16;30;12.1;1;30;12.0;1;30;0;5.9;1;6;18.5;1;16;22;1;16;30;100;1;30;30;74;9;28;9.5;1;30;95.2;1;21.2;1;300;1;20;24;14;0;30;20.0;1;300;1;20;23;13;0;30;15.0;1;290;1;20;22;20;1;30;6.0;1;30;11303;1;30;7;10;11;48694;1;30;;;0;;;0;;;;;;0;;;;;;;;;;;;;;;;
11203004;LEZIGNAN-CORBIERES;43.173000;2.728833;60;201305;87.9;1;31;;33.4;1;30;13;4;2;1;0;0;1014.0;9;31;1000.3;9;16;19.4;1;31;;27.3;1;8;12.3;1;15;0;2;0;0;19;30;0;10.1;1;31;;6.2;1;2;15.3;1;9;0;0;12;30;31;0;0;0;9.3;1;14.9;1;8;31;14.8;1;31;14.4;1;31;0;11.5;1;25;19.9;1;8;20;1;6;31;100;1;1;31;69;9;31;10.5;1;31;138.3;1;24.6;1;280;1;9;30;21;0;31;23.1;1;280;1;9;28;17;0;31;17.4;1;290;1;23;26;22;4;30;7.0;1;31;14417;1;31;1;3;8;68268;1;31;;;0;;;0;;;;;;0;;;;;;;;;;;;;;;;
11203004;LEZIGNAN-CORBIERES;43.173000;2.728833;60;201306;13.3;1;30;;8.1;1;8;2;1;0;0;0;0;1018.0;9;30;1009.5;9;9;24.0;1;30;;30.8;1;12;18.4;1;8;0;10;1;0;2;26;0;14.1;1;30;;9.1;1;5;19.1;1;18;0;0;1;19;30;0;0;0;9.8;1;15.0;1;11;30;19.1;1;30;18.9;1;30;0;14.6;1;9;23.5;1;12;28;1;27;30;98;1;9;30;67;9;30;13.9;1;30;164.1;1;25.1;1;290;1;1;30;15;0;30;23.6;1;290;1;1;28;15;0;30;17.9;1;280;1;1;24;18;4;30;6.8;1;30;16787;1;30;0;4;11;72532;1;30;;;0;;;0;;;;;;0;;;;;;;;;;;;;;;;
11203004;LEZIGNAN-CORBIERES;43.173000;2.728833;60;201307;11.8;1;31;;4.2;1;2;4;0;0;0;0;0;1017.0;9;31;1008.8;9;27;31.6;1;31;;35.3;1;6;23.6;1;2;0;30;24;2;0;3;17;18.9;1;31;;14.8;1;1;24.3;1;27;0;0;0;1;21;10;0;0;12.8;1;19.1;1;6;31;25.3;1;31;24.9;1;31;25;20.4;1;2;27.9;1;26;15;1;6;31;96;1;20;31;62;9;31;17.7;1;31;203.3;1;28.1;1;210;1;23;24;8;1;31;26.3;1;210;1;23;21;7;0;31;17.6;1;300;1;4;14;9;2;31;4.3;1;31;19308;1;31;0;2;16;77233;1;31;;;0;;;0;;;;;;0;;;;;;;;;;;;;;;;
11203004;LEZIGNAN-CORBIERES;43.173000;2.728833;60;201308;7.3;1;31;;6.7;1;7;1;1;0;0;0;0;1017.1;9;29;1011.0;9;7;29.6;1;31;;34.3;1;4;25.9;1;24;0;31;14;0;0;6;6;18.2;1;31;;14.8;1;15;22.9;1;6;0;0;0;1;23;8;0;0;11.4;1;17.5;1;12;31;23.9;1;31;23.6;1;29;12;21.1;1;8;28.1;1;4;16;1;21;31;95;1;23;31;59;9;29;16.1;1;31;197.3;1;20.9;1;290;1;7;26;14;0;31;19.7;1;290;1;7;26;9;0;31;14.2;1;290;1;19;24;20;0;31;6.0;1;31;16888;1;31;0;3;12;67022;1;31;;;0;;;0;;;;;;0;;;;;;;;;;;;;;;;
11203004;LEZIGNAN-CORBIERES;43.173000;2.728833;60;201309;26.4;1;30;;11.3;1;7;4;2;1;0;0;0;1017.0;9;30;1004.8;9;29;25.2;1;30;;31.2;1;3;20.6;1;15;0;14;2;0;0;22;0;15.6;1;30;;9.9;1;23;19.6;1;27;0;0;1;13;30;0;0;0;9.7;1;19.5;1;3;30;20.4;1;30;19.9;1;30;0;17.6;1;17;24.6;1;2;18;1;2;30;100;1;28;30;69;9;30;14.9;1;30;130.5;1;25.9;1;320;1;19;22;11;0;30;24.3;1;320;1;19;21;9;0;30;16.5;1;310;1;19;20;14;1;30;5.6;1;30;13456;1;30;2;5;9;49212;1;30;;;0;;;0;;;;;;0;;;;;;;;;;;;;;;;
11203004;LEZIGNAN-CORBIERES;43.173000;2.728833;60;201310;34.3;1;31;;27.3;1;4;3;1;1;0;0;0;1017.4;9;31;1008.0;9;1;21.9;1;31;;29.2;1;1;15.4;1;30;0;5;0;0;8;28;0;13.6;1;31;;3.0;1;12;19.4;1;26;0;0;8;19;31;0;0;0;8.3;1;16.8;1;12;31;17.8;1;31;17.2;1;31;0;10.9;1;11;22.2;1;27;28;1;17;31;100;1;21;31;76;9;31;14.4;1;31;80.1;1;20.2;1;300;1;30;23;6;0;31;19.1;1;300;1;30;23;3;0;31;14.0;1;300;1;30;20;8;0;31;5.0;1;31;8871;1;31;5;11;5;30206;1;31;;;0;;;0;;;;;;0;;;;;;;;;;;;;;;;
11203004;LEZIGNAN-CORBIERES;43.173000;2.728833;60;201311;108.5;1;30;;46.1;1;17;8;4;3;1;0;0;1017.5;9;30;1001.7;9;21;12.6;1;30;;25.1;1;7;5.0;1;22;0;1;0;0;27;30;0;6.8;1;30;;-2.7;1;28;16.4;1;6;0;0;22;29;30;0;0;2;5.8;1;15.6;1;7;30;9.7;1;30;9.4;1;30;0;2.6;1;28;18.6;1;6;28;1;11;30;100;1;7;30;77;9;30;9.1;1;30;52.4;1;29.6;1;280;1;10;26;24;2;30;27.7;1;280;1;10;26;24;0;30;20.6;1;290;1;10;26;25;16;30;8.5;1;30;6349;1;30;4;13;5;18570;1;30;;;0;;;0;;;;;;0;;;;;;;;;;;;;;;;
11203004;LEZIGNAN-CORBIERES;43.173000;2.728833;60;201312;16.7;1;31;;8.5;1;25;3;1;0;0;0;0;1023.6;9;31;994.0;9;25;11.8;1;31;;15.4;1;4;7.3;1;1;0;0;0;0;31;31;0;3.1;1;31;;-3.9;1;8;10.8;1;17;0;0;30;31;31;0;0;3;8.6;1;16.8;1;8;31;7.4;1;31;7.2;1;31;0;3.6;1;10;12.1;1;17;36;1;15;31;100;1;24;31;81;9;31;7.8;1;31;35.2;1;24.1;1;270;1;25;22;12;0;31;22.7;1;270;1;25;18;11;0;31;16.3;1;280;9;25;16;13;5;31;5.1;1;31;7989;1;31;2;11;9;17521;1;31;;;0;;;0;;;;;;0;;;;;;;;;;;;;;;;
11203004;LEZIGNAN-CORBIERES;43.173000;2.728833;60;201401;35.5;1;31;;11.1;1;4;7;2;1;0;0;0;1012.3;9;31;996.6;9;18;12.3;1;31;;16.6;1;2;8.4;1;22;0;0;0;0;31;31;0;5.8;1;31;;-2.3;1;22;10.5;1;26;0;0;25;31;31;0;0;2;6.5;1;15.2;1;18;31;9.1;1;31;8.8;1;31;0;3.1;1;22;12.7;1;26;52;1;28;31;100;1;18;31;85;9;31;9.4;1;31;34.6;1;35.0;1;290;1;4;20;14;1;31;32.5;1;290;1;4;19;14;1;31;22.8;0;280;1;4;18;13;4;30;5.1;1;31;5030;1;31;7;15;3;15995;1;31;;;0;;;0;;;;;;0;;;;;;;;;;;;;;;;
11203004;LEZIGNAN-CORBIERES;43.173000;2.728833;60;201402;37.9;1;28;;12.2;1;28;7;2;1;0;0;0;1012.8;9;28;997.3;9;10;13.3;1;28;;18.3;1;13;8.9;1;1;0;0;0;0;28;28;0;4.6;1;28;;-2.8;1;3;10.6;1;15;0;0;26;28;28;0;0;3;8.8;1;16.9;1;13;28;9.0;1;28;8.7;1;28;0;4.1;1;3;13.0;1;24;31;1;12;28;100;1;3;28;77;9;28;8.1;1;28;54.1;1;28.0;1;290;1;28;28;16;1;28;26.2;1;290;1;28;28;15;0;28;19.9;1;290;1;28;27;21;4;28;5.8;1;28;7845;1;28;1;6;2;25840;1;28;;;0;;;0;;;;;;0;;;;;;;;;;;;;;;;
11203004;LEZIGNAN-CORBIERES;43.173000;2.728833;60;201403;27.8;1;31;;6.9;1;2;7;2;0;0;0;0;1017.4;9;31;1000.1;9;3;16.4;1;31;;26.1;1;17;11.6;1;23;0;1;0;0;27;31;0;5.9;1;31;;-0.1;1;10;11.7;1;30;0;0;27;31;31;0;0;1;10.5;1;21.1;1;10;31;11.2;1;31;10.7;1;31;0;8.5;1;26;18.5;1;17;19;1;17;31;99;1;12;31;69;9;31;8.2;1;31;96.5;1;27.5;1;290;1;16;26;17;0;31;25.8;1;290;1;16;26;12;0;31;19.7;1;290;9;15;24;20;6;31;6.8;1;31;13219;1;31;2;6;13;46304;1;31;;;0;;;0;;;;;;0;;;;;;;;;;;;;;;;
11203004;LEZIGNAN-CORBIERES;43.173000;2.728833;60;201404;64.8;1;30;;48.3;1;3;6;2;1;1;0;0;1014.3;9;30;1001.9;9;3;20.5;1;30;;26.5;1;15;11.1;1;20;0;3;0;0;13;30;0;10.2;1;30;;5.9;1;16;13.1;1;13;0;0;14;30;30;0;0;0;10.3;1;18.8;1;10;30;15.3;1;30;15.0;1;30;0;9.9;1;20;18.2;1;24;17;1;15;30;99;1;21;30;69;9;30;10.6;1;30;125.8;1;25.4;1;280;1;27;25;14;0;30;23.9;1;280;1;27;25;12;0;30;16.6;1;290;1;4;23;17;3;30;6.4;1;30;14124;1;30;4;5;10;57013;1;30;;;0;;;0;;;;;;0;;;;;;;;;;;;;;;;
11203004;LEZIGNAN-CORBIERES;43.173000;2.728833;60;201405;21.2;1;31;;11.4;1;23;5;1;1;0;0;0;1016.9;9;31;1008.7;9;19;21.6;1;31;;26.2;1;22;16.8;1;26;0;4;0;0;7;31;0;11.6;1;31;;4.2;1;5;15.9;1;21;0;0;8;28;31;0;0;0;10.0;1;16.7;1;28;31;16.6;1;31;16.2;1;31;0;12.4;1;5;20.6;1;22;18;1;15;31;99;1;23;31;66;9;31;11.3;1;31;158.0;1;24.7;1;290;1;2;29;20;0;31;23.2;1;290;1;2;29;18;0;31;16.7;1;290;1;2;28;23;5;31;7.1;1;31;16337;1;31;1;3;10;71639;1;31;;;0;;;0;;;;;;0;;;;;;;;;;;;;;;;
11203004;LEZIGNAN-CORBIERES;43.173000;2.728833;60;201406;10.7;1;30;;4.8;1;24;3;0;0;0;0;0;1015.7;9;30;1010.6;9;25;28.4;1;30;;34.4;1;13;22.5;1;4;0;26;8;0;0;10;5;17.0;1;30;;10.9;1;5;23.2;1;13;0;0;0;8;27;4;0;0;11.5;1;18.8;1;20;30;22.7;1;30;22.2;1;30;6;17.6;1;5;28.8;1;13;20;1;27;30;97;1;23;30;60;9;30;15.0;1;30;205.0;1;22.5;1;260;1;14;30;10;0;30;21.2;1;260;1;14;28;8;0;30;14.5;1;290;1;14;22;15;0;30;6.1;1;30;17588;1;30;0;1;10;76003;1;30;;;0;;;0;;;;;;0;;;;;;;;;;;;;;;;
11203004;LEZIGNAN-CORBIERES;43.173000;2.728833;60;201407;34.5;1;31;;22.1;1;6;6;1;1;0;0;0;1015.2;9;31;1010.7;9;24;28.1;1;31;;35.3;1;16;20.0;1;7;0;28;9;1;1;13;3;17.6;1;31;;13.1;1;3;21.9;1;18;0;0;0;4;25;6;0;0;10.5;1;19.8;1;16;31;22.9;1;31;22.5;1;31;9;17.3;1;7;27.2;1;24;18;1;16;31;97;1;7;31;65;9;31;16.3;1;31;194.9;1;24.6;1;290;1;10;29;16;0;31;23.1;1;290;1;10;28;14;0;31;17.1;1;290;1;10;26;21;4;31;6.9;1;31;17126;1;31;0;4;13;71743;1;31;;;0;;;0;;;;;;0;;;;;;;;;;;;;;;;
11203004;LEZIGNAN-CORBIERES;43.173000;2.728833;60;201408;31.2;1;31;;14.3;1;8;6;2;1;0;0;0;1015.6;9;31;1009.3;9;2;28.1;1;31;;33.0;1;28;24.3;1;22;0;29;8;0;0;13;2;17.2;1;31;;12.4;1;18;22.7;1;10;0;0;0;5;27;4;0;0;10.9;1;16.7;1;28;31;22.7;1;31;22.2;1;31;7;19.9;1;22;25.9;1;10;26;1;24;31;99;1;3;31;64;9;31;16.4;1;31;173.9;1;24.0;1;300;1;8;28;8;0;31;22.6;1;300;1;8;24;6;0;31;16.4;1;290;1;13;18;11;2;31;5.1;1;31;17567;1;31;0;2;12;69007;1;31;;;0;;;0;;;;;;0;;;;;;;;;;;;;;;;
11203004;LEZIGNAN-CORBIERES;43.173000;2.728833;60;201409;86.7;1;30;;39.1;1;28;6;5;4;1;0;0;1015.4;9;30;1007.8;9;17;27.3;1;30;;31.6;1;6;22.8;1;25;0;22;5;0;0;12;0;16.0;1;30;;8.0;1;27;21.1;1;19;0;0;1;9;28;2;0;0;11.3;1;17.4;1;3;30;21.7;1;30;21.1;1;30;1;16.0;1;27;24.5;1;20;20;1;2;30;99;1;30;30;69;9;30;16.1;1;30;128.3;1;18.3;1;280;1;1;20;3;0;30;17.3;1;280;1;1;17;1;0;30;13.2;1;280;1;1;16;5;0;30;4.2;1;30;13906;1;30;0;5;13;50074;1;30;;;0;;;0;;;;;;0;;;;;;;;;;;;;;;;
11203004;LEZIGNAN-CORBIERES;43.173000;2.728833;60;201410;4.0;1;31;;1.4;1;9;1;0;0;0;0;0;1017.0;9;31;1006.0;9;12;23.5;1;31;;27.4;1;17;16.9;1;22;0;13;0;0;6;29;0;13.4;1;31;;6.1;1;30;18.6;1;19;0;0;4;21;31;0;0;0;10.2;1;15.4;1;30;31;18.4;1;31;17.9;1;31;0;13.6;1;31;22.1;1;12;18;1;24;31;100;1;31;31;76;9;31;14.7;1;31;87.5;1;24.3;1;280;1;21;14;7;0;31;22.9;1;280;1;21;13;7;0;31;16.4;1;310;1;22;13;9;1;31;4.1;1;31;11900;1;31;0;5;13;36593;1;31;;;0;;;0;;;;;;0;;;;;;;;;;;;;;;;
11203004;LEZIGNAN-CORBIERES;43.173000;2.728833;60;201411;210.4;1;30;;89.6;1;29;8;5;5;3;1;0;1010.3;9;30;996.6;9;4;17.5;1;30;;25.4;1;3;14.1;1;9;0;1;0;0;27;30;0;9.4;1;30;;0.1;1;7;16.1;1;29;0;0;17;26;30;0;0;0;8.1;1;17.7;1;11;30;13.4;1;30;13.2;1;30;0;8.6;1;7;19.4;1;3;28;1;11;30;100;1;28;30;82;9;30;12.0;1;30;46.0;1;26.5;1;160;1;28;22;8;0;30;24.9;1;160;1;28;20;6;0;30;15.3;1;120;9;28;18;11;1;30;4.5;1;30;6240;1;30;8;13;3;18193;1;30;;;0;;;0;;;;;;0;;;;;;;;;;;;;;;;
11203004;LEZIGNAN-CORBIERES;43.173000;2.728833;60;201412;22.9;1;31;;18.1;1;27;3;1;1;0;0;0;1022.4;9;28;1003.4;9;1;10.8;1;31;;14.9;1;20;3.6;1;29;0;0;0;0;31;31;0;5.0;1;31;;-0.6;1;22;11.0;1;19;0;0;29;31;31;0;0;2;5.8;1;14.1;1;22;31;7.9;1;31;7.7;1;28;0;1.6;1;29;12.7;1;18;40;1;10;31;100;1;23;31;79;9;28;8.2;1;31;43.8;1;27.4;1;300;1;7;26;23;0;31;25.7;1;300;1;7;26;21;0;31;19.1;1;300;1;7;26;23;11;31;8.3;1;31;6954;1;31;6;9;7;16833;1;31;;;0;;;0;;;;;;0;;;;;;;;;;;;;;;;
11203004;LEZIGNAN-CORBIERES;43.173000;2.728833;60;201501;15.3;1;31;;9.7;1;29;3;1;0;0;0;0;1021.6;9;31;991.4;9;31;11.5;1;31;;17.0;1;10;5.7;1;23;0;0;0;0;31;31;0;3.9;1;31;;-2.1;1;1;11.7;1;10;0;0;30;31;31;0;0;5;7.6;1;15.4;1;12;31;7.7;1;31;7.3;1;31;0;3.1;1;1;14.4;1;10;12;1;2;31;100;1;18;31;74;9;31;7.2;1;31;53.1;1;30.5;1;300;1;23;27;20;3;31;28.5;1;300;1;23;26;18;1;31;22.3;1;300;1;23;25;21;9;31;7.4;1;31;9194;1;31;1;6;9;21146;1;31;;;0;;;0;;;;;;0;;;;;;;;;;;;;;;;
11203004;LEZIGNAN-CORBIERES;43.173000;2.728833;60;201502;31.6;1;28;;6.4;1;14;9;2;0;0;0;0;1016.7;9;28;1000.9;9;3;10.4;1;28;;16.7;1;23;2.4;1;4;0;0;0;0;28;28;0;3.2;1;28;;-1.7;1;11;9.8;1;26;0;0;28;28;28;0;0;6;7.2;1;14.7;1;19;28;6.8;1;28;6.3;1;28;0;0.9;1;6;12.0;1;26;28;1;10;28;100;1;20;28;75;9;28;7.1;1;28;51.3;1;31.9;1;290;1;5;24;19;2;28;29.8;1;290;1;5;24;19;1;28;22.4;1;290;1;5;23;21;8;28;7.8;1;28;8397;1;28;1;7;8;27140;1;28;;;0;;;0;;;;;;0;;;;;;;;;;;;;;;;
11203004;LEZIGNAN-CORBIERES;43.173000;2.728833;60;201503;60.4;1;31;;26.7;1;15;5;3;2;0;0;0;1021.0;9;31;1008.4;9;25;15.8;1;31;;22.4;1;11;7.0;1;15;0;0;0;0;29;31;0;7.5;1;31;;0.5;1;8;13.0;1;2;0;0;24;31;31;0;0;0;8.3;1;19.6;1;8;31;11.7;1;31;11.1;1;31;0;6.1;1;15;16.2;1;11;19;1;12;31;100;1;1;31;72;9;31;9.0;1;31;92.5;1;31.3;1;290;1;30;26;18;3;31;29.2;1;290;1;30;25;17;1;31;21.8;1;290;1;30;26;20;10;31;7.5;1;31;9592;1;31;3;9;6;40266;1;31;;;0;;;0;;;;;;0;;;;;;;;;;;;;;;;
11203004;LEZIGNAN-CORBIERES;43.173000;2.728833;60;201504;30.6;1;30;;11.7;1;18;4;3;1;0;0;0;1020.0;9;30;1005.5;9;27;19.7;1;30;;28.3;1;14;15.0;1;1;0;2;0;0;17;29;0;8.4;1;30;;0.0;1;6;14.7;1;26;0;0;21;30;30;0;0;1;11.3;1;22.1;1;14;30;14.0;1;30;13.9;1;30;0;8.6;1;7;18.1;1;24;15;1;14;30;97;1;26;30;67;9;30;9.8;1;30;116.5;1;25.6;1;340;1;1;20;7;0;30;24.0;1;340;1;1;20;7;0;30;17.9;1;310;1;1;19;12;2;30;5.4;1;30;15537;1;30;2;4;14;59610;1;30;;;0;;;0;;;;;;0;;;;;;;;;;;;;;;;
11203004;LEZIGNAN-CORBIERES;43.173000;2.728833;60;201505;8.6;1;31;;3.0;1;19;4;0;0;0;0;0;1017.9;9;31;1009.6;9;4;23.5;1;31;;29.4;1;10;16.4;1;19;0;11;0;0;6;26;0;13.0;1;31;;9.1;1;7;16.7;1;30;0;0;5;26;31;0;0;0;10.5;1;16.9;1;10;31;18.2;1;31;17.8;1;31;0;13.9;1;19;21.9;1;31;13;1;10;31;98;1;13;31;62;9;31;11.8;1;31;170.7;1;28.0;1;290;1;15;26;16;1;31;26.2;1;290;1;15;26;15;0;31;19.1;1;300;1;16;22;20;7;31;7.1;1;31;16038;1;31;1;3;12;68863;1;31;;;0;;;0;;;;;;0;;;;;;;;;;;;;;;;
11203004;LEZIGNAN-CORBIERES;43.173000;2.728833;60;201506;76.7;1;30;;61.8;1;12;4;3;1;1;1;0;1017.5;9;30;1011.2;9;12;29.3;1;30;;36.3;1;29;21.9;1;12;0;28;15;1;0;8;7;17.0;1;30;;13.0;1;25;21.6;1;29;0;0;0;3;28;2;0;0;12.3;1;19.5;1;26;30;23.2;1;30;22.9;1;30;10;19.6;1;12;29.0;1;29;12;1;26;30;97;1;12;30;58;9;30;14.3;1;30;211.4;1;22.5;1;290;1;17;26;10;0;30;21.2;1;290;1;17;25;7;0;30;15.1;1;290;1;17;22;13;1;30;5.6;1;30;21225;1;30;0;2;20;80641;1;30;;;0;;;0;;;;;;0;;;;;;;;;;;;;;;;
11203004;LEZIGNAN-CORBIERES;43.173000;2.728833;60;201507;13.7;1;31;;12.7;1;31;1;1;1;0;0;0;1016.3;9;31;1010.1;9;24;31.4;1;31;;38.0;1;15;19.3;1;30;0;30;18;5;1;1;12;19.8;1;31;;12.6;1;31;24.1;1;22;0;0;0;1;14;17;0;0;11.6;1;16.7;1;31;31;25.6;1;31;25.3;1;31;24;18.0;1;30;29.9;1;21;9;1;26;31;92;1;31;31;54;9;31;16.0;1;31;244.0;1;23.1;1;300;1;8;30;15;0;31;21.8;1;300;1;8;28;12;0;31;16.3;1;300;1;8;27;17;1;31;6.3;1;31;20837;1;31;0;1;16;78957;1;31;;;0;;;0;;;;;;0;;;;;;;;;;;;;;;;
11203004;LEZIGNAN-CORBIERES;43.173000;2.728833;60;201508;57.5;1;31;;26.5;1;13;3;3;2;0;0;0;1015.8;9;31;1007.3;9;23;28.1;1;31;;33.6;1;21;23.7;1;8;0;26;8;0;0;11;3;17.9;1;31;;12.9;1;25;22.6;1;7;0;0;0;4;24;7;0;0;10.2;1;18.4;1;21;31;23.0;1;31;22.7;1;31;8;20.4;1;26;26.8;1;7;19;1;21;31;96;1;28;31;66;9;31;16.9;1;31;167.0;1;21.9;1;280;1;8;25;9;0;31;20.7;1;280;1;8;24;7;0;31;14.9;1;290;1;10;17;12;0;31;5.4;1;31;15773;1;31;2;5;12;63063;1;31;;;0;;;0;;;;;;0;;;;;;;;;;;;;;;;
11203004;LEZIGNAN-CORBIERES;43.173000;2.728833;60;201509;4.2;1;30;;2.4;1;2;2;0;0;0;0;0;1016.5;9;30;998.7;9;16;24.5;1;30;;31.6;1;16;19.5;1;30;0;11;1;0;1;28;0;14.0;1;30;;9.6;1;9;20.6;1;12;0;0;1;21;29;1;0;0;10.5;1;16.8;1;28;30;19.3;1;30;18.8;1;30;0;15.6;1;29;25.0;1;16;26;1;28;30;98;1;13;30;63;9;30;12.7;1;30;135.2;1;20.2;1;280;1;22;26;9;0;30;19.1;1;280;1;22;25;6;0;30;13.6;1;290;1;25;25;13;0;30;5.3;1;30;13062;1;30;1;5;11;49860;1;30;;;0;;;0;;;;;;0;;;;;;;;;;;;;;;;
11203004;LEZIGNAN-CORBIERES;43.173000;2.728833;60;201510;8.8;1;31;;2.8;1;17;3;0;0;0;0;0;1016.4;9;31;1007.7;9;11;20.0;1;31;;27.1;1;6;14.6;1;17;0;2;0;0;14;30;0;9.9;1;31;;0.8;1;17;16.7;1;27;0;0;15;29;31;0;0;0;10.1;1;19.4;1;10;31;14.9;1;31;14.5;1;31;0;7.7;1;17;21.6;1;6;22;1;10;31;98;1;2;31;71;9;31;11.1;1;31;81.4;1;24.0;1;310;1;22;20;9;0;31;22.6;1;310;1;22;19;8;0;31;16.6;1;300;1;22;19;13;3;31;4.8;1;31;9867;1;31;4;9;8;32550;1;31;;;0;;;0;;;;;;0;;;;;;;;;;;;;;;;
11203004;LEZIGNAN-CORBIERES;43.173000;2.728833;60;201511;32.2;1;30;;22.4;1;2;4;1;1;0;0;0;1023.7;9;30;1007.4;9;21;17.5;1;30;;26.1;1;6;8.5;1;23;0;1;0;0;17;30;0;9.1;1;30;;1.8;1;23;15.1;1;9;0;0;17;29;30;0;0;0;8.4;1;16.4;1;6;30;13.3;1;30;12.9;1;30;0;5.2;1;23;19.0;1;9;31;1;20;30;98;1;12;30;73;9;30;10.5;1;30;66.5;1;29.3;1;310;1;28;23;14;1;30;27.4;1;310;1;28;23;14;0;30;20.5;1;300;1;28;20;16;6;30;6.2;1;30;11362;1;30;1;4;15;25048;1;30;;;0;;;0;;;;;;0;;;;;;;;;;;;;;;;
11203004;LEZIGNAN-CORBIERES;43.173000;2.728833;60;201512;11.7;1;31;;3.7;1;8;4;0;0;0;0;0;1029.6;9;31;1021.9;9;13;15.2;1;31;;20.1;1;16;11.4;1;3;0;0;0;0;30;31;0;6.9;1;31;;-2.1;1;2;11.6;1;26;0;0;23;31;31;0;0;3;8.3;1;16.2;1;2;31;11.0;1;31;10.7;1;31;0;4.9;1;3;14.6;1;8;41;1;16;31;99;1;16;31;86;9;31;10.5;1;31;29.6;1;16.4;1;80;1;28;11;1;0;31;15.6;1;80;1;28;8;0;0;31;10.3;1;110;1;28;5;2;0;31;3.0;1;31;6652;1;31;3;10;5;15513;1;31;;;0;;;0;;;;;;0;;;;;;;;;;;;;;;;
11203004;LEZIGNAN-CORBIERES;43.173000;2.728833;60;201601;22.7;1;31;;8.1;1;19;6;1;0;0;0;0;1019.1;9;31;1001.6;9;4;12.5;1;31;;18.4;1;23;4.0;1;18;0;0;0;0;31;31;0;5.8;1;31;;-0.9;1;18;11.0;1;28;0;0;29;31;31;0;0;1;6.7;1;14.2;1;21;31;9.2;1;31;8.7;1;31;0;1.6;1;18;13.1;1;28;40;1;13;31;99;1;26;31;81;9;31;8.9;1;31;37.2;1;28.1;1;280;1;31;17;11;1;31;26.3;1;280;1;31;17;10;0;31;19.1;1;290;9;31;14;14;4;31;4.3;1;31;5519;1;31;8;16;5;16191;1;31;;;0;;;0;;;;;;0;;;;;;;;;;;;;;;;
11203004;LEZIGNAN-CORBIERES;43.173000;2.728833;60;201602;61.8;1;29;;20.6;1;27;10;3;2;0;0;0;1016.3;9;29;992.9;9;27;14.0;1;29;;21.6;1;21;6.5;1;16;0;0;0;0;28;29;0;5.7;1;29;;-0.6;1;20;12.9;1;1;0;0;27;29;29;0;0;2;8.3;1;17.6;1;21;29;9.8;1;29;9.2;1;29;0;4.7;1;16;14.6;1;1;28;1;20;29;99;1;25;29;74;9;29;8.3;1;29;63.3;1;35.3;1;300;1;29;28;19;2;29;32.8;1;300;1;29;28;18;1;29;23.5;1;290;1;29;27;21;10;29;7.1;1;29;9240;1;29;0;7;7;28003;1;29;;;0;;;0;;;;;;0;;;;;;;;;;;;;;;;
11203004;LEZIGNAN-CORBIERES;43.173000;2.728833;60;201603;49.1;1;31;;27.6;1;17;5;2;1;0;0;0;1015.0;9;26;1002.1;9;5;14.2;1;31;;20.0;1;26;8.0;1;17;0;0;0;0;31;31;0;5.6;1;31;;-0.2;1;7;10.8;1;31;0;0;30;31;31;0;0;1;8.6;1;14.9;1;15;31;9.9;1;31;9.5;1;31;0;5.8;1;7;14.3;1;26;33;1;8;26;100;1;21;26;73;9;31;8.4;9;31;79.9;1;32.2;1;300;1;2;23;17;1;26;30.0;1;300;1;2;21;13;1;26;21.6;1;290;1;2;20;17;7;26;6.8;1;31;9322;1;26;2;7;8;34689;1;26;;;0;;;0;;;;;;0;;;;;;;;;;;;;;;;
11203004;LEZIGNAN-CORBIERES;43.173000;2.728833;60;201604;26.2;1;30;;8.7;1;1;7;2;0;0;0;0;1014.2;9;24;1006.1;9;10;18.2;1;30;;22.4;1;19;13.1;1;1;0;0;0;0;22;30;0;8.8;1;30;;1.5;1;19;12.8;1;21;0;0;19;30;30;0;0;0;9.4;1;20.9;1;19;30;13.5;1;30;13.0;1;30;0;10.2;1;8;16.7;1;13;19;1;19;30;99;1;22;30;71;9;30;10.0;1;30;111.8;1;30.3;1;290;1;30;26;15;1;28;28.3;1;290;1;30;26;10;1;28;20.3;1;290;1;30;25;17;3;28;6.5;1;30;11720;1;29;2;4;5;52804;1;28;;;0;;;0;;;;;;0;;;;;;;;;;;;;;;;
11203004;LEZIGNAN-CORBIERES;43.173000;2.728833;60;201605;64.3;1;31;;32.4;1;14;9;4;1;1;0;0;1014.7;9;27;1004.1;9;11;20.7;1;31;;26.8;1;4;14.6;1;1;0;1;0;0;15;31;0;11.3;1;31;;4.9;1;5;16.2;1;28;0;0;8;30;31;0;0;0;9.4;1;19.5;1;4;31;16.0;1;31;15.8;1;31;0;10.6;1;1;18.9;1;30;8;1;4;28;99;1;11;29;71;9;27;12.1;1;28;133.9;1;27.4;1;300;1;1;24;15;0;25;25.7;1;300;1;1;24;14;0;25;19.2;1;290;1;2;23;19;5;25;7.2;1;27;10618;1;23;4;6;8;46666;1;23;;;0;;;0;;;;;;0;;;;;;;;;;;;;;;;
11203004;LEZIGNAN-CORBIERES;43.173000;2.728833;60;201606;11.6;1;30;;6.2;1;17;4;1;0;0;0;0;1016.1;9;30;1003.5;9;15;27.2;1;30;;33.7;1;28;17.6;1;1;0;24;6;0;1;13;3;16.0;1;30;;12.4;1;17;20.2;1;29;0;0;0;11;29;1;0;0;11.2;1;16.6;1;28;30;21.6;1;30;21.2;1;30;7;15.9;1;1;26.0;1;29;25;1;28;30;98;1;4;30;62;9;30;14.5;1;30;195.2;1;28.2;1;310;1;13;28;15;1;30;26.4;1;310;1;13;28;13;0;30;18.8;1;300;1;13;27;19;3;30;6.5;1;30;17989;1;30;0;2;11;76749;1;30;;;0;;;0;;;;;;0;;;;;;;;;;;;;;;;
11203004;LEZIGNAN-CORBIERES;43.173000;2.728833;60;201607;9.9;1;31;;7.7;1;22;1;1;0;0;0;0;1018.2;9;31;1013.4;9;30;30.5;1;31;;36.8;1;7;23.4;1;12;0;28;16;4;0;5;13;19.0;1;31;;14.0;1;17;21.9;1;26;0;0;0;3;19;15;0;0;11.5;1;19.2;1;7;31;24.8;1;31;24.4;1;31;20;19.5;1;14;27.7;1;21;8;1;16;31;95;1;19;31;57;9;31;16.1;1;31;227.4;1;21.8;1;310;1;13;30;17;0;31;20.6;1;310;1;13;30;13;0;31;15.3;1;290;1;31;26;20;2;31;6.4;1;31;19561;1;31;0;2;15;76813;1;31;;;0;;;0;;;;;;0;;;;;;;;;;;;;;;;
11203004;LEZIGNAN-CORBIERES;43.173000;2.728833;60;201608;0.8;1;31;;0.8;1;4;0;0;0;0;0;0;1019.2;9;31;1011.0;9;19;30.4;1;31;;36.9;1;3;25.9;1;9;0;31;17;2;0;3;10;17.7;1;31;;13.3;1;23;22.4;1;18;0;0;0;7;23;8;0;0;12.7;1;19.2;1;26;31;24.0;1;31;23.7;1;31;12;20.6;1;11;27.9;1;8;12;1;22;31;96;1;26;31;55;9;31;15.3;1;31;204.1;1;21.0;1;290;1;11;28;12;0;31;19.8;1;290;1;11;27;11;0;31;14.6;1;300;1;11;22;16;0;31;5.8;1;31;;;0;;;;;;0;;;0;;;0;;;;;;0;;;;;;;;;;;;;;;;
11203004;LEZIGNAN-CORBIERES;43.173000;2.728833;60;201609;35.3;1;30;;25.6;1;14;3;2;1;0;0;0;1018.3;9;30;1011.1;9;14;28.2;1;30;;36.5;1;3;18.1;1;14;0;23;10;3;1;14;8;16.9;1;30;;9.3;1;29;23.7;1;5;0;0;1;10;21;9;0;0;11.3;1;17.1;1;22;30;22.6;1;30;22.1;1;30;11;17.1;1;14;28.9;1;3;15;1;2;30;96;1;14;30;61;9;30;14.5;1;30;157.1;1;22.9;1;300;1;17;27;11;0;30;21.6;1;300;1;17;27;7;0;30;15.8;1;290;1;17;21;17;1;30;5.7;1;30;;;0;;;;;;0;;;0;;;0;;;;;;0;;;;;;;;;;;;;;;;
11203004;LEZIGNAN-CORBIERES;43.173000;2.728833;60;201610;101.8;1;31;;41.6;1;12;6;3;3;2;0;0;1017.9;9;31;1002.1;9;13;20.8;1;31;;26.8;1;1;13.3;1;22;0;3;0;0;13;31;0;11.2;1;31;;3.6;1;22;17.7;1;1;0;0;12;25;31;0;0;0;9.6;1;16.8;1;29;31;16.0;1;31;15.4;1;31;0;8.5;1;22;22.3;1;1;23;1;10;31;100;1;28;31;75;9;31;12.6;1;31;74.8;1;17.9;1;290;1;14;18;4;0;31;17.0;1;290;1;14;18;1;0;31;12.1;1;280;1;14;16;8;0;31;4.1;1;31;;;0;;;;;;0;;;0;;;0;;;;;;0;;;;;;;;;;;;;;;;
11203004;LEZIGNAN-CORBIERES;43.173000;2.728833;60;201611;55.9;1;30;;23.5;1;23;10;3;1;0;0;0;1016.0;9;30;1000.3;9;21;15.7;1;30;;22.4;1;2;10.4;1;29;0;0;0;0;27;30;0;8.6;1;30;;2.9;1;28;16.6;1;23;0;0;21;29;30;0;0;0;7.1;1;13.6;1;2;30;12.1;1;30;11.7;1;30;0;7.0;1;28;17.4;1;1;41;1;2;30;100;1;28;30;81;9;30;10.8;1;30;44.9;1;24.7;1;80;1;23;22;11;0;30;23.2;1;80;1;23;22;9;0;30;16.8;1;290;1;9;20;14;2;30;5.1;1;30;;;0;;;;;;0;;;0;;;0;;;;;;0;;;;;;;;;;;;;;;;
11203004;LEZIGNAN-CORBIERES;43.173000;2.728833;60;201612;45.1;1;31;;26.5;1;4;5;3;1;0;0;0;1028.2;9;31;1017.2;9;3;13.9;1;31;;17.7;1;6;8.6;1;20;0;0;0;0;31;31;0;4.4;1;31;;-1.9;1;29;11.3;1;25;0;0;28;31;31;0;0;7;9.6;1;18.8;1;28;31;9.2;1;31;8.6;1;31;0;4.2;1;30;13.4;1;25;30;1;12;31;99;1;30;31;82;9;31;8.9;1;31;35.4;1;21.4;1;290;1;25;18;8;0;31;20.2;1;290;1;25;17;5;0;31;15.4;1;290;9;24;16;11;2;31;4.3;1;31;;;0;;;;;;0;;;0;;;0;;;;;;0;;;;;;;;;;;;;;;;
11203004;LEZIGNAN-CORBIERES;43.173000;2.728833;60;201701;142.6;1;31;;115.5;1;27;6;3;2;1;1;1;1022.5;9;31;1014.0;9;27;9.1;1;31;;14.8;1;12;1.9;1;18;0;0;0;0;31;31;0;2.3;1;31;;-3.8;1;26;10.3;1;12;0;0;30;31;31;0;0;7;6.8;1;14.9;1;26;31;5.7;1;31;5.4;1;31;0;-0.5;1;18;12.6;1;12;23;1;7;31;100;1;1;31;76;9;31;6.7;1;31;43.9;1;27.5;1;290;1;24;26;19;0;31;25.8;1;290;1;24;25;18;0;31;18.0;1;290;1;24;23;20;8;31;7.0;1;31;;;0;;;;;;0;;;0;;;0;;;;;;0;;;;;;;;;;;;;;;;
11203004;LEZIGNAN-CORBIERES;43.173000;2.728833;60;201702;122.2;1;28;;76.8;1;13;8;4;2;1;1;0;1018.8;9;28;1006.5;9;5;14.4;1;28;;20.8;1;22;7.1;1;8;0;0;0;0;27;28;0;6.2;1;28;;-1.0;1;10;12.2;1;13;0;0;22;28;28;0;0;2;8.2;1;15.8;1;26;28;10.3;1;28;9.9;1;28;0;6.3;1;10;15.7;1;22;20;1;25;28;100;1;28;28;79;9;28;9.3;1;28;51.0;1;29.2;1;290;1;5;22;15;1;28;27.3;1;290;1;5;22;13;0;28;19.9;1;290;1;5;22;18;5;28;6.2;1;28;;;0;;;;;;0;;;0;;;0;;;;;;0;;;;;;;;;;;;;;;;
11203004;LEZIGNAN-CORBIERES;43.173000;2.728833;60;201703;96.9;1;31;;41.2;1;24;7;4;2;1;0;0;1018.5;9;31;1001.6;9;4;18.0;1;31;;25.1;1;17;12.4;1;24;0;1;0;0;22;31;0;7.4;1;31;;2.2;1;4;12.2;1;31;0;0;26;31;31;0;0;0;10.6;1;20.1;1;17;31;12.7;1;31;12.3;1;31;0;7.8;1;4;17.2;1;29;20;1;29;31;100;1;28;31;71;9;31;9.4;1;31;94.8;1;31.5;1;290;1;6;25;16;1;31;29.4;1;290;1;6;24;14;1;31;21.3;1;290;1;6;22;19;4;31;6.3;1;31;;;0;;;;;;0;;;0;;;0;;;;;;0;;;;;;;;;;;;;;;;
11203004;LEZIGNAN-CORBIERES;43.173000;2.728833;60;201704;8.8;1;30;;4.8;1;25;3;0;0;0;0;0;1019.1;9;30;1008.5;9;30;20.4;1;30;;27.7;1;23;13.2;1;26;0;3;0;0;16;28;0;8.2;1;30;;0.7;1;21;12.9;1;25;0;0;19;30;30;0;0;0;12.2;1;23.1;1;23;30;14.3;1;30;13.8;1;30;0;9.8;1;29;18.6;1;13;14;1;19;29;100;1;10;28;60;9;28;8.7;1;28;138.8;1;31.8;1;270;1;30;27;17;1;30;29.7;1;270;1;30;24;14;1;30;19.9;1;280;1;30;23;19;2;30;6.5;1;30;;;0;;;;;;0;;;0;;;0;;;;;;0;;;;;;;;;;;;;;;;
11203004;LEZIGNAN-CORBIERES;43.173000;2.728833;60;201705;23.4;1;31;;19.6;1;18;2;1;1;0;0;0;1015.9;9;25;1000.1;9;11;24.2;1;31;;33.7;1;25;17.7;1;1;0;13;3;0;5;25;1;12.7;1;31;;6.7;1;1;18.0;1;31;0;0;5;22;31;0;0;0;11.5;1;18.6;1;15;31;18.4;1;31;18.4;1;25;1;12.2;1;1;24.7;1;25;14;1;25;31;99;1;13;31;65;9;31;12.3;1;31;154.2;1;24.7;1;290;1;18;22;9;0;31;23.2;1;290;1;18;20;7;0;31;15.7;1;290;1;1;17;11;2;31;5.0;1;31;;;0;;;;;;0;;;0;;;0;;;;;;0;;;;;;;;;;;;;;;;
11203004;LEZIGNAN-CORBIERES;43.173000;2.728833;60;201706;19.1;1;30;;7.5;1;27;4;1;0;0;0;0;1015.7;9;29;1004.9;9;28;29.5;1;30;;35.2;1;14;21.4;1;4;0;24;15;1;0;10;11;17.9;1;30;;10.0;1;8;22.2;1;24;0;0;1;5;19;12;0;0;11.6;1;17.2;1;14;30;23.7;1;30;23.1;1;30;15;18.1;1;30;27.6;1;21;20;1;14;30;98;1;20;30;62;9;30;16.5;1;30;190.5;1;23.6;1;290;1;6;16;11;0;21;22.2;1;290;1;6;15;9;0;21;17.4;1;300;1;6;14;12;1;21;5.4;1;20;;;0;;;;;;0;;;0;;;0;;;;;;0;;;;;;;;;;;;;;;;
11203004;LEZIGNAN-CORBIERES;43.173000;2.728833;60;201707;11.1;1;31;;9.7;1;19;1;1;0;0;0;0;1016.6;9;31;1011.7;9;21;29.0;1;31;;35.5;1;16;22.9;1;1;0;29;10;1;0;6;4;18.8;1;31;;14.0;1;1;22.1;1;28;0;0;0;2;23;8;0;0;10.2;1;15.7;1;4;31;23.9;1;31;23.5;1;31;14;18.5;1;1;28.3;1;16;16;1;16;31;96;1;20;31;62;9;31;17.2;1;31;198.3;1;23.9;1;300;1;25;29;11;0;31;22.5;1;300;1;25;27;9;0;31;16.7;1;300;1;25;25;15;3;31;6.4;1;31;;;0;;;;;;0;;;0;;;0;;;;;;0;;;;;;;;;;;;;;;;
11203004;LEZIGNAN-CORBIERES;43.173000;2.728833;60;201708;7.4;1;31;;4.6;1;5;2;0;0;0;0;0;1017.2;9;31;1012.0;9;30;29.8;1;31;;35.8;1;28;21.9;1;31;0;27;13;2;0;6;11;18.7;1;31;;13.4;1;22;24.3;1;4;0;0;0;4;20;11;0;0;11.1;1;18.6;1;28;31;24.3;1;31;23.7;1;31;16;18.8;1;10;30.0;1;4;6;1;21;31;97;1;25;31;61;9;31;16.8;1;31;181.4;1;22.3;1;280;1;6;27;14;0;31;21.0;1;280;1;6;24;13;0;31;15.4;1;290;1;6;22;16;1;31;5.6;1;31;;;0;;;;;;0;;;0;;;0;;;;;;0;;;;;;;;;;;;;;;;
11203004;LEZIGNAN-CORBIERES;43.173000;2.728833;60;201709;15.4;1;30;;4.6;1;18;5;0;0;0;0;0;1018.0;9;30;1007.0;9;9;24.3;1;30;;33.4;1;5;19.1;1;18;0;9;3;0;2;23;1;13.5;1;30;;6.7;1;21;20.4;1;6;0;0;3;22;29;1;0;0;10.8;1;19.3;1;24;30;18.9;1;30;18.3;1;30;1;15.4;1;21;25.2;1;5;15;1;3;30;98;1;30;30;62;9;30;12.5;1;30;128.3;1;22.3;1;310;1;14;26;11;0;30;21.0;1;310;1;14;25;9;0;30;15.9;1;290;1;14;22;13;2;30;5.4;1;30;;;0;;;;;;0;;;0;;;0;;;;;;0;;;;;;;;;;;;;;;;
11203004;LEZIGNAN-CORBIERES;43.173000;2.728833;60;201710;61.6;1;31;;51.6;1;19;3;1;1;1;1;0;1022.4;9;31;1011.8;9;19;22.4;1;31;;27.4;1;5;16.5;1;29;0;6;0;0;8;30;0;13.1;1;31;;5.1;1;31;19.3;1;3;0;0;5;23;31;0;0;0;9.3;1;17.0;1;5;31;17.8;1;31;17.0;1;31;0;11.5;1;31;22.7;1;3;18;1;7;31;98;1;26;31;71;9;31;13.2;1;31;95.3;1;26.6;1;290;1;29;22;10;0;31;25.0;1;290;1;29;22;9;0;31;17.5;1;290;1;29;22;13;3;31;5.6;1;31;;;0;;;;;;0;;;0;;;0;;;;;;0;;;;;;;;;;;;;;;;
11203004;LEZIGNAN-CORBIERES;43.173000;2.728833;60;201711;3.8;1;30;;1.4;1;5;2;0;0;0;0;0;1019.4;9;30;1009.3;9;29;14.5;1;30;;20.2;1;21;8.5;1;30;0;0;0;0;29;30;0;6.7;1;30;;-0.6;1;28;14.8;1;4;0;0;24;30;30;0;0;2;7.8;1;16.8;1;21;30;10.6;1;30;10.2;1;30;0;5.6;1;30;17.3;1;4;20;1;15;30;99;1;24;30;72;9;30;8.9;1;30;60.7;1;27.9;1;300;1;14;24;18;0;30;26.1;1;300;1;14;23;17;0;30;20.2;1;300;9;13;23;20;7;30;7.3;1;30;;;0;;;;;;0;;;0;;;0;;;;;;0;;;;;;;;;;;;;;;;
11203004;LEZIGNAN-CORBIERES;43.173000;2.728833;60;201712;26.6;1;31;;6.2;1;9;8;1;0;0;0;0;1021.5;9;31;991.5;9;11;10.3;1;31;;17.9;1;30;3.6;1;2;0;0;0;0;31;31;0;3.6;1;31;;-2.0;1;13;9.4;1;30;0;0;31;31;31;0;0;3;6.7;1;14.1;1;13;31;7.0;1;31;6.7;1;31;0;2.4;1;2;13.7;1;30;33;1;9;31;100;1;26;31;78;9;31;7.5;1;31;39.9;1;31.9;1;280;1;27;26;17;1;31;29.8;1;280;1;27;26;15;1;31;19.8;1;290;1;27;26;22;9;31;7.0;1;31;;;0;;;;;;0;;;0;;;0;;;;;;0;;;;;;;;;;;;;;;;
11203004;LEZIGNAN-CORBIERES;43.173000;2.728833;60;201801;47.3;1;31;;9.6;1;26;9;4;0;0;0;0;1019.6;9;31;1002.7;9;6;13.5;1;31;;19.7;1;5;7.9;1;27;0;0;0;0;31;31;0;7.1;1;31;;-2.3;1;13;13.6;1;3;0;0;25;31;31;0;0;1;6.4;1;13.7;1;13;31;10.3;1;31;10.0;1;31;0;4.6;1;13;15.8;1;3;32;1;1;31;100;1;24;31;81;9;31;9.6;1;31;47.7;1;30.3;1;280;1;16;29;21;4;31;28.3;1;280;1;16;27;19;2;31;21.1;1;290;1;16;26;22;10;31;7.6;1;31;;;0;;;;;;0;;;0;;;0;;;;;;0;;;;;;;;;;;;;;;;
11203004;LEZIGNAN-CORBIERES;43.173000;2.728833;60;201802;52.2;1;28;;22.0;1;28;7;3;2;0;0;0;1014.1;9;28;1004.4;9;28;9.7;1;28;;17.5;1;16;4.7;1;8;0;0;0;0;28;28;0;2.6;1;28;;-5.3;1;28;8.6;1;20;1;0;28;28;28;0;0;6;7.1;1;13.3;1;28;28;6.2;1;28;5.7;1;28;0;0.1;1;27;12.1;1;16;14;1;27;28;100;1;28;28;72;9;28;6.5;1;28;50.6;1;23.8;1;280;1;6;25;16;0;28;22.4;1;280;1;6;25;15;0;28;17.1;1;290;1;6;24;21;5;28;7.0;1;28;;;0;;;;;;0;;;0;;;0;;;;;;0;;;;;;;;;;;;;;;;
11203004;LEZIGNAN-CORBIERES;43.173000;2.728833;60;201803;148.6;1;31;;47.3;1;5;10;5;4;2;0;0;1005.3;9;31;992.3;9;5;14.8;1;31;;21.5;1;11;7.8;1;20;0;0;0;0;29;31;0;5.7;1;31;;1.2;1;14;12.0;1;11;0;0;28;31;31;0;0;0;9.1;1;13.6;1;8;31;10.2;1;31;9.7;1;31;0;4.8;1;20;16.8;1;11;32;1;15;31;100;1;30;31;78;9;31;8.9;1;31;76.6;1;31.4;1;280;1;2;31;17;3;31;29.3;1;280;1;2;30;17;1;31;21.8;1;290;1;2;29;20;10;31;6.7;1;31;;;0;;;;;;0;;;0;;;0;;;;;;0;;;;;;;;;;;;;;;;
11203004;LEZIGNAN-CORBIERES;43.173000;2.728833;60;201804;157.1;1;30;;49.5;1;11;9;6;4;2;0;0;1013.2;9;30;996.9;9;11;19.5;1;30;;27.1;1;24;12.4;1;11;0;2;0;0;16;29;0;9.6;1;30;;5.8;1;1;13.2;1;26;0;0;17;30;30;0;0;0;9.9;1;17.7;1;27;30;14.6;1;30;14.2;1;30;0;10.6;1;11;20.2;1;24;23;1;17;30;100;1;23;30;78;9;30;11.6;1;30;101.0;1;21.8;1;140;1;11;25;10;0;30;20.6;1;140;1;11;25;9;0;30;15.7;1;290;1;16;23;13;1;30;4.9;1;30;;;0;;;;;;0;;;0;;;0;;;;;;0;;;;;;;;;;;;;;;;
11203004;LEZIGNAN-CORBIERES;43.173000;2.728833;60;201805;77.6;1;31;;40.7;1;12;9;3;2;1;0;0;1014.9;9;31;1010.2;9;9;21.6;1;31;;27.6;1;23;11.9;1;14;0;8;0;0;10;29;0;12.8;1;31;;6.4;1;13;16.8;1;29;0;0;6;23;31;0;0;0;8.8;1;14.7;1;11;31;17.2;1;31;16.8;1;31;0;9.9;1;14;21.7;1;7;29;1;2;31;100;1;31;31;78;9;31;14.1;1;31;126.5;1;27.2;1;290;1;4;25;14;0;31;25.5;1;290;1;4;25;12;0;31;18.2;1;290;1;3;20;17;7;31;6.5;1;31;;;0;;;;;;0;;;0;;;0;;;;;;0;;;;;;;;;;;;;;;;
11203004;LEZIGNAN-CORBIERES;43.173000;2.728833;60;201806;32.7;1;30;;13.5;1;5;5;3;1;0;0;0;1014.9;9;30;1009.9;9;5;27.6;1;30;;34.5;1;27;22.2;1;6;0;19;11;0;0;15;3;16.4;1;30;;13.4;1;8;21.1;1;22;0;0;0;7;28;2;0;0;11.1;1;19.0;1;27;30;22.0;1;30;21.8;1;30;8;18.9;1;6;25.7;1;22;21;1;25;30;100;1;4;30;70;9;30;16.7;1;30;170.1;1;23.5;1;300;1;14;22;8;0;30;22.1;1;300;1;14;19;7;0;30;15.7;1;310;1;14;17;10;2;30;5.2;1;30;;;0;;;;;;0;;;0;;;0;;;;;;0;;;;;;;;;;;;;;;;
11203004;LEZIGNAN-CORBIERES;43.173000;2.728833;60;201807;41.8;1;31;;13.8;1;16;5;4;2;0;0;0;1014.5;9;31;1009.8;9;1;32.1;1;31;;36.4;1;26;25.6;1;16;0;31;23;3;0;2;19;19.7;1;31;;16.3;1;1;23.8;1;28;0;0;0;0;19;13;0;0;12.4;1;17.4;1;24;31;25.9;1;31;25.7;1;31;24;21.9;1;21;29.8;1;30;20;1;8;31;100;1;4;31;60;9;31;18.1;1;31;216.3;1;20.3;1;280;1;16;28;9;0;31;19.2;1;280;1;16;26;6;0;31;14.3;1;280;1;16;23;14;0;31;5.1;1;31;;;0;;;;;;0;;;0;;;0;;;;;;0;;;;;;;;;;;;;;;;
11203004;LEZIGNAN-CORBIERES;43.173000;2.728833;60;201808;21.8;1;31;;13.2;1;12;3;2;1;0;0;0;1016.6;9;31;1012.3;9;7;31.4;1;31;;37.9;1;5;24.2;1;25;0;30;21;5;0;4;13;19.9;1;31;;15.1;1;27;26.3;1;4;0;0;0;0;19;12;3;0;11.5;1;17.6;1;27;31;25.6;1;31;25.3;1;31;20;20.3;1;25;32.0;1;5;23;1;11;31;99;1;12;31;60;9;31;17.9;1;31;206.9;1;21.6;1;270;1;9;28;12;0;31;20.4;1;270;1;9;26;10;0;31;15.2;1;280;1;9;25;18;1;31;6.3;1;31;;;0;;;;;;0;;;0;;;0;;;;;;0;;;;;;;;;;;;;;;;
11203004;LEZIGNAN-CORBIERES;43.173000;2.728833;60;201809;0.6;1;30;;0.2;1;27;0;0;0;0;0;0;1019.5;9;30;1013.3;1;4;28.4;1;30;;34.3;1;20;23.3;1;26;0;27;7;0;0;9;4;16.5;1;30;;9.1;1;27;20.5;1;23;0;0;1;10;27;4;0;0;11.9;1;19.3;1;3;30;22.5;1;30;22.0;1;30;5;16.6;1;27;27.0;1;20;18;1;2;30;100;1;27;30;65;9;30;15.9;1;30;142.1;1;19.0;1;280;1;21;21;7;0;30;18.0;1;280;1;21;19;6;0;30;13.8;1;290;1;13;17;13;0;30;4.9;1;30;;;0;;;;;;0;;;0;;;0;;;;;;0;;;;;;;;;;;;;;;;
11203004;LEZIGNAN-CORBIERES;43.173000;2.728833;60;201810;296.3;1;31;;104.1;1;9;11;9;5;3;2;1;1015.3;1;31;995.7;1;29;19.7;1;31;;26.1;1;4;7.3;1;29;0;1;0;0;14;31;0;12.9;1;31;;2.0;1;30;19.8;1;12;0;0;6;23;31;0;0;0;6.8;1;14.7;1;5;31;16.3;1;31;16.0;1;31;0;6.0;1;29;21.7;1;14;20;1;2;31;100;1;26;31;81;1;31;14.6;1;31;77.0;1;28.0;1;280;1;29;27;17;1;31;26.2;1;280;1;29;26;16;0;31;20.6;1;290;1;29;23;19;6;31;6.7;1;31;;;0;;;;;;0;;;0;;;0;;;;;;0;;;;;;;;;;;;;;;;
11203004;LEZIGNAN-CORBIERES;43.173000;2.728833;60;201811;54.8;1;30;;29.0;1;17;9;3;1;0;0;0;1014.7;1;30;1002.4;1;20;15.6;1;30;;21.0;1;12;8.0;1;19;0;0;0;0;29;30;0;7.8;1;30;;1.7;1;25;15.1;1;15;0;0;22;29;30;0;0;0;7.8;1;14.6;1;28;30;11.7;1;30;11.4;1;30;0;6.9;1;25;17.7;1;12;40;1;3;30;100;1;29;30;87;1;30;11.2;1;30;37.4;1;19.8;1;290;1;26;20;8;0;30;18.7;1;290;1;26;20;6;0;30;13.8;1;290;1;3;17;8;0;30;4.1;1;30;;;0;;;;;;0;;;0;;;0;;;;;;0;;;;;;;;;;;;;;;;
11203004;LEZIGNAN-CORBIERES;43.173000;2.728833;60;201812;52.4;1;31;;26.2;1;13;3;2;2;0;0;0;1024.0;1;31;1009.5;1;13;13.7;1;31;;19.5;1;3;7.0;1;13;0;0;0;0;31;31;0;6.0;1;31;;-1.1;1;26;12.7;1;4;0;0;25;31;31;0;0;1;7.7;1;13.0;1;5;31;9.9;1;31;9.5;1;31;0;4.4;1;26;15.4;1;4;42;1;25;31;100;1;27;31;85;1;31;9.8;1;31;37.5;1;30.6;1;290;1;9;25;13;1;31;28.6;1;290;1;9;25;12;1;31;21.7;1;290;1;9;23;18;2;31;5.4;1;31;;;0;;;;;;0;;;0;;;0;;;;;;0;;;;;;;;;;;;;;;;
11203004;LEZIGNAN-CORBIERES;43.173000;2.728833;60;201901;31.6;1;31;;9.6;1;29;5;3;0;0;0;0;1018.9;1;31;997.4;1;31;9.2;1;31;;13.1;1;26;4.4;1;6;0;0;0;0;31;31;0;3.2;1;31;;-1.4;1;16;9.1;1;14;0;0;31;31;31;0;0;2;6.0;1;12.9;1;19;31;6.2;1;31;5.9;1;31;0;3.1;1;6;11.0;1;14;33;1;4;31;100;1;31;31;78;1;31;7.1;1;31;45.3;1;30.9;1;290;1;6;27;25;3;31;28.9;1;290;1;6;27;24;1;31;21.9;1;290;1;6;27;26;16;31;9.2;1;31;;;0;;;;;;0;;;0;;;0;;;;;;0;;;;;;;;;;;;;;;;
11203004;LEZIGNAN-CORBIERES;43.173000;2.728833;60;201902;0.8;1;28;;0.4;1;4;0;0;0;0;0;0;1024.1;1;28;989.3;1;1;15.2;1;28;;26.3;1;27;6.5;1;3;0;1;0;0;24;28;0;4.7;1;28;;-0.2;1;21;9.2;1;10;0;0;28;28;28;0;0;3;10.5;1;20.4;1;27;28;10.0;1;28;9.5;1;28;0;4.4;1;3;16.1;1;27;15;1;27;28;100;1;26;28;77;1;28;8.5;1;28;55.4;1;27.1;1;290;1;3;20;10;0;28;25.4;1;290;1;3;19;10;0;28;19.2;1;300;9;3;17;11;5;28;5.3;1;28;;;0;;;;;;0;;;0;;;0;;;;;;0;;;;;;;;;;;;;;;;
11203004;LEZIGNAN-CORBIERES;43.173000;2.728833;60;201903;3.8;1;31;;3.2;1;13;1;0;0;0;0;0;1022.7;1;31;1004.7;1;6;17.7;1;31;;25.1;1;23;13.5;1;13;0;1;0;0;27;31;0;6.3;1;31;;-0.3;1;12;13.1;1;10;0;0;28;31;31;0;0;1;11.4;1;20.6;1;22;31;12.0;1;31;11.7;1;31;0;7.3;1;12;16.7;1;24;17;1;16;31;100;1;6;31;62;1;31;7.9;1;31;110.2;1;26.3;1;300;1;15;28;19;0;31;24.7;1;300;1;15;25;17;0;31;19.0;1;290;1;15;25;22;7;31;6.8;1;31;;;0;;;;;;0;;;0;;;0;;;;;;0;;;;;;;;;;;;;;;;
11203004;LEZIGNAN-CORBIERES;43.173000;2.728833;60;201904;37.0;1;30;;17.0;1;22;7;2;1;0;0;0;1013.0;1;30;997.9;1;23;18.2;1;30;;22.8;1;24;11.3;1;3;0;0;0;0;21;30;0;7.9;1;30;;0.2;1;5;14.0;1;25;0;0;22;30;30;0;0;0;10.3;1;17.2;1;8;30;13.1;1;30;12.7;1;30;0;8.7;1;5;18.0;1;25;17;1;13;30;99;1;26;30;67;1;30;9.1;1;30;111.0;1;24.8;1;290;1;12;28;12;0;30;23.3;1;290;1;12;28;10;0;30;18.4;1;290;1;12;28;19;3;30;5.7;1;30;;;0;;;;;;0;;;0;;;0;;;;;;0;;;;;;;;;;;;;;;;
11203004;LEZIGNAN-CORBIERES;43.173000;2.728833;60;201905;41.8;1;31;;21.2;1;17;7;3;1;0;0;0;1015.4;9;29;1005.4;1;17;21.1;1;31;;29.6;1;31;14.5;1;17;0;6;0;0;12;29;0;11.1;1;31;;1.4;1;7;15.5;1;24;0;0;8;30;31;0;0;0;10.0;1;17.9;1;23;31;16.1;1;31;15.9;1;31;0;9.8;1;7;22.2;1;31;17;1;15;31;98;1;8;31;62;1;31;10.6;1;31;154.9;1;26.1;1;310;1;5;31;20;0;31;24.5;1;310;1;5;31;17;0;31;18.2;1;300;1;5;28;22;6;31;7.6;1;31;;;0;;;;;;0;;;0;;;0;;;;;;0;;;;;;;;;;;;;;;;
11203004;LEZIGNAN-CORBIERES;43.173000;2.728833;60;201906;17.8;1;30;;7.8;1;20;6;1;0;0;0;0;1015.5;1;30;1010.0;1;5;27.8;1;30;;37.0;1;29;16.8;1;11;0;20;9;4;1;13;6;14.9;1;30;;7.6;1;13;23.3;1;29;0;0;2;16;29;1;0;0;12.9;1;19.2;1;17;30;21.4;1;30;21.1;1;30;6;14.4;1;11;30.2;1;29;17;1;17;30;96;1;26;30;64;1;30;14.5;1;30;179.3;1;24.0;1;300;1;5;27;6;0;30;22.6;1;300;1;5;24;6;0;30;15.9;1;290;1;5;19;11;2;30;5.0;1;30;;;0;;;;;;0;;;0;;;0;;;;;;0;;;;;;;;;;;;;;;;
11203004;LEZIGNAN-CORBIERES;43.173000;2.728833;60;201907;28.2;1;31;;9.8;1;9;4;4;0;0;0;0;1014.2;1;31;1006.3;1;27;31.7;1;31;;36.8;1;22;24.3;1;27;0;30;23;4;0;3;17;20.3;1;31;;14.1;1;29;24.4;1;22;0;0;0;1;11;20;0;0;11.4;1;19.6;1;29;31;26.0;1;31;25.6;1;31;25;21.2;1;27;30.6;1;22;17;1;29;31;95;1;26;31;58;1;31;18.0;1;31;220.7;1;22.0;1;280;1;15;28;13;0;31;20.7;1;280;1;15;28;10;0;31;14.4;1;300;1;28;22;15;0;31;5.8;1;31;;;0;;;;;;0;;;0;;;0;;;;;;0;;;;;;;;;;;;;;;;
11203004;LEZIGNAN-CORBIERES;43.173000;2.728833;60;201908;6.2;1;31;;4.4;1;20;2;0;0;0;0;0;1016.1;1;31;1010.6;1;7;31.4;1;31;;37.6;1;30;22.2;1;20;0;30;23;4;0;4;13;18.8;1;31;;14.9;1;1;24.1;1;9;0;0;0;1;20;11;0;0;12.6;1;19.4;1;25;31;25.1;1;31;24.6;1;31;18;19.1;1;20;29.9;1;30;15;1;3;31;95;1;24;31;58;1;31;16.6;1;31;192.2;1;19.9;1;290;1;19;24;8;0;31;18.8;1;290;1;19;22;6;0;31;14.1;1;290;1;19;16;13;0;31;4.9;1;31;;;0;;;;;;0;;;0;;;0;;;;;;0;;;;;;;;;;;;;;;;
11203004;LEZIGNAN-CORBIERES;43.173000;2.728833;60;201909;50.9;1;30;;15.0;1;21;5;5;3;0;0;0;1018.7;1;30;1013.1;1;22;26.8;1;30;;34.6;1;17;15.8;1;10;0;23;5;0;1;15;1;15.7;1;30;;9.8;1;9;20.5;1;1;0;0;1;13;29;1;0;0;11.1;1;17.2;1;13;30;21.3;1;30;20.8;1;30;2;14.6;1;10;26.6;1;17;20;1;4;30;98;1;22;30;62;1;30;14.2;1;30;141.1;1;24.3;1;290;1;5;25;11;0;30;22.9;1;290;1;5;23;10;0;30;18.3;1;290;1;5;20;14;1;30;5.4;1;30;;;0;;;;;;0;;;0;;;0;;;;;;0;;;;;;;;;;;;;;;;
11203004;LEZIGNAN-CORBIERES;43.173000;2.728833;60;201910;140.1;1;31;;120.7;1;22;6;2;1;1;1;1;1016.3;1;31;1006.2;1;20;21.5;1;31;;27.2;1;1;16.1;1;21;0;2;0;0;6;30;0;13.0;1;31;;6.1;1;16;19.4;1;13;0;0;5;25;31;0;0;0;8.4;1;15.0;1;11;31;17.3;1;31;16.9;1;31;0;13.4;1;16;21.3;1;12;34;1;7;31;100;1;29;31;77;1;31;14.4;1;31;76.2;1;22.6;1;310;1;2;21;12;0;31;21.3;1;310;1;2;21;8;0;31;15.6;1;300;1;7;18;13;2;31;4.8;1;31;;;0;;;;;;0;;;0;;;0;;;;;;0;;;;;;;;;;;;;;;;
11203004;LEZIGNAN-CORBIERES;43.173000;2.728833;60;201911;32.6;1;30;;5.2;1;3;11;1;0;0;0;0;1007.9;1;30;993.1;1;23;14.4;1;30;;21.9;1;2;7.8;1;14;0;0;0;0;28;30;0;6.2;1;30;;-1.4;1;20;12.1;1;3;0;0;24;30;30;0;0;3;8.1;1;14.5;1;21;30;10.3;1;30;9.8;1;30;0;4.9;1;15;16.3;1;2;43;1;21;30;100;1;30;30;82;1;30;9.6;1;30;43.6;1;30.4;1;300;1;3;26;16;1;30;28.4;1;300;1;3;26;14;1;30;20.1;1;290;1;3;26;18;3;30;5.2;1;30;;;0;;;;;;0;;;0;;;0;;;;;;0;;;;;;;;;;;;;;;;
11203004;LEZIGNAN-CORBIERES;43.173000;2.728833;60;201912;61.5;1;31;;20.7;1;13;9;3;2;0;0;0;1017.6;1;31;996.7;1;20;14.2;1;31;;19.7;1;24;9.1;1;11;0;0;0;0;31;31;0;7.1;1;31;;0.7;1;11;14.2;1;17;0;0;25;31;31;0;0;0;7.0;1;11.4;1;8;31;10.6;1;31;10.5;1;31;0;4.9;1;11;15.3;1;17;45;1;10;31;100;1;29;31;83;1;31;10.3;1;31;37.6;1;29.8;1;300;1;13;24;17;1;31;28.9;9;300;1;13;24;15;1;31;20.5;1;290;1;13;24;19;6;31;5.5;1;31;;;0;;;;;;0;;;0;;;0;;;;;;0;;;;;;;;;;;;;;;;
11203004;LEZIGNAN-CORBIERES;43.173000;2.728833;60;202001;59.0;1;31;;22.0;1;23;5;5;3;0;0;0;1026.0;1;31;1016.9;1;28;12.5;1;31;;19.5;1;31;5.5;1;20;0;0;0;0;31;31;0;4.8;1;31;;-1.5;1;6;9.2;1;4;0;0;31;31;31;0;0;3;7.7;1;14.5;1;14;31;8.7;1;31;8.4;1;31;0;3.9;1;20;14.1;1;31;30;1;5;31;100;1;28;31;82;1;31;8.9;1;31;36.2;1;23.6;1;280;1;17;24;11;0;31;22.3;9;280;1;17;24;9;0;31;16.7;1;290;1;17;23;13;3;31;4.8;1;31;;;0;;;;;;0;;;0;;;0;;;;;;0;;;;;;;;;;;;;;;;
11203004;LEZIGNAN-CORBIERES;43.173000;2.728833;60;202002;9.6;1;29;;4.8;1;27;3;0;0;0;0;0;1024.3;1;29;1008.4;1;29;16.4;1;29;;22.8;1;2;10.8;1;26;0;0;0;0;25;29;0;6.3;1;29;;-2.3;1;6;12.2;1;11;0;0;26;29;29;0;0;1;10.1;1;17.0;1;20;29;11.3;1;29;11.1;1;29;0;4.9;1;6;17.0;1;3;14;1;11;29;100;1;10;29;74;1;29;9.1;1;29;65.2;1;28.3;1;290;1;27;23;11;2;29;27.4;9;290;1;27;22;11;0;29;18.3;1;290;1;27;20;16;5;29;5.7;1;29;;;0;;;;;;0;;;0;;;0;;;;;;0;;;;;;;;;;;;;;;;
11203004;LEZIGNAN-CORBIERES;43.173000;2.728833;60;202003;64.2;1;31;;20.8;1;3;10;4;3;0;0;0;1017.4;1;31;998.9;1;2;15.2;1;31;;20.7;1;18;8.9;1;26;0;0;0;0;30;31;0;7.0;1;31;;1.2;1;15;11.2;1;13;0;0;29;31;31;0;0;0;8.2;1;14.1;1;28;31;11.1;1;31;10.7;1;31;0;5.2;1;26;14.8;1;11;33;1;28;31;99;1;5;31;74;1;31;9.1;1;31;79.0;1;31.7;1;290;1;2;28;15;2;31;29.2;9;290;1;2;28;13;2;31;21.4;1;290;1;2;21;18;5;31;6.0;1;31;;;0;;;;;;0;;;0;;;0;;;;;;0;;;;;;;;;;;;;;;;
11203004;LEZIGNAN-CORBIERES;43.173000;2.728833;60;202004;136.0;1;30;;54.6;1;21;9;6;5;1;1;0;1016.1;1;30;1007.3;1;20;18.8;1;30;;23.8;1;14;12.3;1;1;0;0;0;0;19;30;0;10.2;1;30;;1.3;1;4;14.2;1;18;0;0;14;30;30;0;0;0;8.5;1;16.2;1;4;30;14.5;1;30;14.1;1;30;0;9.4;1;4;18.0;1;23;30;1;3;30;98;1;26;30;78;1;30;11.8;1;30;93.4;1;22.7;1;310;1;30;22;4;0;30;22.0;9;310;1;30;20;4;0;30;14.1;1;280;1;28;16;5;0;30;4.4;1;30;;;0;;;;;;0;;;0;;;0;;;;;;0;;;;;;;;;;;;;;;;
11203004;LEZIGNAN-CORBIERES;43.173000;2.728833;60;202005;103.3;1;31;;54.9;1;10;7;5;2;1;1;0;1016.7;1;31;1003.2;1;11;24.3;1;31;;29.7;1;21;17.8;1;11;0;12;0;0;3;23;0;14.2;1;31;;9.5;1;1;18.4;1;21;0;0;1;19;31;0;0;0;10.1;1;16.3;1;22;31;19.2;1;31;19.0;1;31;0;15.5;1;11;24.1;1;21;25;1;25;31;97;1;29;31;70;1;31;14.4;1;31;152.8;1;21.9;1;290;1;19;28;10;0;31;20.9;9;290;1;19;26;8;0;31;15.3;1;290;1;19;22;14;1;31;5.5;1;31;;;0;;;;;;0;;;0;;;0;;;;;;0;;;;;;;;;;;;;;;;
11203004;LEZIGNAN-CORBIERES;43.173000;2.728833;60;202006;25.2;1;30;;12.8;1;6;4;1;1;0;0;0;1014.4;1;30;1002.6;1;4;26.3;1;30;;33.4;1;28;20.9;1;7;0;20;3;0;0;18;3;15.7;1;30;;11.8;1;19;21.6;1;29;0;0;0;14;28;2;0;0;10.6;1;16.4;1;20;30;21.0;1;30;20.6;1;30;4;17.3;1;9;26.2;1;28;28;1;30;30;96;1;13;30;66;1;30;15.1;1;30;166.4;1;24.4;1;280;1;5;26;8;0;30;22.4;9;280;1;5;25;7;0;30;15.2;1;290;1;5;21;10;1;30;5.4;1;30;;;0;;;;;;0;;;0;;;0;;;;;;0;;;;;;;;;;;;;;;;
11203004;LEZIGNAN-CORBIERES;43.173000;2.728833;60;202007;40.5;1;31;;38.3;1;23;1;1;1;1;0;0;1016.8;1;31;1011.9;1;1;30.8;1;31;;35.7;1;23;25.4;1;16;0;31;22;2;0;3;11;19.1;1;31;;15.4;1;20;24.0;1;23;0;0;0;0;20;12;0;0;11.7;1;19.0;1;9;31;25.0;1;31;24.7;1;31;23;21.0;1;16;29.9;1;23;14;1;8;31;95;1;28;31;56;1;31;16.5;1;31;219.5;1;22.6;1;340;1;23;27;14;0;31;21.2;9;340;1;23;25;12;0;31;15.7;1;230;1;23;23;17;1;31;6.1;1;31;;;0;;;;;;0;;;0;;;0;;;;;;0;;;;;;;;;;;;;;;;
11203004;LEZIGNAN-CORBIERES;43.173000;2.728833;60;202008;36.2;1;31;;35.6;1;28;1;1;1;1;0;0;1014.4;1;31;1006.8;1;29;30.5;1;31;;39.7;1;8;22.8;1;29;0;28;18;1;0;4;10;18.8;1;31;;13.3;1;6;24.4;1;20;0;0;0;5;18;14;0;0;11.6;1;21.1;1;6;31;24.6;1;31;24.1;1;31;18;18.7;1;29;30.6;1;8;15;1;5;31;96;1;11;31;62;1;31;17.5;1;31;185.0;1;21.8;1;270;1;1;25;9;0;31;20.0;9;270;1;1;23;7;0;31;14.9;1;280;1;1;22;14;0;31;5.6;1;31;;;0;;;;;;0;;;0;;;0;;;;;;0;;;;;;;;;;;;;;;;
11203004;LEZIGNAN-CORBIERES;43.173000;2.728833;60;202009;48.4;1;30;;14.5;1;23;7;4;2;0;0;0;1016.8;1;30;1009.8;1;24;26.6;1;30;;34.4;1;16;14.9;1;27;0;24;8;0;4;14;3;15.5;1;30;;7.6;1;30;20.5;1;19;0;0;3;11;29;1;0;0;11.1;1;19.4;1;16;30;21.0;1;30;20.3;1;30;3;12.0;1;27;25.9;1;19;20;1;3;30;97;1;23;30;66;1;30;14.7;1;30;132.4;1;25.5;1;290;1;25;25;9;0;30;24.4;9;290;1;25;23;7;0;30;18.7;1;290;1;25;17;11;3;30;5.2;1;30;;;0;;;;;;0;;;0;;;0;;;;;;0;;;;;;;;;;;;;;;;
11203004;LEZIGNAN-CORBIERES;43.173000;2.728833;60;202010;26.6;1;31;;9.8;1;2;6;2;0;0;0;0;1016.1;1;31;992.0;1;2;19.1;1;31;;25.7;1;8;14.2;1;15;0;1;0;0;20;31;0;10.2;1;31;;4.8;1;18;16.5;1;22;0;0;18;28;31;0;0;0;8.9;1;18.5;1;30;31;14.6;1;31;14.0;1;31;0;11.2;1;16;19.2;1;8;36;1;30;31;98;1;31;31;77;1;31;12.1;1;31;70.1;1;24.2;1;300;1;11;25;18;0;31;22.8;9;300;1;11;23;15;0;31;15.5;1;290;1;2;22;19;4;31;5.5;1;31;;;0;;;;;;0;;;0;;;0;;;;;;0;;;;;;;;;;;;;;;;
11203004;LEZIGNAN-CORBIERES;43.173000;2.728833;60;202011;61.8;1;30;;29.2;1;27;7;4;2;0;0;0;1023.3;1;30;1010.3;1;28;16.5;1;30;;19.8;1;15;11.2;1;20;0;0;0;0;30;30;0;8.1;1;30;;-2.6;1;22;14.9;1;7;0;0;18;30;30;0;0;3;8.4;1;16.3;1;22;30;12.3;1;30;12.1;1;30;0;5.6;1;22;17.3;1;15;41;1;23;30;100;1;25;30;83;1;30;11.4;1;30;39.8;1;22.7;1;290;1;19;20;7;0;30;22.0;9;290;1;19;18;7;0;30;15.7;1;290;1;19;14;9;1;30;4.4;1;30;;;0;;;;;;0;;;0;;;0;;;;;;0;;;;;;;;;;;;;;;;
11203004;LEZIGNAN-CORBIERES;43.173000;2.728833;60;202012;53.6;1;31;;11.8;1;10;12;3;2;0;0;0;1011.9;1;31;991.5;1;28;11.5;1;31;;16.6;1;18;6.0;1;25;0;0;0;0;31;31;0;5.1;1;31;;-0.7;1;27;11.2;1;19;0;0;30;31;31;0;0;2;6.4;1;12.1;1;31;31;8.3;1;31;8.0;1;31;0;2.8;1;27;13.9;1;19;47;1;3;31;100;1;23;31;84;1;31;8.8;1;31;32.9;1;25.8;1;310;1;26;29;15;0;31;24.8;9;310;1;26;29;14;0;31;18.3;1;310;1;26;25;19;6;31;5.6;1;31;;;0;;;;;;0;;;0;;;0;;;;;;0;;;;;;;;;;;;;;;;
11203004;LEZIGNAN-CORBIERES;43.173000;2.728833;60;202101;36.4;1;31;;8.0;1;31;10;3;0;0;0;0;1015.0;1;31;1000.9;1;22;10.0;1;31;;17.8;1;28;2.7;1;11;0;0;0;0;31;31;0;3.0;1;31;;-4.9;1;19;13.2;1;28;0;0;30;31;31;0;0;8;7.0;1;15.1;1;19;31;6.5;1;31;6.1;1;31;0;0.1;1;7;15.5;1;28;31;1;26;31;100;1;30;31;78;1;31;7.3;1;31;43.8;1;28.4;1;280;1;22;26;18;1;31;26.6;9;290;1;11;26;17;0;31;19.2;1;300;1;11;25;21;13;31;7.3;1;31;;;0;;;;;;0;;;0;;;0;;;;;;0;;;;;;;;;;;;;;;;
11203004;LEZIGNAN-CORBIERES;43.173000;2.728833;60;202102;44.4;1;28;;20.6;1;22;7;3;1;0;0;0;1018.3;1;28;998.8;1;8;14.1;1;28;;21.5;1;2;8.7;1;14;0;0;0;0;27;28;0;8.5;1;28;;1.7;1;14;12.7;1;23;0;0;17;28;28;0;0;0;5.7;1;15.1;1;17;28;11.3;1;28;10.9;1;28;0;5.2;1;14;16.6;1;2;44;1;11;28;99;1;17;28;84;1;28;10.8;1;28;41.0;1;28.3;1;280;1;1;22;12;1;28;27.3;9;280;1;1;22;10;0;28;19.6;1;280;1;1;18;13;2;28;5.7;1;28;;;0;;;;;;0;;;0;;;0;;;;;;0;;;;;;;;;;;;;;;;
11203004;LEZIGNAN-CORBIERES;43.173000;2.728833;60;202103;7.6;1;31;;4.0;1;19;2;0;0;0;0;0;1023.1;1;31;1015.6;1;19;15.8;1;31;;22.6;1;24;10.8;1;19;0;0;0;0;29;31;0;6.4;1;31;;0.2;1;24;10.4;1;12;0;0;29;31;31;0;0;0;9.4;1;22.4;1;24;31;11.1;1;31;10.8;1;31;0;7.7;1;20;15.0;1;11;19;1;24;31;98;1;30;31;69;1;31;8.3;1;31;91.6;1;26.5;1;280;1;22;25;14;0;31;25.6;9;300;1;21;23;13;0;31;18.8;1;290;1;21;21;18;4;31;6.5;1;31;;;0;;;;;;0;;;0;;;0;;;;;;0;;;;;;;;;;;;;;;;
11203004;LEZIGNAN-CORBIERES;43.173000;2.728833;60;202104;24.4;1;30;;8.4;1;10;7;1;0;0;0;0;1016.7;1;30;1006.0;1;27;17.9;1;30;;22.1;1;23;13.2;1;10;0;0;0;0;24;30;0;7.2;1;30;;-2.5;1;8;12.2;1;28;0;0;21;30;30;0;0;1;10.7;1;19.1;1;8;30;12.5;1;30;12.1;1;30;0;7.1;1;8;16.0;1;3;21;1;7;30;99;1;22;30;64;1;30;8.7;1;30;109.6;1;24.0;1;290;1;6;26;11;0;30;22.9;9;290;1;6;24;9;0;30;17.1;1;290;1;3;19;12;2;30;5.3;1;30;;;0;;;;;;0;;;0;;;0;;;;;;0;;;;;;;;;;;;;;;;
11203004;LEZIGNAN-CORBIERES;43.173000;2.728833;60;202105;9.0;1;31;;3.2;1;1;2;0;0;0;0;0;1016.4;1;31;1007.9;1;10;22.6;1;31;;30.1;1;30;16.3;1;1;0;6;1;0;8;28;0;10.7;1;31;;4.4;1;4;16.5;1;30;0;0;11;29;31;0;0;0;11.9;1;20.5;1;4;31;16.7;1;31;16.4;1;31;0;13.0;1;1;23.3;1;30;13;1;20;31;98;1;11;31;63;1;31;10.7;1;31;149.0;1;26.2;1;290;1;11;29;15;0;31;24.6;9;290;1;11;27;11;0;31;15.8;1;290;1;11;24;17;2;31;5.5;1;31;;;0;;;;;;0;;;0;;;0;;;;;;0;;;;;;;;;;;;;;;;
11203004;LEZIGNAN-CORBIERES;43.173000;2.728833;60;202106;40.4;1;30;;15.2;1;21;6;4;2;0;0;0;1016.6;1;30;1007.0;1;21;28.4;1;30;;36.5;1;13;19.6;1;2;0;25;10;3;1;13;6;18.0;1;30;;14.6;1;26;23.7;1;15;0;0;0;1;24;6;0;0;10.4;1;17.6;1;14;30;23.2;1;30;22.7;1;30;11;17.5;1;2;29.8;1;15;20;1;13;30;98;1;2;30;64;1;30;16.4;1;30;187.5;1;19.1;1;290;1;6;30;7;0;30;18.5;9;290;1;6;30;5;0;30;13.2;1;290;1;6;26;13;0;30;5.9;1;30;;;0;;;;;;0;;;0;;;0;;;;;;0;;;;;;;;;;;;;;;;
11203004;LEZIGNAN-CORBIERES;43.173000;2.728833;60;202107;27.4;1;31;;11.8;1;4;5;2;1;0;0;0;1015.0;1;31;1010.5;1;24;29.7;1;31;;36.9;1;21;22.0;1;13;0;28;15;1;0;9;8;18.1;1;31;;14.2;1;10;21.6;1;19;0;0;0;4;25;6;0;0;11.6;1;18.5;1;1;31;23.9;1;31;23.5;1;31;14;18.2;1;13;28.5;1;21;20;1;20;31;96;1;4;31;61;1;31;16.5;1;31;198.5;1;24.5;1;280;1;13;28;13;0;31;23.8;9;280;1;13;27;13;0;31;15.8;1;280;1;12;25;18;3;31;6.0;1;31;;;0;;;;;;0;;;0;;;0;;;;;;0;;;;;;;;;;;;;;;;
11203004;LEZIGNAN-CORBIERES;43.173000;2.728833;60;202108;15.3;1;31;;10.7;1;4;2;1;1;0;0;0;1015.8;1;31;1009.0;1;7;29.9;1;31;;35.9;1;12;25.5;1;4;0;31;14;1;0;6;7;17.5;1;31;;12.9;1;30;23.0;1;22;0;0;0;7;26;5;0;0;12.4;1;18.8;1;26;31;23.7;1;31;23.4;1;31;9;20.3;1;1;28.3;1;12;22;1;27;31;95;1;21;31;57;1;31;15.3;1;31;192.3;1;22.9;1;280;1;17;25;10;0;31;21.2;9;280;1;17;25;6;0;31;15.2;1;290;1;17;21;14;3;31;5.3;1;31;;;0;;;;;;0;;;0;;;0;;;;;;0;;;;;;;;;;;;;;;;
11203004;LEZIGNAN-CORBIERES;43.173000;2.728833;60;202109;99.5;1;30;;76.3;1;8;7;3;1;1;1;0;1017.8;1;30;1012.9;1;14;26.2;1;30;;31.2;1;4;17.7;1;21;0;23;3;0;1;19;0;17.0;1;30;;11.1;1;24;22.9;1;8;0;0;0;8;26;4;0;0;9.2;1;16.4;1;5;30;21.6;1;30;20.9;1;30;2;16.0;1;21;25.4;1;14;34;1;4;30;98;1;9;30;76;1;30;17.9;1;30;106.2;1;30.3;1;310;1;9;21;8;1;30;28.3;9;310;1;9;18;7;1;30;20.2;1;310;1;9;16;10;1;30;4.5;1;30;;;0;;;;;;0;;;0;;;0;;;;;;0;;;;;;;;;;;;;;;;
11203004;LEZIGNAN-CORBIERES;43.173000;2.728833;60;202110;19.2;1;31;;11.2;1;3;3;1;1;0;0;0;1019.2;1;31;1005.7;1;30;20.8;1;31;;24.2;1;20;18.2;1;17;0;0;0;0;13;31;0;10.9;1;31;;2.3;1;24;16.8;1;20;0;0;12;28;31;0;0;0;9.9;1;18.1;1;24;31;15.8;1;31;15.5;1;31;0;11.4;1;24;20.5;1;20;27;1;23;31;98;1;28;31;74;1;31;12.2;1;31;84.6;1;20.2;1;300;1;12;24;8;0;31;19.5;9;300;1;12;24;6;0;31;14.9;1;290;1;12;20;13;0;31;5.1;1;31;;;0;;;;;;0;;;0;;;0;;;;;;0;;;;;;;;;;;;;;;;
11203004;LEZIGNAN-CORBIERES;43.173000;2.728833;60;202111;175.1;1;30;;61.7;1;24;10;3;3;3;2;0;1016.5;1;30;999.5;1;27;12.8;1;30;;18.6;1;2;6.1;1;28;0;0;0;0;30;30;0;7.1;1;30;;1.6;1;30;13.1;1;1;0;0;26;30;30;0;0;0;5.7;1;13.2;1;19;30;9.9;1;30;9.5;1;30;0;4.4;1;29;15.5;1;1;46;1;2;30;98;1;24;30;80;1;30;9.3;1;30;46.9;1;27.7;1;300;1;8;27;19;0;30;27.0;9;300;1;8;27;16;0;30;20.2;1;310;1;7;26;22;8;30;7.2;1;30;;;0;;;;;;0;;;0;;;0;;;;;;0;;;;;;;;;;;;;;;;
11203004;LEZIGNAN-CORBIERES;43.173000;2.728833;60;202112;50.8;1;31;;18.0;1;9;8;3;1;0;0;0;1018.2;1;31;1005.7;1;25;13.2;1;31;;19.7;1;31;7.8;1;5;0;0;0;0;31;31;0;4.7;1;31;;-1.9;1;17;14.1;1;29;0;0;29;31;31;0;0;2;8.4;1;16.5;1;31;31;8.9;1;31;8.2;1;31;0;4.4;1;17;16.6;1;29;45;1;20;31;99;1;31;31;84;1;31;9.1;1;31;32.4;1;26.1;1;310;1;8;17;15;0;31;25.1;9;310;1;8;17;14;0;31;18.8;1;290;1;8;17;15;4;31;4.7;1;31;;;0;;;;;;0;;;0;;;0;;;;;;0;;;;;;;;;;;;;;;;
11203004;LEZIGNAN-CORBIERES;43.173000;2.728833;60;202201;31.4;1;31;;21.2;1;9;3;2;1;0;0;0;1026.9;1;31;1010.2;1;4;11.0;1;31;;16.5;1;3;7.4;1;18;0;0;0;0;31;31;0;2.5;1;31;;-4.7;1;14;8.3;1;2;0;0;31;31;31;0;0;8;8.5;1;16.8;1;14;31;6.7;1;31;6.2;1;31;0;2.8;1;13;11.5;1;3;21;1;15;31;99;1;4;31;76;1;31;7.0;1;31;48.1;1;30.4;1;300;1;31;23;20;1;31;27.9;9;300;1;31;23;18;0;31;18.0;1;300;1;31;23;22;6;31;6.6;1;31;;;0;;;;;;0;;;0;;;0;;;;;;0;;;;;;;;;;;;;;;;
11203004;LEZIGNAN-CORBIERES;43.173000;2.728833;60;202202;4.2;1;28;;1.4;1;14;1;0;0;0;0;0;1024.6;1;28;1013.5;1;14;14.9;1;28;;20.6;1;18;10.4;1;1;0;0;0;0;27;28;0;5.4;1;28;;-1.6;1;9;12.5;1;17;0;0;27;28;28;0;0;4;9.5;1;16.7;1;27;28;10.2;1;28;9.8;1;28;0;5.7;1;9;14.9;1;17;25;1;26;28;100;1;18;28;73;1;28;8.4;1;28;62.4;1;30.1;1;300;1;1;24;17;2;28;28.4;9;300;1;1;23;16;2;28;20.9;1;300;1;1;21;19;8;28;6.9;1;28;;;0;;;;;;0;;;0;;;0;;;;;;0;;;;;;;;;;;;;;;;
11203004;LEZIGNAN-CORBIERES;43.173000;2.728833;60;202203;147.0;1;31;;73.6;1;12;11;7;4;1;1;0;1020.7;1;31;1000.4;1;31;14.5;1;31;;19.9;1;27;10.9;1;2;0;0;0;0;31;31;0;7.1;1;31;;-0.5;1;7;12.1;1;15;0;0;27;31;31;0;0;1;7.4;1;16.3;1;28;31;10.8;1;31;10.6;1;31;0;6.0;1;7;13.2;1;3;26;1;27;31;99;1;26;31;81;1;31;9.7;1;31;61.3;1;21.6;1;280;9;4;25;9;0;31;20.4;9;300;1;31;25;8;0;31;16.1;1;290;1;31;21;14;2;31;5.2;1;31;;;0;;;;;;0;;;0;;;0;;;;;;0;;;;;;;;;;;;;;;;
11203004;LEZIGNAN-CORBIERES;43.173000;2.728833;60;202204;47.8;1;30;;25.4;1;20;5;2;2;0;0;0;1014.0;1;30;996.2;1;23;18.4;1;30;;25.2;1;17;7.8;1;2;0;1;0;0;15;30;0;9.2;1;30;;0.7;1;10;15.9;1;30;0;0;16;29;30;0;0;0;9.2;1;15.2;1;26;30;13.8;1;30;13.4;1;30;0;4.5;1;2;19.9;1;29;28;1;17;30;97;1;20;30;70;1;30;10.3;1;30;116.3;1;27.4;1;290;1;1;27;20;0;30;26.1;9;310;1;1;26;18;0;30;19.2;1;290;1;1;26;22;5;30;7.2;1;30;;;0;;;;;;0;;;0;;;0;;;;;;0;;;;;;;;;;;;;;;;
11203004;LEZIGNAN-CORBIERES;43.173000;2.728833;60;202205;4.8;1;31;;3.4;1;24;1;0;0;0;0;0;1017.4;1;31;1007.0;1;29;25.4;1;31;;32.7;1;18;18.7;1;24;0;17;1;0;1;19;1;14.3;1;31;;9.4;1;11;19.5;1;23;0;0;2;20;31;0;0;0;11.1;1;16.6;1;10;31;19.9;1;31;19.6;1;31;1;16.4;1;24;25.0;1;18;19;1;29;31;98;1;22;31;66;1;31;14.1;1;31;166.7;1;22.5;1;280;1;26;22;9;0;31;20.9;9;290;1;7;20;9;0;31;15.7;1;290;1;7;17;13;1;31;5.7;1;31;;;0;;;;;;0;;;0;;;0;;;;;;0;;;;;;;;;;;;;;;;
11203004;LEZIGNAN-CORBIERES;43.173000;2.728833;60;202206;44.8;1;30;;20.9;1;22;5;3;2;0;0;0;1015.0;1;30;1008.9;1;22;29.8;1;30;;41.3;1;17;22.9;1;30;0;27;13;3;0;9;8;18.4;1;30;;14.3;1;1;22.8;1;21;0;0;0;1;24;7;0;0;11.4;1;21.6;1;16;30;24.1;1;30;23.7;1;30;14;19.6;1;27;31.5;1;17;7;1;11;29;98;1;1;29;64;9;30;17.3;9;30;187.6;1;22.8;1;280;1;13;25;12;0;30;21.3;9;280;1;13;25;9;0;30;15.6;1;280;1;13;19;15;1;28;5.3;1;30;;;0;;;;;;0;;;0;;;0;;;;;;0;;;;;;;;;;;;;;;;
11203004;LEZIGNAN-CORBIERES;43.173000;2.728833;60;202207;6.2;1;31;;3.8;1;22;2;0;0;0;0;0;1017.5;1;31;1013.0;1;28;33.3;1;31;;40.8;1;16;26.8;1;1;0;31;26;9;0;1;19;19.5;1;31;;13.8;1;2;23.8;1;20;0;0;0;1;17;14;0;0;13.8;1;20.9;1;16;31;26.4;1;31;26.4;1;31;28;21.0;1;1;30.4;1;16;11;1;16;31;95;1;14;31;52;1;31;16.3;1;31;246.3;1;25.5;1;290;1;25;27;10;0;31;24.5;9;290;1;25;24;9;0;31;18.0;1;290;1;25;21;15;3;31;5.9;1;31;;;0;;;;;;0;;;0;;;0;;;;;;0;;;;;;;;;;;;;;;;
11203004;LEZIGNAN-CORBIERES;43.173000;2.728833;60;202208;0.8;1;31;;0.6;1;29;0;0;0;0;0;0;1013.7;1;31;1007.2;1;16;33.5;1;31;;41.1;1;12;26.0;1;17;0;31;26;8;0;1;21;20.6;1;31;;17.2;1;9;24.1;1;11;0;0;0;0;13;18;0;0;12.8;1;20.2;1;9;31;27.1;1;31;26.6;1;31;27;22.6;1;17;32.5;1;12;9;1;8;31;96;1;30;31;56;1;31;17.8;1;31;210.9;1;21.6;1;300;1;19;25;11;0;31;20.6;9;300;1;19;24;8;0;31;14.5;1;290;1;19;20;15;0;31;5.3;1;31;;;0;;;;;;0;;;0;;;0;;;;;;0;;;;;;;;;;;;;;;;
11203004;LEZIGNAN-CORBIERES;43.173000;2.728833;60;202209;23.8;1;30;;6.8;1;13;7;2;0;0;0;0;1013.8;1;30;1004.0;1;29;27.0;1;30;;33.6;1;1;20.0;1;30;0;21;6;0;1;11;1;16.2;1;30;;8.0;1;19;24.1;1;5;0;0;2;13;23;8;0;0;10.8;1;21.8;1;19;30;21.6;1;30;21.0;1;30;8;15.9;1;30;27.6;1;6;11;1;18;30;97;1;13;30;64;1;30;15.5;1;30;134.8;1;21.7;1;280;1;27;27;8;0;30;21.0;9;320;1;27;23;7;0;30;15.8;1;300;1;27;21;12;1;30;5.1;1;30;;;0;;;;;;0;;;0;;;0;;;;;;0;;;;;;;;;;;;;;;;
11203004;LEZIGNAN-CORBIERES;43.173000;2.728833;60;202210;4.4;1;31;;2.4;1;8;1;0;0;0;0;0;1020.1;1;31;1011.4;1;21;24.3;1;31;;28.2;1;2;21.1;1;29;0;12;0;0;0;27;0;15.7;1;31;;10.4;1;15;20.4;1;17;0;0;0;15;30;2;0;0;8.6;1;16.8;1;4;31;20.0;1;31;19.5;1;31;0;16.6;1;7;23.5;1;24;21;1;4;31;99;1;10;31;80;1;31;17.1;1;31;75.0;1;17.7;1;290;1;14;17;2;0;31;16.6;9;290;1;14;15;2;0;31;12.2;1;290;1;14;9;4;0;31;3.8;1;31;;;0;;;;;;0;;;0;;;0;;;;;;0;;;;;;;;;;;;;;;;
11203004;LEZIGNAN-CORBIERES;43.173000;2.728833;60;202211;45.2;1;30;;7.4;1;21;8;5;0;0;0;0;1017.0;1;30;1004.4;1;17;17.3;1;30;;24.3;1;2;11.5;1;21;0;0;0;0;21;30;0;9.3;1;30;;0.1;1;27;15.8;1;9;0;0;19;27;30;0;0;0;8.0;1;18.9;1;6;30;13.3;1;30;12.7;1;30;0;6.5;1;27;19.3;1;1;34;1;2;30;100;1;13;30;79;1;30;11.3;1;30;50.3;1;24.8;1;290;1;22;23;14;0;30;23.9;9;290;1;4;22;10;0;30;16.7;1;290;1;4;20;16;4;30;5.1;1;30;;;0;;;;;;0;;;0;;;0;;;;;;0;;;;;;;;;;;;;;;;
11203004;LEZIGNAN-CORBIERES;43.173000;2.728833;60;202212;21.4;1;31;;7.2;1;12;5;1;0;0;0;0;1015.3;1;31;997.5;1;15;13.5;1;31;;22.7;1;23;6.4;1;10;0;0;0;0;30;31;0;6.0;1;31;;-2.9;1;5;12.2;1;23;0;0;23;31;31;0;0;3;7.5;1;15.1;1;5;31;9.8;1;31;9.5;1;31;0;2.3;1;11;17.5;1;23;39;1;11;31;99;1;28;31;83;1;31;9.7;1;31;27.4;1;27.4;1;300;1;10;14;1;0;31;25.5;9;300;1;10;14;1;0;31;18.8;1;300;1;10;7;2;1;31;3.2;1;31;;;0;;;;;;0;;;0;;;0;;;;;;0;;;;;;;;;;;;;;;;
11203004;LEZIGNAN-CORBIERES;43.173000;2.728833;60;202301;54.8;1;31;;20.4;1;16;7;3;2;0;0;0;1021.0;1;31;991.6;1;17;10.5;1;31;;16.3;1;5;2.9;1;22;0;0;0;0;31;31;0;4.4;1;31;;-0.2;1;23;12.8;1;1;0;0;28;31;31;0;0;1;6.0;1;11.8;1;14;31;7.5;1;31;7.0;1;31;0;1.5;1;23;14.3;1;2;47;1;29;31;99;1;17;31;78;1;31;8.0;1;31;41.4;1;28.2;1;300;1;17;29;18;1;31;27.6;9;300;1;17;29;16;0;31;20.3;1;300;1;17;27;22;13;31;7.6;1;31;;;0;;;;;;0;;;0;;;0;;;;;;0;;;;;;;;;;;;;;;;
11203004;LEZIGNAN-CORBIERES;43.173000;2.728833;60;202302;33.6;1;28;;24.6;1;7;4;1;1;0;0;0;1026.1;1;28;1004.5;1;25;13.1;1;28;;21.8;1;18;3.5;1;27;0;0;0;0;25;28;0;3.8;1;28;;-3.4;1;11;9.4;1;19;0;0;28;28;28;0;0;5;9.3;1;18.1;1;17;28;8.4;1;28;8.0;1;28;0;1.5;1;27;14.9;1;19;27;1;26;28;100;1;16;28;73;1;28;7.6;1;28;53.9;1;25.9;1;280;1;5;21;11;0;28;24.6;9;280;1;26;21;11;0;28;18.9;1;300;1;4;21;13;5;28;5.7;1;28;;;0;;;;;;0;;;0;;;0;;;;;;0;;;;;;;;;;;;;;;;
11203004;LEZIGNAN-CORBIERES;43.173000;2.728833;60;202303;34.1;1;31;;10.6;1;13;5;4;2;0;0;0;1016.1;1;31;1007.3;1;8;16.7;1;31;;22.1;1;30;8.7;1;2;0;0;0;0;26;31;0;7.0;1;31;;-2.6;1;7;13.2;1;12;0;0;24;31;31;0;0;1;9.7;1;17.4;1;28;31;11.9;1;31;11.5;1;31;0;5.0;1;1;17.2;1;30;28;1;28;31;99;1;31;31;72;1;31;9.5;1;31;88.1;1;35.6;1;280;1;10;23;16;4;31;32.9;9;280;1;10;23;14;2;31;23.7;1;290;1;10;23;16;5;31;6.3;1;31;;;0;;;;;;0;;;0;;;0;;;;;;0;;;;;;;;;;;;;;;;
11203004;LEZIGNAN-CORBIERES;43.173000;2.728833;60;202304;27.6;1;30;;7.8;1;29;6;2;0;0;0;0;1015.7;1;30;1008.3;1;20;20.3;1;30;;25.9;1;29;14.4;1;13;0;3;0;0;13;30;0;9.0;1;30;;1.9;1;9;14.7;1;30;0;0;19;30;30;0;0;0;11.2;1;21.4;1;20;30;14.6;1;30;14.3;1;30;0;10.3;1;13;20.2;1;27;17;1;8;30;96;1;29;30;66;1;30;10.1;1;30;123.9;1;27.1;1;290;1;14;26;13;0;30;26.1;9;290;1;14;24;12;0;30;19.0;1;280;1;14;24;15;6;30;6.6;1;30;;;0;;;;;;0;;;0;;;0;;;;;;0;;;;;;;;;;;;;;;;
11203004;LEZIGNAN-CORBIERES;43.173000;2.728833;60;202305;69.8;1;31;;26.5;1;31;8;5;2;0;0;0;1016.4;1;31;1012.8;1;28;23.2;1;31;;30.2;1;29;18.5;1;13;0;7;1;0;7;27;0;13.0;1;31;;6.4;1;3;16.8;1;30;0;0;2;24;31;0;0;0;10.3;1;19.0;1;27;31;18.1;1;31;17.4;1;31;0;14.7;1;13;23.2;1;30;23;1;29;31;96;1;26;31;68;1;31;12.8;1;31;154.3;1;23.3;1;290;1;17;29;19;0;31;22.0;9;290;1;17;28;17;0;31;15.6;1;300;1;16;24;19;2;31;6.8;1;31;;;0;;;;;;0;;;0;;;0;;;;;;0;;;;;;;;;;;;;;;;
11203004;LEZIGNAN-CORBIERES;43.173000;2.728833;60;202306;39.7;1;30;;15.4;1;12;3;3;2;0;0;0;1014.5;1;30;1008.5;1;13;28.8;1;30;;35.9;1;25;25.4;1;1;0;30;10;1;0;9;2;18.4;1;30;;13.2;1;2;22.0;1;21;0;0;0;4;19;12;0;0;10.4;1;20.8;1;25;30;23.6;1;30;23.2;1;30;12;20.5;1;1;27.6;1;24;20;1;24;30;97;1;4;30;66;1;30;17.7;1;30;182.4;1;21.2;1;290;1;30;26;9;0;30;20.7;9;280;1;29;26;9;0;30;14.9;1;290;1;15;20;14;0;30;5.5;1;30;;;0;;;;;;0;;;0;;;0;;;;;;0;;;;;;;;;;;;;;;;
11203004;LEZIGNAN-CORBIERES;43.173000;2.728833;60;202307;15.0;1;31;;12.2;1;27;2;1;1;0;0;0;1015.6;1;31;1010.4;1;24;30.7;1;31;;36.1;1;10;25.0;1;25;0;31;18;2;0;1;6;19.7;1;31;;15.9;1;14;24.5;1;10;0;0;0;0;20;12;0;0;11.1;1;16.6;1;9;31;25.2;1;31;25.0;1;31;25;22.0;1;25;30.3;1;10;27;1;20;31;96;1;29;31;61;1;31;18.2;1;31;213.4;1;24.5;1;290;9;18;30;14;0;31;23.0;9;290;1;18;29;13;0;31;17.0;1;290;9;18;28;19;1;31;6.1;1;31;;;0;;;;;;0;;;0;;;0;;;;;;0;;;;;;;;;;;;;;;;
11203004;LEZIGNAN-CORBIERES;43.173000;2.728833;60;202308;10.6;1;31;;9.6;1;26;1;1;0;0;0;0;1015.4;1;31;1009.6;1;2;31.3;1;31;;42.9;1;23;21.1;1;27;0;28;17;7;0;8;13;19.3;1;31;;13.6;1;8;27.1;1;23;0;0;0;1;18;13;2;0;12.0;1;21.2;1;9;31;25.3;1;31;24.9;1;31;19;18.3;1;27;35.0;1;23;12;1;9;31;97;1;13;31;58;1;31;17.1;1;31;196.2;1;26.0;1;280;1;6;26;12;0;31;24.0;9;310;1;6;26;12;0;31;17.5;1;310;1;6;21;15;3;31;6.1;1;31;;;0;;;;;;0;;;0;;;0;;;;;;0;;;;;;;;;;;;;;;;
11203004;LEZIGNAN-CORBIERES;43.173000;2.728833;60;202309;20.0;1;30;;7.8;1;15;4;2;0;0;0;0;1016.7;1;30;1005.3;1;21;28.3;1;30;;33.6;1;29;23.1;1;20;0;26;8;0;0;9;2;16.2;1;30;;8.6;1;25;22.6;1;17;0;0;2;13;26;4;0;0;12.2;1;20.9;1;25;30;22.2;1;30;21.6;1;30;3;17.5;1;26;26.4;1;18;16;1;24;30;99;1;18;30;69;1;30;16.4;1;30;129.6;1;20.3;1;270;1;18;27;5;0;30;19.4;9;270;1;18;25;3;0;30;12.7;1;290;1;22;17;6;0;30;4.1;1;30;;;0;;;;;;0;;;0;;;0;;;;;;0;;;;;;;;;;;;;;;;
11203004;LEZIGNAN-CORBIERES;43.173000;2.728833;60;202310;10.8;1;31;;4.0;1;16;3;0;0;0;0;0;1013.2;1;31;990.5;1;20;24.5;1;31;;30.2;1;6;19.2;1;29;0;15;1;0;2;22;0;12.8;1;31;;5.2;1;28;20.5;1;3;0;0;11;21;30;1;0;0;11.7;1;21.8;1;9;31;18.7;1;31;18.1;1;31;0;12.8;1;28;24.0;1;3;24;1;4;31;99;1;30;31;71;1;31;13.8;1;31;86.8;1;22.5;1;280;1;20;21;7;0;31;19.8;9;280;1;20;20;6;0;31;13.7;1;280;9;26;19;10;0;31;3.7;1;31;;;0;;;;;;0;;;0;;;0;;;;;;0;;;;;;;;;;;;;;;;
11203004;LEZIGNAN-CORBIERES;43.173000;2.728833;60;202311;30.4;1;30;;9.2;1;11;9;2;0;0;0;0;1014.2;1;30;994.3;1;4;16.6;1;30;;26.0;1;14;9.9;1;23;0;1;0;0;25;30;0;7.6;1;30;;0.0;1;26;12.3;1;15;0;0;22;30;30;0;0;1;8.9;1;15.1;1;19;30;12.1;1;30;11.7;1;30;0;6.6;1;26;18.8;1;14;23;1;25;30;100;1;12;30;74;1;30;9.9;1;30;56.0;1;30.7;1;280;1;24;25;17;2;30;28.1;1;280;1;24;24;15;2;30;21.7;1;280;1;24;22;18;9;30;6.1;1;30;;;0;;;;;;0;;;0;;;0;;;;;;0;;;;;;;;;;;;;;;;
11203004;LEZIGNAN-CORBIERES;43.173000;2.728833;60;202312;15.0;1;31;;8.6;1;7;2;1;0;0;0;0;1021.1;1;31;998.5;1;1;13.7;1;31;;21.1;1;11;8.5;1;2;0;0;0;0;30;31;0;5.9;1;31;;-3.1;1;7;11.2;1;22;0;0;27;31;31;0;0;4;7.8;1;20.1;1;18;31;9.8;1;31;9.4;1;31;0;3.9;1;7;15.6;1;11;14;1;3;31;100;1;7;31;77;1;31;8.9;1;31;46.8;1;29.6;1;280;1;21;25;17;1;31;27.2;1;280;1;21;23;16;0;31;20.3;1;280;1;21;21;17;7;31;6.6;1;31;;;0;;;;;;0;;;0;;;0;;;;;;0;;;;;;;;;;;;;;;;
11203004;LEZIGNAN-CORBIERES;43.173000;2.728833;60;202401;22.4;1;31;;10.6;1;10;4;2;1;0;0;0;1021.3;1;31;998.2;1;17;12.8;1;31;;22.7;1;25;4.4;1;19;0;0;0;0;30;31;0;4.7;1;31;;-4.6;1;10;11.8;1;30;0;0;27;31;31;0;0;5;8.1;1;16.9;1;14;31;8.8;1;31;8.4;1;31;0;0.8;1;10;14.9;1;25;35;1;18;31;99;1;27;31;80;1;31;8.8;1;31;41.4;1;26.6;1;290;1;7;24;11;0;31;24.7;1;290;1;7;24;9;0;31;18.4;1;280;1;7;21;14;3;31;5.4;1;31;;;0;;;;;;0;;;0;;;0;;;;;;0;;;;;;;;;;;;;;;;
11203004;LEZIGNAN-CORBIERES;43.173000;2.728833;60;202402;36.6;1;29;;13.0;1;25;9;2;1;0;0;0;1017.4;1;29;990.0;1;10;15.0;1;29;;20.4;1;14;9.6;1;27;0;0;0;0;28;29;0;7.1;1;29;;1.3;1;25;11.6;1;16;0;0;24;29;29;0;0;0;8.0;1;16.4;1;14;29;11.1;1;29;10.5;1;29;0;5.8;1;25;13.4;1;17;36;1;21;29;99;1;26;29;75;1;29;9.1;1;29;62.8;1;28.4;1;290;1;27;26;17;1;29;24.9;1;290;1;27;26;16;0;29;18.9;1;290;1;27;24;17;11;29;7.2;1;29;;;0;;;;;;0;;;0;;;0;;;;;;0;;;;;;;;;;;;;;;;
11203004;LEZIGNAN-CORBIERES;43.173000;2.728833;60;202403;32.8;1;31;;10.4;1;25;4;4;1;0;0;0;1010.0;1;31;991.3;1;26;17.9;1;31;;25.9;1;22;10.1;1;3;0;3;0;0;21;31;0;7.4;1;31;;0.1;1;7;13.6;1;22;0;0;25;31;31;0;0;0;10.5;1;16.7;1;19;31;12.7;1;31;12.2;1;31;0;6.3;1;7;19.8;1;22;26;1;4;31;100;1;9;31;72;1;31;9.4;1;31;93.3;1;26.6;1;280;1;11;28;17;0;31;23.9;1;280;1;11;26;15;0;31;18.1;1;280;1;11;24;19;6;31;5.7;1;31;;;0;;;;;;0;;;0;;;0;;;;;;0;;;;;;;;;;;;;;;;
11203004;LEZIGNAN-CORBIERES;43.173000;2.728833;60;202404;67.2;1;30;;28.6;1;29;9;4;3;0;0;0;1017.7;1;30;1004.8;1;27;19.2;1;30;;30.6;1;13;13.0;1;29;0;3;1;0;21;27;0;9.2;1;30;;3.4;1;21;14.1;1;8;0;0;17;30;30;0;0;0;10.0;1;20.8;1;14;30;14.2;1;30;14.0;1;30;0;10.0;1;23;20.6;1;13;8;1;19;30;98;1;30;30;65;1;30;9.8;1;30;118.2;1;25.0;1;260;1;16;26;15;0;30;22.7;1;300;1;15;24;14;0;30;16.6;1;290;1;10;22;14;8;30;6.7;1;30;;;0;;;;;;0;;;0;;;0;;;;;;0;;;;;;;;;;;;;;;;
11203004;LEZIGNAN-CORBIERES;43.173000;2.728833;60;202405;51.0;1;31;;16.2;1;17;9;3;2;0;0;0;1014.5;1;31;1006.4;1;1;21.8;1;31;;27.1;1;29;14.2;1;1;0;3;0;0;7;30;0;12.0;1;31;;4.2;1;3;17.4;1;30;0;0;8;28;31;0;0;0;9.9;1;18.0;1;3;31;16.9;1;31;16.6;1;31;0;11.7;1;1;21.9;1;29;25;1;9;31;99;1;1;31;71;1;31;12.4;1;31;137.4;1;24.4;1;300;1;8;28;9;0;31;21.5;1;300;1;8;27;7;0;31;16.2;1;280;1;1;20;13;2;31;5.5;1;31;;;0;;;;;;0;;;0;;;0;;;;;;0;;;;;;;;;;;;;;;;
11203004;LEZIGNAN-CORBIERES;43.173000;2.728833;60;202406;9.2;1;30;;3.6;1;19;4;0;0;0;0;0;1014.5;1;30;1007.3;1;9;27.3;1;30;;35.4;1;27;22.8;1;17;0;24;5;1;0;16;2;16.8;1;30;;12.3;1;16;22.4;1;28;0;0;0;5;27;4;0;0;10.5;1;17.2;1;16;30;22.0;1;30;21.5;1;30;5;19.2;1;1;28.1;1;28;20;1;13;30;98;1;29;30;65;1;30;15.9;1;30;176.3;1;23.2;1;280;1;9;26;15;0;30;21.2;1;280;1;9;24;11;0;30;15.5;1;280;1;9;21;16;1;30;6.0;1;30;;;0;;;;;;0;;;0;;;0;;;;;;0;;;;;;;;;;;;;;;;
11203004;LEZIGNAN-CORBIERES;43.173000;2.728833;60;202407;20.2;1;31;;10.4;1;6;5;1;1;0;0;0;1014.9;1;31;1007.9;1;20;30.8;1;31;;37.7;1;30;22.5;1;6;0;29;16;5;0;7;14;19.2;1;31;;14.9;1;8;23.2;1;31;0;0;0;2;19;12;0;0;11.6;1;18.4;1;30;31;25.0;1;31;24.8;1;31;17;20.2;1;6;29.7;1;31;22;1;30;31;95;1;15;31;60;1;31;17.2;1;31;210.9;1;26.3;1;300;9;21;30;15;0;31;24.1;1;300;1;21;29;10;0;31;17.7;1;290;9;21;21;16;4;31;5.8;1;31;;;0;;;;;;0;;;0;;;0;;;;;;0;;;;;;;;;;;;;;;;
11203004;LEZIGNAN-CORBIERES;43.173000;2.728833;60;202408;38.8;1;31;;20.1;1;13;6;3;1;0;0;0;1014.7;1;31;1010.2;1;13;31.6;1;31;;38.3;1;10;24.6;1;14;0;30;21;6;0;2;13;20.4;1;31;;14.8;1;27;24.7;1;1;0;0;0;1;12;19;0;0;11.2;1;19.6;1;22;31;26.0;1;31;25.5;1;31;23;21.5;1;15;30.4;1;10;13;1;5;31;98;1;30;31;60;1;31;18.5;1;31;210.4;1;27.3;1;240;1;13;30;17;0;31;24.5;1;240;1;13;28;13;0;31;16.1;1;290;1;15;24;17;1;31;6.4;1;31;;;0;;;;;;0;;;0;;;0;;;;;;0;;;;;;;;;;;;;;;;
11203004;LEZIGNAN-CORBIERES;43.173000;2.728833;60;202409;24.8;1;30;;9.7;1;22;4;2;0;0;0;0;1015.3;1;30;1006.7;1;26;24.2;1;30;;33.2;1;2;19.6;1;27;0;10;1;0;1;26;1;15.1;1;30;;6.6;1;29;21.8;1;1;0;0;1;12;27;3;0;0;9.1;1;17.2;1;30;30;19.7;1;30;19.0;1;30;1;14.3;1;29;25.9;1;2;24;1;2;30;98;1;26;30;69;1;30;14.7;1;30;124.5;1;27.6;1;280;1;16;26;15;0;30;25.2;1;280;1;16;26;14;0;30;18.8;1;290;1;16;23;16;3;30;6.5;1;30;;;0;;;;;;0;;;0;;;0;;;;;;0;;;;;;;;;;;;;;;;
11203004;LEZIGNAN-CORBIERES;43.173000;2.728833;60;202410;75.6;1;31;;19.5;1;7;9;4;3;0;0;0;1016.0;1;31;998.7;1;9;21.1;1;31;;27.1;1;20;15.5;1;6;0;3;0;0;10;30;0;14.0;1;31;;6.2;1;5;18.9;1;16;0;0;1;21;31;0;0;0;7.1;1;15.7;1;5;31;17.5;1;31;17.0;1;31;0;13.9;1;6;22.3;1;16;32;1;5;31;100;1;30;31;83;1;31;15.5;1;31;65.6;1;44.0;0;220;1;7;20;9;1;31;41.2;0;;0;7;18;7;1;31;15.3;1;280;1;18;17;10;2;30;4.6;1;31;;;0;;;;;;0;;;0;;;0;;;;;;0;;;;;;;;;;;;;;;;
11203004;LEZIGNAN-CORBIERES;43.173000;2.728833;60;202411;18.2;1;30;;5.2;1;21;4;1;0;0;0;0;1021.7;1;30;1005.3;1;21;16.4;1;30;;21.3;1;1;10.1;1;22;0;0;0;0;27;30;0;8.2;1;30;;-1.2;1;23;16.4;1;5;0;0;19;28;30;0;0;1;8.2;1;15.9;1;28;30;12.3;1;30;12.0;1;30;0;4.8;1;23;18.0;1;25;46;1;28;30;100;1;30;30;84;1;30;11.5;1;30;39.6;1;30.7;1;290;9;21;18;11;1;30;27.2;1;290;1;21;16;10;0;30;19.7;1;290;9;21;14;13;3;30;4.6;1;30;;;0;;;;;;0;;;0;;;0;;;;;;0;;;;;;;;;;;;;;;;
11203004;LEZIGNAN-CORBIERES;43.173000;2.728833;60;202412;29.0;1;31;;10.4;1;12;5;3;1;0;0;0;1025.3;1;31;1011.7;1;8;12.3;1;31;;17.8;1;6;7.7;1;10;0;0;0;0;31;31;0;5.0;1;31;;-2.3;1;28;11.4;1;6;0;0;29;31;31;0;0;2;7.3;1;17.4;1;28;31;8.7;1;31;8.1;1;31;0;5.7;1;27;14.6;1;6;38;1;5;31;100;1;31;31;81;1;31;8.5;1;31;39.5;1;28.1;1;300;1;22;21;16;1;31;25.8;1;300;1;22;21;16;0;31;18.3;1;280;1;22;20;19;9;31;6.2;1;31;;;0;;;;;;0;;;0;;;0;;;;;;0;;;;;;;;;;;;;;;;
11069001;CARCASSONNE;43.215333;2.295500;128;202501;43.9;1;31;;12.5;1;28;6;3;2;0;0;0;1019.3;1;31;1003.9;1;27;11.8;1;31;;19.5;1;10;3.6;1;13;0;0;0;0;31;31;0;3.4;1;31;;-3.8;1;17;10.1;1;22;0;0;30;31;31;0;0;6;8.4;1;16.9;1;17;31;7.6;1;31;7.5;1;31;0;1.1;1;13;13.6;1;27;35;1;19;31;100;1;9;31;83;1;31;8.3;1;31;32.9;1;22.6;1;290;1;9;26;8;0;31;21.6;1;290;1;9;25;6;0;31;13.4;1;280;1;9;19;9;0;31;4.0;1;31;7069;9;31;2;9;5;18527;9;31;;;0;;;0;;;;;;0;0;;;;;0;9;0;9;;0;0;0;;1;3
11069001;CARCASSONNE;43.215333;2.295500;128;202502;11.8;1;28;;5.2;1;25;3;1;0;0;0;0;1022.3;1;28;1014.2;1;16;14.2;1;28;;19.4;1;23;10.6;1;9;0;0;0;0;28;28;0;5.2;1;28;;-2.7;1;9;11.0;1;11;0;0;22;28;28;0;0;4;9.0;1;17.3;1;16;28;9.7;1;28;9.3;1;28;0;4.0;1;9;13.6;1;23;40;1;6;28;98;1;28;28;79;1;28;9.1;1;28;43.3;1;23.0;1;80;1;7;20;3;0;28;21.1;1;80;1;7;17;3;0;28;15.1;1;80;1;7;12;3;1;28;4.2;1;28;7862;9;28;3;9;8;24867;9;28;;;0;;;0;;;;;;0;0;;;;;0;9;0;9;;0;0;0;;0;1
11069001;CARCASSONNE;43.215333;2.295500;128;202503;87.9;1;31;;31.9;1;23;8;6;3;1;0;0;1014.4;1;31;998.8;1;9;14.8;1;31;;20.0;1;31;10.1;1;14;0;0;0;0;31;31;0;7.3;1;31;;0.9;1;1;11.4;1;9;0;0;26;31;31;0;0;0;7.5;1;12.8;1;31;31;11.0;1;31;10.5;1;31;0;6.7;1;15;14.5;1;22;32;1;4;31;99;1;24;31;78;1;31;9.6;1;31;67.8;1;21.8;1;90;1;21;27;13;0;31;20.1;1;300;1;29;26;10;0;31;13.8;1;80;1;21;22;14;0;31;5.6;1;31;7838;9;31;3;16;5;33274;9;31;;;0;;;0;;;;;;0;0;;;;;0;9;0;9;;0;0;0;;2;1
11069001;CARCASSONNE;43.215333;2.295500;128;202504;49.3;1;30;;15.3;1;15;7;4;2;0;0;0;1015.0;1;30;1003.5;1;19;19.4;1;30;;23.5;1;6;15.0;1;16;0;0;0;0;20;30;0;9.6;1;30;;2.4;1;1;13.6;1;30;0;0;14;30;30;0;0;0;9.8;1;17.1;1;20;30;14.5;1;30;14.0;1;30;0;10.7;1;1;18.3;1;30;22;1;1;30;100;1;20;30;77;1;30;11.6;1;30;105.7;1;21.8;1;90;9;2;30;12;0;30;20.1;1;100;1;2;29;8;0;30;13.9;1;80;1;2;23;12;0;30;5.6;1;30;11769;9;30;0;8;7;52546;9;30;;;0;;;0;;;;;;0;0;;;;;0;9;0;9;;0;0;0;;2;2
11069001;CARCASSONNE;43.215333;2.295500;128;202505;56.2;1;31;;24.2;1;19;5;3;2;0;0;0;1016.5;1;31;1008.8;1;4;23.1;1;31;;34.0;1;31;15.8;1;6;0;6;2;0;4;28;2;12.2;1;31;;6.3;1;8;16.7;1;29;0;0;7;28;31;0;0;0;10.9;1;20.1;1;30;31;17.7;1;31;17.2;1;31;2;11.7;1;6;24.3;1;31;27;1;30;31;98;1;14;31;70;1;31;12.9;1;31;143.4;1;20.1;1;80;1;2;27;10;0;31;19.3;1;80;1;2;26;5;0;31;13.2;1;80;1;2;18;8;0;31;4.8;1;31;15412;9;31;0;5;11;67305;9;31;;;0;;;0;;;;;;0;0;;;;;0;9;0;9;;0;0;0;;4;0
11069001;CARCASSONNE;43.215333;2.295500;128;202506;19.6;1;30;;6.6;1;1;5;2;0;0;0;0;1018.2;1;30;1013.1;1;25;31.1;1;30;;39.9;1;30;20.2;1;2;0;25;16;9;0;8;15;17.4;1;30;;11.4;1;10;22.3;1;25;0;0;0;7;22;9;0;0;13.8;1;24.0;1;10;30;24.3;1;30;24.2;1;30;16;18.5;1;4;30.6;1;30;11;1;21;30;97;1;3;30;63;1;30;16.7;1;30;183.8;1;18.6;1;80;1;25;23;5;0;30;16.5;1;80;1;13;21;3;0;30;11.8;1;80;1;13;8;3;0;30;3.6;1;30;17532;9;30;0;3;12;71962;9;30;;;0;;;0;;;;;;0;0;;;;;0;9;0;9;;0;0;0;;1;0
11069001;CARCASSONNE;43.215333;2.295500;128;202507;19.3;1;31;;9.3;1;12;3;2;0;0;0;0;1016.7;1;31;1007.4;1;20;30.5;1;31;;39.8;1;1;25.4;1;23;0;31;15;4;0;4;10;17.8;1;31;;10.9;1;9;22.9;1;5;0;0;0;3;24;7;0;0;12.7;1;23.0;1;10;31;24.2;1;31;23.8;1;31;12;20.6;1;23;30.1;1;1;16;1;17;31;98;1;13;31;58;1;31;15.9;1;31;198.9;1;19.1;1;290;1;7;30;4;0;31;17.3;1;290;1;7;25;1;0;31;12.1;1;300;1;7;16;1;0;31;4.4;1;31;18031;9;31;0;1;13;73104;9;31;;;0;;;0;;;;;;0;0;;;;;0;9;0;9;;0;0;0;;3;1
11069001;CARCASSONNE;43.215333;2.295500;128;202508;64.2;1;31;;23.2;1;31;6;4;3;0;0;0;1015.7;1;31;1010.3;1;27;32.3;1;31;;42.4;1;11;21.9;1;28;0;28;19;10;0;5;14;18.5;1;31;;11.5;1;24;22.9;1;10;0;0;0;3;22;9;0;0;13.8;1;22.8;1;24;31;25.4;1;31;24.8;1;31;16;17.1;1;29;31.9;1;12;14;1;11;31;97;1;30;31;60;1;31;16.6;1;31;181.5;1;17.3;1;80;1;31;27;4;0;31;16.2;1;60;1;31;25;1;0;31;11.3;1;80;1;31;11;1;0;31;3.9;1;31;16248;9;31;0;4;13;61764;9;31;;;0;;;0;;;;;;0;0;;;;;0;9;0;9;;0;0;0;;4;1
11069001;CARCASSONNE;43.215333;2.295500;128;202509;19.6;1;30;;9.4;1;21;4;2;0;0;0;0;1019.1;1;30;1013.1;1;10;24.1;1;30;;32.6;1;18;14.8;1;24;0;13;2;0;4;23;1;13.8;1;30;;4.2;1;27;22.2;1;20;0;0;5;18;28;2;0;0;10.3;1;24.6;1;18;30;19.0;1;30;18.4;1;30;0;12.2;1;24;24.2;1;20;13;1;17;30;99;1;17;30;72;1;30;14.6;1;30;105.8;1;18.5;1;70;1;6;25;5;0;30;16.1;1;70;1;6;24;2;0;30;11.3;1;80;1;20;9;6;0;30;4.0;1;30;11733;9;30;2;8;9;45234;9;30;;;0;;;0;;;;;;0;0;;;;;0;9;0;9;;0;0;0;;1;1
11069001;CARCASSONNE;43.215333;2.295500;128;202510;20.3;1;31;;6.6;1;22;3;2;0;0;0;0;1018.2;1;31;1007.2;1;21;22.3;1;31;;27.0;1;7;15.1;1;26;0;6;0;0;7;31;0;10.5;1;31;;5.7;1;7;15.5;1;14;0;0;13;29;31;0;0;0;11.8;1;21.3;1;7;31;16.4;1;31;15.7;1;31;0;13.1;1;26;20.1;1;4;20;1;2;31;99;1;21;31;74;1;31;12.4;1;31;79.2;1;26.6;1;280;1;23;20;4;0;31;23.7;1;280;1;23;18;3;0;31;13.8;1;280;1;23;11;3;0;31;3.5;1;31;12000;9;31;0;4;12;36463;9;31;;;0;;;0;;;;;;0;0;;;;;0;9;0;9;;0;0;0;;0;0
11069001;CARCASSONNE;43.215333;2.295500;128;202511;79.3;1;30;;46.4;1;6;9;4;1;1;0;0;1016.5;1;30;1006.7;1;14;14.8;1;30;;22.3;1;1;6.6;1;21;0;0;0;0;28;30;0;7.6;1;30;;0.8;1;23;17.2;1;14;0;0;19;26;30;0;0;0;7.3;1;14.4;1;10;30;11.2;1;30;10.7;1;30;0;4.2;1;21;19.7;1;1;45;1;16;30;100;1;30;30;83;1;30;10.7;1;30;41.4;1;21.9;1;90;1;14;26;11;0;30;19.1;1;90;1;14;26;8;0;30;13.0;1;80;1;14;19;11;0;30;4.9;1;30;7540;9;30;2;10;6;19756;9;30;;;0;;;0;;;;;;0;1;;;;;0;9;0;9;;0;0;0;;1;4
11069001;CARCASSONNE;43.215333;2.295500;128;202512;65.2;1;31;;24.6;1;23;10;3;2;0;0;0;1017.3;1;31;1003.4;1;21;12.8;1;31;;18.3;1;7;5.4;1;22;0;0;0;0;31;31;0;6.4;1;31;;0.4;1;31;12.9;1;9;0;0;24;31;31;0;0;0;6.4;1;15.5;1;8;31;9.6;1;31;9.3;1;31;0;3.1;1;31;14.7;1;19;47;1;28;31;100;1;29;31;87;1;31;10.1;1;31;26.5;1;20.0;1;80;1;9;22;6;0;31;18.2;1;80;1;9;20;4;0;31;12.2;1;80;1;18;18;6;0;31;4.1;1;31;3722;9;18;0;7;3;8995;9;18;;;0;;;0;;;;;;0;0;;;;;0;9;0;9;;0;0;0;;1;6
11203004;LEZIGNAN-CORBIERES;43.173000;2.728833;60;202501;17.2;1;31;;6.0;1;27;5;1;0;0;0;0;1018.6;1;31;1003.5;1;27;12.5;1;31;;19.8;1;10;4.6;1;13;0;0;0;0;31;31;0;4.5;1;31;;-2.3;1;17;10.4;1;22;0;0;29;31;31;0;0;3;8.0;1;16.2;1;17;31;8.5;1;31;8.3;1;31;0;2.3;1;13;13.1;1;10;28;1;18;31;100;1;30;31;79;1;31;8.4;1;31;40.7;1;26.9;1;290;1;12;23;16;0;31;25.4;1;290;1;12;21;13;0;31;18.8;1;290;1;12;20;16;7;31;5.2;1;31;;;0;;;;;;0;;;0;;;0;;;;;;0;;;;;;;;;;;;;;;;
11203004;LEZIGNAN-CORBIERES;43.173000;2.728833;60;202502;12.8;1;28;;3.2;1;22;4;0;0;0;0;0;1021.9;1;28;1014.0;1;16;14.5;1;28;;17.1;1;16;11.4;1;8;0;0;0;0;28;28;0;5.7;1;28;;-2.4;1;9;10.9;1;11;0;0;23;28;28;0;0;4;8.8;1;18.2;1;16;28;10.1;1;28;9.9;1;28;0;4.7;1;9;13.7;1;11;33;1;4;28;100;1;19;28;77;1;28;9.0;1;28;48.6;1;23.2;1;280;1;25;21;9;0;28;22.1;1;280;1;25;20;7;0;28;16.6;1;290;1;25;18;11;2;28;4.9;1;28;;;0;;;;;;0;;;0;;;0;;;;;;0;;;;;;;;;;;;;;;;
11203004;LEZIGNAN-CORBIERES;43.173000;2.728833;60;202503;60.2;1;31;;15.8;1;9;13;4;2;0;0;0;1014.2;1;31;999.3;1;9;15.0;1;31;;20.5;1;31;10.8;1;13;0;0;0;0;30;31;0;7.6;1;31;;0.8;1;3;11.8;1;21;0;0;23;31;31;0;0;0;7.4;1;13.3;1;18;31;11.3;1;31;11.0;1;31;0;7.3;1;3;15.4;1;31;32;1;1;31;98;1;22;31;76;1;31;9.6;1;31;73.8;1;29.6;1;290;1;29;27;14;1;31;27.2;1;290;1;29;25;12;0;31;19.7;1;290;1;29;20;16;5;31;6.6;1;31;;;0;;;;;;0;;;0;;;0;;;;;;0;;;;;;;;;;;;;;;;
11203004;LEZIGNAN-CORBIERES;43.173000;2.728833;60;202504;30.8;1;30;;13.0;1;19;6;3;1;0;0;0;1014.8;1;30;1002.9;1;15;19.2;1;30;;24.9;1;25;16.1;1;15;0;0;0;0;21;30;0;10.0;1;30;;2.2;1;20;14.0;1;12;0;0;12;30;30;0;0;0;9.2;1;17.9;1;20;30;14.6;1;30;14.5;1;30;0;10.4;1;1;18.2;1;28;27;1;1;30;98;1;20;30;76;1;30;11.5;1;30;108.5;1;26.3;1;300;1;17;28;15;0;30;24.0;1;300;1;17;27;13;0;30;16.5;1;290;1;17;24;16;1;30;6.0;1;30;;;0;;;;;;0;;;0;;;0;;;;;;0;;;;;;;;;;;;;;;;
11203004;LEZIGNAN-CORBIERES;43.173000;2.728833;60;202505;43.0;1;31;;19.9;1;11;4;3;2;0;0;0;1015.9;1;31;1008.4;1;4;23.6;1;31;;32.3;1;30;17.6;1;6;0;7;3;0;6;26;3;13.1;1;31;;7.3;1;8;18.0;1;29;0;0;4;25;31;0;0;0;10.5;1;17.0;1;18;31;18.4;1;31;18.2;1;31;3;13.4;1;6;25.1;1;29;27;1;30;31;96;1;14;31;66;1;31;12.9;1;31;163.3;1;22.8;1;280;1;16;27;17;0;31;21.2;1;300;1;22;25;13;0;31;14.7;1;280;1;15;23;18;0;31;6.4;1;31;;;0;;;;;;0;;;0;;;0;;;;;;0;;;;;;;;;;;;;;;;
11203004;LEZIGNAN-CORBIERES;43.173000;2.728833;60;202506;7.6;1;30;;4.4;1;1;3;0;0;0;0;0;1017.7;1;30;1013.3;1;25;32.1;1;30;;40.4;1;29;20.4;1;2;0;28;19;10;0;6;16;19.1;1;30;;13.1;1;10;25.3;1;29;0;0;0;3;15;15;2;0;13.0;1;20.6;1;10;30;25.6;1;30;25.5;1;30;19;19.5;1;2;32.9;1;29;9;1;9;30;97;1;3;30;58;1;30;16.7;1;30;207.8;1;23.6;1;280;9;1;27;9;0;30;21.5;1;290;1;1;24;6;0;30;15.2;1;280;9;1;19;11;2;30;4.7;1;30;;;0;;;;;;0;;;0;;;0;;;;;;0;;;;;;;;;;;;;;;;
11203004;LEZIGNAN-CORBIERES;43.173000;2.728833;60;202507;71.4;1;31;;59.5;1;12;5;2;1;1;1;0;1015.8;1;31;1006.9;1;20;31.1;1;31;;40.6;1;1;23.7;1;12;0;30;15;5;0;2;11;19.3;1;31;;13.9;1;9;25.4;1;5;0;0;0;3;21;10;1;0;11.7;1;19.9;1;10;31;25.2;1;31;25.0;1;31;18;21.5;1;12;31.3;1;1;15;1;10;31;96;1;13;31;55;1;31;16.2;1;31;230.6;1;22.2;1;310;1;7;31;18;0;31;21.1;1;280;1;7;29;13;0;31;14.4;1;290;1;26;23;19;0;30;6.6;1;31;;;0;;;;;;0;;;0;;;0;;;;;;0;;;;;;;;;;;;;;;;
11203004;LEZIGNAN-CORBIERES;43.173000;2.728833;60;202508;14.0;1;31;;6.6;1;27;2;1;0;0;0;0;1015.1;1;31;1010.0;1;28;32.2;1;31;;40.4;1;12;23.3;1;28;0;29;19;9;0;4;13;19.7;1;31;;12.6;1;24;25.1;1;16;0;0;0;2;16;16;1;0;12.5;1;19.8;1;15;31;25.9;1;31;25.6;1;31;20;19.3;1;29;32.6;1;16;13;1;4;31;96;1;28;31;57;1;31;16.8;1;31;203.0;1;23.4;1;300;1;3;28;14;0;31;21.5;1;260;1;31;23;12;0;31;15.0;1;280;1;21;21;17;1;31;5.4;1;31;;;0;;;;;;0;;;0;;;0;;;;;;0;;;;;;;;;;;;;;;;
11203004;LEZIGNAN-CORBIERES;43.173000;2.728833;60;202509;22.7;1;30;;14.9;1;21;3;1;1;0;0;0;1018.5;1;30;1011.9;1;10;24.9;1;30;;33.8;1;17;17.1;1;24;0;16;3;0;3;22;1;14.8;1;30;;4.3;1;27;21.6;1;20;0;0;2;15;28;2;0;0;10.1;1;20.8;1;17;30;19.8;1;30;19.4;1;30;0;12.7;1;27;23.7;1;15;11;1;17;30;98;1;14;30;68;1;30;14.6;1;30;123.2;1;22.3;1;290;9;10;27;13;0;30;20.4;1;290;1;10;25;9;0;30;14.9;1;280;1;23;24;15;0;30;5.6;1;30;;;0;;;;;;0;;;0;;;0;;;;;;0;;;;;;;;;;;;;;;;
11203004;LEZIGNAN-CORBIERES;43.173000;2.728833;60;202510;8.2;1;31;;3.2;1;21;4;0;0;0;0;0;1017.7;1;31;1006.8;1;21;22.7;1;31;;27.0;1;4;16.3;1;26;0;6;0;0;5;31;0;11.2;1;31;;6.8;1;3;18.0;1;4;0;0;12;27;31;0;0;0;11.5;1;19.8;1;3;31;16.9;1;31;16.4;1;31;0;14.1;1;18;22.5;1;4;24;1;6;31;97;1;23;31;70;1;31;12.3;1;31;90.3;1;29.0;1;290;1;23;20;8;1;31;24.9;1;280;1;23;18;8;0;31;17.8;1;280;1;23;17;13;1;31;4.6;1;31;;;0;;;;;;0;;;0;;;0;;;;;;0;;;;;;;;;;;;;;;;
11203004;LEZIGNAN-CORBIERES;43.173000;2.728833;60;202511;47.8;1;30;;36.6;1;6;5;1;1;1;0;0;1015.9;1;30;1006.2;1;24;15.4;1;30;;22.0;1;15;6.8;1;21;0;0;0;0;27;30;0;8.5;1;30;;1.9;1;21;17.5;1;14;0;0;18;26;30;0;0;0;6.9;1;14.3;1;4;30;11.9;1;30;11.5;1;30;0;4.4;1;21;19.2;1;1;41;1;22;30;98;1;24;30;78;1;30;10.7;1;30;51.5;1;27.3;1;300;1;26;25;18;0;30;25.2;1;300;1;26;25;12;0;30;18.6;1;300;1;18;24;21;4;30;6.4;1;30;;;0;;;;;;0;;;0;;;0;;;;;;0;;;;;;;;;;;;;;;;
11203004;LEZIGNAN-CORBIERES;43.173000;2.728833;60;202512;221.5;1;31;;137.9;1;15;9;6;5;1;1;1;1017.0;1;31;1004.1;1;21;13.5;1;31;;19.7;1;7;6.5;1;22;0;0;0;0;31;31;0;7.2;1;31;;1.9;1;14;13.0;1;12;0;0;23;31;31;0;0;0;6.3;1;14.3;1;8;31;10.3;1;31;10.1;1;31;0;4.7;1;31;14.5;1;7;34;1;1;31;99;1;15;31;84;1;31;10.3;1;31;30.2;1;23.7;1;280;1;24;24;7;0;31;22.3;1;280;1;24;22;5;0;30;16.2;1;280;1;24;19;8;2;30;4.8;1;31;;;0;;;;;;0;;;0;;;0;;;;;;0;;;;;;;;;;;;;;;;
